source_run,dataset,mode,crypto_mode,kem_scheme,sig_scheme,n_sequences,total_frames,verification_rows,all_verification_ok,signature_failure_count_sum,decrypt_failure_count_sum,payload_sha256_match_all,fps,mAP_50,mAP_75,mAP_50_95,precision,recall,f1,unique_recall,edge_gpu_power_w,edge_gpu_util,edge_cpu_pct,edge_ram_mb,server_gpu_power_w,server_gpu_util,server_cpu_pct,server_ram_mb,server_gpu_energy_j,net_upload_MB,pre_crypto_upload_MB,net_download_MB,pre_crypto_download_MB,crypto_expansion_ratio,net_avg_rtt_ms,net_avg_server_ms,handshake_ms_client,handshake_ms_server,handshake_rtt_ms,avg_sign_ec_ms,avg_sign_pq_ms,avg_encrypt_ms,avg_decrypt_ms,avg_verify_ec_ms,avg_verify_pq_ms,avg_server_decrypt_ms,avg_server_verify_ec_ms,avg_server_verify_pq_ms,avg_server_sign_ec_ms,avg_server_sign_pq_ms,avg_server_encrypt_ms,sign_pq_p50_ms,sign_pq_p95_ms,sign_pq_p99_ms,encrypt_p50_ms,encrypt_p95_ms,encrypt_p99_ms,rtt_p50_ms,rtt_p95_ms,rtt_p99_ms,sign_pct,encrypt_pct,network_pct,throughput_mbps,goodput_mbps,chunk_rate_hz,bandwidth_overhead_pct
20260521_115251_cloud_baseline_ua_detrac_full_suite,ua_detrac,cloud_baseline,pqc,BIKE-L1,Falcon-1024,40,56340,40,True,0,0,True,13.959988188571979,0.7887680386454994,0.7158171727294926,0.5873132677927454,0.5457326158022751,0.9028867921281105,0.6604934107733423,0.995519413376781,5.8929936684760325,0.0040626565136322205,6.5846484536255145,798.8103809221735,47.998619095065074,7.58604227180115,0.3048381756120448,1687.1412982320471,5573.258439393891,344.6294375419617,191.9669578075409,11.298150157928466,4.468115782737732,1.7958217608057794,39.60610287196395,22.303451404288026,106.87589622248197,21.142700174823403,52.34927504789084,0.6162890776497331,2.7804190386680694,4.847872235583446,0.33465356120704703,0.5744870111045659,0.565716976454338,1.4956262138549057,0.43482860524772954,0.4719020392537672,0.08517704947321382,0.5901587686868666,0.12414402097121455,2.780034241004614,3.216264537841198,3.328398224504781,4.932513234962244,5.579135609295918,5.863477964521735,14.031624473226774,15.097129028525364,15.675990257514684,19.094564571568952,21.683287452188196,59.222147976242866,6.369778428853531,3.5152862313956112,25.270373533357947,81.29448329348489
20260521_115251_cloud_baseline_ua_detrac_full_suite,ua_detrac,cloud_baseline,pqc,BIKE-L1,Falcon-512,40,56340,40,True,0,0,True,14.20895435075065,0.7887680386454996,0.7158171727294926,0.5873132677927453,0.5457326158022753,0.9028867921281108,0.660493410773342,0.9955194133767812,5.8861522924385925,0.005445553749813852,6.529194449258327,818.9051956752173,47.835379032634926,7.694838241681801,0.30729285120766764,1774.453920676034,5458.492345537086,343.1592761993408,191.9669578075409,9.82807035446167,4.468127942085266,1.7879145170207764,39.41148888828822,22.38830705752667,94.34330825606594,7.807825226336718,39.87260990252253,0.6071459880525324,2.0933288189601735,4.846493368237221,0.3216535866286584,0.5801844579181157,0.45578571338435053,1.498049609971411,0.43711977303479477,0.4222475974617752,0.08684519213807665,0.3352286364107902,0.11388257607416152,2.0635747903725132,2.434460720833158,2.5364479106792714,4.878326203470351,5.61049588926835,5.912809040382854,14.052396211363327,15.131727711038536,15.712830574827914,16.257347250159505,22.360893537499575,61.38175921234091,6.349385905496128,3.5332978405802296,25.397109539806117,79.75342206119774
20260521_115251_cloud_baseline_ua_detrac_full_suite,ua_detrac,cloud_baseline,pqc,BIKE-L1,Falcon-padded-1024,40,56340,40,True,0,0,True,13.906178706492435,0.7887680386454994,0.7158171727294926,0.5873132677927454,0.5457326158022751,0.9028867921281105,0.6604934107733423,0.995519413376781,5.861184146979146,0.006553292073878679,6.465595944503612,845.2189393810434,47.93254073054432,7.604516280584052,0.31118000068306045,1727.091553456058,5569.492903712417,344.6516624450684,191.9669578075409,11.3203839302063,4.468121576309204,1.7959412571599067,40.550019089599274,23.123782178134782,106.21646326762857,20.75444762594998,51.773946078901645,0.6009138944486516,2.7452600309363264,4.795856804524428,0.3384554106254939,0.5777887997922263,0.5385619303990293,1.4963149704181278,0.43881943573873167,0.4685009339446807,0.08797706244502679,0.5992783765116136,0.1266093620541618,2.6812511903699487,3.16293462041358,3.285957034895546,4.820559576182859,5.500272619028692,5.7872895595792215,14.090431511281944,15.159164672668918,15.727680800770287,18.79794083248668,21.504697075300392,59.69736209221295,6.235643385196143,3.440954282316079,24.68921257332576,81.31778044848448
20260521_115251_cloud_baseline_ua_detrac_full_suite,ua_detrac,cloud_baseline,pqc,BIKE-L1,Falcon-padded-512,40,56340,40,True,0,0,True,14.022425865945456,0.7887680386454994,0.7158171727294926,0.5873132677927454,0.5457326158022751,0.9028867921281105,0.6604934107733423,0.995519413376781,5.846742087977215,0.0039636953748697894,6.484919263848812,869.2098296463649,46.45929487953423,7.624290081270101,0.3100449655551144,1747.0473450635654,5365.495578286953,343.18302593231203,191.9669578075409,9.851768398284912,4.468127346038818,1.788042234182674,40.27523645880451,23.138536599173925,93.44071634404827,7.394716609269381,38.92845594964456,0.6108158361819953,2.095540339040075,4.8919013267990445,0.3245311423748371,0.5835152753040781,0.43428988288169795,1.4842887706902153,0.4375091066702589,0.41627326293185785,0.08674761582468629,0.33525264339563354,0.11432319944727691,2.056474484561477,2.4258610694960225,2.520275203307392,4.90523407861474,5.652824604476336,5.951596321887337,14.10305694925897,15.16668009573354,15.78081563084107,16.08453585831426,22.413543469382425,61.50192067230332,6.2209178798021325,3.461364040119874,24.86524759529713,79.77828773308525
20260521_115251_cloud_baseline_ua_detrac_full_suite,ua_detrac,cloud_baseline,pqc,BIKE-L1,ML-DSA-44,40,56340,40,True,0,0,True,14.207271824251558,0.7887680386454994,0.7158171727294926,0.5873132677927454,0.5457326158022751,0.9028867921281105,0.6604934107733423,0.995519413376781,5.865464144608799,0.003128360258033662,6.5146717072009155,894.4291255798355,49.123034218851444,7.687764342624568,0.3076138624083321,1770.9376736520796,5609.2260802052515,347.37396545410155,191.9669578075409,14.04271936416626,4.468121838569641,1.8105830450036198,39.48300591398773,22.573886074001415,86.89477418229217,0.8728082291781902,32.59948634367902,0.6002498486219744,2.3660520606342774,4.836929143747025,0.364249430539065,0.574853961092053,0.5618656147192922,1.5069269878953435,0.43649096230291795,0.4054839112253091,0.08633566028052765,0.14429422580122966,0.14351006203715472,2.1738272400398273,3.7177790202986216,4.786072764938581,4.852610464877216,5.5640024056629045,5.850954437424661,14.112088012596917,15.150338238117234,15.723756961510208,17.514064286591363,22.066479468576453,60.41945624483221,6.490341075184459,3.5273035972200013,25.353151062004816,84.17143995951385
20260521_115251_cloud_baseline_ua_detrac_full_suite,ua_detrac,cloud_baseline,pqc,BIKE-L1,ML-DSA-65,40,56340,40,True,0,0,True,14.088369893479197,0.7887680386454994,0.7158171727294926,0.5873132677927454,0.5457326158022751,0.9028867921281105,0.6604934107733423,0.995519413376781,5.864896343368189,0.0023842775367637287,6.5026548787231295,921.3533865639972,48.27372975963978,7.653833484423798,0.3085837089283417,1792.0014856545827,5546.028445016453,349.49453763961793,191.9669578075409,16.16325178146362,4.468118524551391,1.8219884502659913,39.770899136522274,22.872045488010663,87.02499298378825,0.8461055345833302,32.16041872219648,0.5881607292103053,2.8264181656835845,4.794723340667013,0.38035572400971107,0.5639349447077592,0.6722714140285575,1.5081503886093965,0.4360057956105873,0.4183646500263795,0.08589090664699041,0.18117541575455995,0.15657387248308194,2.5299023785919417,4.821025820128852,6.3262909303593915,4.823888515966246,5.535113473597448,5.821924270276213,14.03965967510231,15.061990395655153,15.627663691968257,19.48108591113689,21.54732728964919,58.971586799213924,6.516542328193239,3.50022461006399,25.181909284815763,86.39430456670759
20260521_115251_cloud_baseline_ua_detrac_full_suite,ua_detrac,cloud_baseline,pqc,BIKE-L1,ML-DSA-87,40,56340,40,True,0,0,True,13.985130256077705,0.7887680386454994,0.7158171727294926,0.5873132677927454,0.5457326158022751,0.9028867921281105,0.6604934107733423,0.995519413376781,5.848087249566863,0.001933453423253012,6.508030280216616,945.7048167096207,48.47750450792928,7.610478557922315,0.3079304425101359,1812.9311923424023,5624.228301232973,352.646688079834,191.9669578075409,19.315405750274657,4.468121957778931,1.8389421882382595,40.028968446399794,22.92925943806904,87.24158261175035,0.8483473677188158,32.60047254443634,0.5856442778827202,3.162585557383701,4.755603805726477,0.4089802283063045,0.559055203227308,0.896202670500857,1.5281963220046026,0.4364214588917236,0.434591507542594,0.08606312600364041,0.19383616943255583,0.1777488678628161,2.84588302965858,5.344421057670843,7.00913501101604,4.780601729726186,5.467166872258531,5.754684326850111,14.146007173445124,15.384254658902245,16.128504714144178,21.206201463888068,20.914212773626605,57.879585762485306,6.58451670704992,3.4765909941156052,25.013347309697927,89.69853784125218
20260521_115251_cloud_baseline_ua_detrac_full_suite,ua_detrac,cloud_baseline,pqc,BIKE-L3,Falcon-1024,40,56340,40,True,0,0,True,13.948540812804993,0.7887680386454994,0.7158171727294926,0.5873132677927454,0.5457326158022751,0.9028867921281105,0.6604934107733423,0.995519413376781,5.851574493857596,0.00258310385668175,6.492635575826105,971.1091633226758,48.46649564800851,7.591932137117898,0.3097500937835482,1835.5936854967651,5625.834439780653,344.6293743133545,191.9669578075409,11.29811601638794,4.468124008178711,1.795821206202581,40.209633326172906,22.955297038738927,161.81303980119992,20.17783848568797,106.82950212794822,0.5992317873175235,2.7522351272241226,4.808905631696186,0.33503372616112065,0.5716693378933353,0.5643524718111702,1.493263848455331,0.43575807144617507,0.4723852045465632,0.08553691798348957,0.5906477594584951,0.12502770514935105,2.6888926629908383,3.1711919840745395,3.3016696135891834,4.819141764164669,5.505521278028027,5.8077637380192755,13.943357595698256,15.042812198087594,15.712093162069646,19.00407851201655,21.64923543549615,59.34668605248729,6.275439540680628,3.463202814626851,24.904316623155893,81.29440743352339
20260521_115251_cloud_baseline_ua_detrac_full_suite,ua_detrac,cloud_baseline,pqc,BIKE-L3,Falcon-512,40,56340,40,True,0,0,True,14.28734445682042,0.7887680386454994,0.7158171727294926,0.5873132677927454,0.5457326158022751,0.9028867921281105,0.6604934107733423,0.995519413376781,5.846694932031253,0.0031209455518107047,6.539123686258601,995.0815873385638,48.36147199644811,7.733885105715965,0.30665569128355863,1856.1413499805956,5498.663158090582,343.1592882156372,191.9669578075409,9.82804470062256,4.468126440048218,1.7879145589060346,39.041236248009966,22.264668983923208,146.9819573831046,7.799648260697722,92.62834255496273,0.5971578828121189,2.0971830765770476,4.868613013313206,0.3181522886136379,0.5735240031869061,0.4505955138885537,1.4810140673999599,0.43391065166927384,0.4186002297532899,0.08421386404116837,0.33215812110547394,0.1121340178881866,2.046643763605971,2.4314787806360982,2.5303366883308627,4.868754159542732,5.5894572944089305,5.88024344133737,13.847502787668073,14.893671409427544,15.453760323669016,16.336433277543957,22.65542169547981,61.00814502697625,6.407260498666692,3.5654904972070867,25.63757315319366,79.75340950013047
20260521_115251_cloud_baseline_ua_detrac_full_suite,ua_detrac,cloud_baseline,pqc,BIKE-L3,Falcon-padded-1024,40,56340,40,True,0,0,True,14.15519931902451,0.7887680386454994,0.7158171727294926,0.5873132677927454,0.5457326158022751,0.9028867921281105,0.6604934107733423,0.995519413376781,5.846125319414203,0.003164957818576728,6.536177457721197,1019.7448382023788,48.23521148859446,7.6598031067380745,0.3076894074111306,1875.6038174042492,5524.8008615690715,344.65166025161744,191.9669578075409,11.32037935256958,4.468121933937073,1.795941238308048,39.37831944379394,22.279083484446723,163.2139972090954,22.42097957059741,108.587211772101,0.591657281035231,2.736456784772264,4.79610719017766,0.3341187733128877,0.5697899058681132,0.5341726291010913,1.496280058621767,0.43416247541658193,0.4641369143398089,0.084331506209502,0.5932117842638476,0.12419291163100091,2.6668230479117483,3.165150301065296,3.289710196942906,4.808312651584856,5.475718454254093,5.742738087414182,13.830928414110698,14.853785076004323,15.369494105206476,18.944081879430737,21.79311191943433,59.26280620113492,6.406078162924517,3.534856289046476,25.418696681800675,81.31777356137101
20260521_115251_cloud_baseline_ua_detrac_full_suite,ua_detrac,cloud_baseline,pqc,BIKE-L3,Falcon-padded-512,40,56340,40,True,0,0,True,14.294450539953075,0.7887680386454994,0.7158171727294926,0.5873132677927454,0.5457326158022751,0.9028867921281105,0.6604934107733423,0.995519413376781,5.845884157216591,0.002245249545782498,6.541188577816167,1044.5208852143319,48.21823245548036,7.727489154296885,0.30729057031553875,1897.74743406571,5474.835721619016,343.18302516937257,191.9669578075409,9.851777935028077,4.4681295394897464,1.7880422378323897,39.03751217793955,22.282456254084643,148.58384054969065,8.502924954518676,93.9359009731561,0.5984072382389207,2.0862535674141,4.878063375495399,0.3185846514977603,0.5747133934367106,0.427394290658522,1.4915213126243376,0.43329310607506627,0.41358844142285056,0.08414533006646333,0.332673548447431,0.11269374052651111,2.0363296716823243,2.420565714855911,2.5018559616582934,4.871774314233335,5.603514872127562,5.873797972482862,13.814021699369698,14.825294168664886,15.35635311316813,16.23223372757313,22.74403857318546,61.023727699241405,6.408801460902637,3.5658691573460297,25.638946260801124,79.77828953057751
20260521_115251_cloud_baseline_ua_detrac_full_suite,ua_detrac,cloud_baseline,pqc,BIKE-L3,ML-DSA-44,40,56340,40,True,0,0,True,14.2842933746744,0.7887680386454994,0.7158171727294926,0.5873132677927454,0.5457326158022751,0.9028867921281105,0.6604934107733423,0.995519413376781,5.845983495473724,0.002671490045530484,6.554934980273522,1068.3615255909835,48.16991035031539,7.722947524834028,0.3062514974010727,1919.0618719962094,5474.011768183506,347.3739659309387,191.9669578075409,14.04270534515381,4.468123531341552,1.8105830459990977,38.9782847552445,22.28574996572732,141.37114583863877,0.936766155064106,86.69203904719325,0.593834128300722,2.366578663370908,4.859543289505964,0.3627619053496979,0.5707384967099141,0.5601934712281165,1.5043910418966222,0.43311770621501966,0.4016223635919288,0.08334999073026841,0.14264724643310445,0.14200061265084102,2.179081810754724,3.711043071525637,4.78793138740002,4.8620184512401465,5.571227258769795,5.851080066335271,13.916220837098873,14.938313666241289,15.463616977085504,17.60820022347027,22.340046201075843,60.051753575453894,6.571361571542991,3.571290183710721,25.679038884291607,84.17143183481234
20260521_115251_cloud_baseline_ua_detrac_full_suite,ua_detrac,cloud_baseline,pqc,BIKE-L3,ML-DSA-65,40,56340,40,True,0,0,True,14.196708769875901,0.7887680386454994,0.7158171727294926,0.5873132677927454,0.5457326158022751,0.9028867921281105,0.6604934107733423,0.995519413376781,5.848120030004258,0.006522651680731885,6.552110687536361,1096.5974735980917,48.06236828545925,7.691343447584741,0.3061894326464102,1940.8192579227496,5491.251185318035,349.494534778595,191.9669578075409,16.163263893127443,4.468127751350403,1.8219884397903006,39.17265213969621,22.354312714040297,141.49605392012745,0.9278437122702599,86.73058054264402,0.5890408879664218,2.819292970854131,4.80344191226863,0.3806905405602386,0.5656940987060789,0.671865772144052,1.517492028481676,0.4354587197567229,0.41806718485271477,0.08447037602014798,0.18035737470344576,0.15614398812110744,2.5227102531061973,4.834284879107145,6.368624890397769,4.816941721219337,5.514431813644478,5.788606053334661,13.939685706530094,14.935943066963963,15.473107578251486,19.52807900042189,21.656468799705884,58.81545219987223,6.617255723649751,3.5544658548203842,25.548999575377874,86.39430061539795
20260521_115251_cloud_baseline_ua_detrac_full_suite,ua_detrac,cloud_baseline,pqc,BIKE-L3,ML-DSA-87,40,56340,40,True,0,0,True,14.142346276450985,0.7887680386454994,0.7158171727294926,0.5873132677927454,0.5457326158022751,0.9028867921281105,0.6604934107733423,0.995519413376781,5.876115723635351,0.005647208660909772,6.536915359819917,1121.9475734491884,46.797806086815775,7.663322304368667,0.30685727368961424,1962.5068706845686,5364.809460201597,352.6466890335083,191.9669578075409,19.315402698516845,4.468125414848328,1.8389421994393071,39.38119957343609,22.484277346355082,141.15678989765001,0.9736497420817614,86.68255214870442,0.5824407635677437,3.132614903630564,4.732832224089241,0.4094441105858218,0.5602292847413116,0.8910063808004132,1.5347664624045552,0.4364668451466966,0.43323745437844724,0.08574690067438424,0.1936179132775476,0.17743498746335223,2.8193397643917706,5.273452366236597,6.988085621720527,4.763223631016444,5.455064761044923,5.748046410546522,13.974623659290236,14.981947014385108,15.541970970765737,21.287735735038808,21.04860541588677,57.663658849074444,6.695373104500481,3.535254303299155,25.41997584776949,89.69853594276228
20260521_115251_cloud_baseline_ua_detrac_full_suite,ua_detrac,cloud_baseline,pqc,BIKE-L5,Falcon-1024,40,56340,40,True,0,0,True,13.979040181909658,0.7887680386454994,0.7158171727294926,0.5873132677927454,0.5457326158022751,0.9028867921281105,0.6604934107733423,0.995519413376781,5.854074144609358,0.009467769791221917,6.522226445360046,1150.2653619864434,48.31450796528024,7.5935046491532034,0.30833596588990236,1983.8285394915558,5597.867695794271,344.6294218063355,191.9669578075409,11.29818000793457,4.468122553825379,1.7958216646357612,39.926775473743376,22.67256289963724,277.54872507357504,20.233639050275087,223.58258393069264,0.5969937897357919,2.7444101511375596,4.803429406000413,0.33613487279493776,0.5730333335725906,0.5634750100205443,1.4984126944684515,0.4358150019716988,0.47192553500695145,0.08569359329805878,0.5911567351467797,0.12429407106798987,2.68009326318861,3.169413936630008,3.2895975942956284,4.816764948191121,5.505837995224283,5.801675526381587,13.930908512316407,14.980356405085772,15.525730337255851,18.978413827470916,21.647212739935576,59.37437343259353,6.318076041325932,3.4867336270930402,25.0725694110643,81.29448733126183
20260521_115251_cloud_baseline_ua_detrac_full_suite,ua_detrac,cloud_baseline,pqc,BIKE-L5,Falcon-512,40,56340,40,True,0,0,True,14.186730165795955,0.7887680386454994,0.7158171727294926,0.5873132677927454,0.5457326158022751,0.9028867921281105,0.6604934107733423,0.995519413376781,5.8914898955880695,0.0030475894947286624,6.5223443847682745,1174.3163166937131,48.62006456907324,7.6936470718357866,0.3074520916597319,2003.1219301676683,5565.460161205092,343.15928010940553,191.9669578075409,9.828027248382568,4.468124604225158,1.7879144600261472,39.44685930067605,22.553539822728037,266.6436815241468,8.581353863701224,211.79001532000257,0.6014700566425659,2.0857526429904767,4.846025821239025,0.3219161630059432,0.5748368774167785,0.4526185857294732,1.4865441904819858,0.43508978639452006,0.4203861770651357,0.08485981708825721,0.3335322056354516,0.11261175995963195,2.0473415090236813,2.4286644443054684,2.5249452379503055,4.8603851049847435,5.599941664477228,5.89377269113902,13.948482546586169,14.99882395115896,15.564209810606005,16.25844166410844,22.48192096312234,61.259637372769205,6.34556886661654,3.53118019633026,25.377760536497444,79.75339658052899
20260521_115251_cloud_baseline_ua_detrac_full_suite,ua_detrac,cloud_baseline,pqc,BIKE-L5,Falcon-padded-1024,40,56340,40,True,0,0,True,13.96575140065958,0.7887680386454994,0.7158171727294926,0.5873132677927454,0.5457326158022751,0.9028867921281105,0.6604934107733423,0.995519413376781,5.890515685093466,0.0018464082441431641,6.512239980952048,1197.6564993797133,48.422005282977246,7.592426773374742,0.3088719579124924,2023.5764841607281,5621.57231422364,344.65166759490967,191.9669578075409,11.320390987396241,4.46812252998352,1.7959412810123645,40.0757588834022,22.805840187311627,278.4757921574055,21.093904459849,223.93265899881953,0.5931015066201043,2.735740168958514,4.778571033843169,0.3370767904507226,0.5707562917804571,0.5344297994085787,1.4936080612811242,0.43598665716850726,0.46632553401245175,0.0861224500109393,0.5950824513707695,0.12497667932990944,2.6671878040360752,3.164580847878824,3.292866357471212,4.800000871910015,5.481877824495314,5.777972509342362,13.995925199121242,15.036417610572192,15.5741157094298,18.82579297322206,21.591916202879,59.58229082389895,6.295389468442446,3.473773692300079,24.9812169350915,81.31778622420165
20260521_115251_cloud_baseline_ua_detrac_full_suite,ua_detrac,cloud_baseline,pqc,BIKE-L5,Falcon-padded-512,40,56340,40,True,0,0,True,14.183313363267738,0.7887680386454994,0.7158171727294926,0.5873132677927454,0.5457326158022751,0.9028867921281105,0.6604934107733423,0.995519413376781,5.848641300841497,0.002608579305792548,6.554164995360767,1224.2942146173384,48.517637941143064,7.659295037317302,0.3053513196431171,2046.4020115586093,5562.552929301294,343.18302326202394,191.9669578075409,9.851774311065673,4.468123817443848,1.7880422190627712,39.321269784397344,22.322010145441194,266.1355102536618,8.530117571353912,211.51402512477944,0.5995589633173636,2.0869935345457025,4.8836648251152734,0.32078129101730013,0.5749344640867591,0.42916792096185236,1.4954020567858317,0.43428165684235764,0.4141609885485429,0.08492466205379276,0.3330387844203683,0.11259933729849689,2.0390158526424784,2.4180903485103045,2.499901089933701,4.878524137166096,5.608201581344474,5.875077237666119,13.993263647747876,15.071419726101135,15.665974153099805,16.071427191778426,22.531540125168704,61.3970326830529,6.363629792279805,3.5407417183470082,25.454137442404694,79.77829308301287
20260521_115251_cloud_baseline_ua_detrac_full_suite,ua_detrac,cloud_baseline,pqc,BIKE-L5,ML-DSA-44,40,56340,40,True,0,0,True,14.20571977787146,0.7887680386454994,0.7158171727294926,0.5873132677927454,0.5457326158022751,0.9028867921281105,0.6604934107733423,0.995519413376781,5.86567083770501,0.0038257109188636223,6.575494533266071,1249.9050169893878,47.96294122659626,7.671425111974678,0.30456984114395846,2067.8183165480514,5488.239988972005,347.37396516799924,191.9669578075409,14.042711925506591,4.468125128746033,1.810583044993324,39.14419682475186,22.30144322532474,260.6049355235882,1.0564404539763927,206.26520700170659,0.596340849536816,2.3602463386953856,4.84157847233317,0.36615603217736326,0.5709496690008915,0.561145218466898,1.5112187918753253,0.4341957867939493,0.4042383377738793,0.08519860875301845,0.14263394191349815,0.14222460026552097,2.1737920287705492,3.712352356960764,4.7138746034761425,4.8498427066078875,5.566705087258015,5.855021019451669,14.046076886726173,15.092460690120712,15.654950136554891,17.50564206165499,22.163082719933957,60.33127521841108,6.543265912615263,3.556021984049618,25.56907985498554,84.17143515800652
20260521_115251_cloud_baseline_ua_detrac_full_suite,ua_detrac,cloud_baseline,pqc,BIKE-L5,ML-DSA-65,40,56340,40,True,0,0,True,14.124046220191843,0.7887680386454994,0.7158171727294926,0.5873132677927454,0.5457326158022751,0.9028867921281105,0.6604934107733423,0.995519413376781,5.928527217225,0.002091952880272908,6.56165982598539,1273.0605341702553,45.99929673854842,7.646293453479416,0.3048690661469005,2089.246831893953,5290.438308656046,349.49453115463257,191.9669578075409,16.163265991210938,4.468127274513245,1.8219884144595806,39.33362878469757,22.408889234581235,259.71048807696206,1.058321725577116,205.34307447669562,0.5866851895920606,2.8114787008431326,4.798814553217585,0.38481629307189114,0.564872425975073,0.671185735751014,1.517300281104814,0.4343914209485448,0.4177068953194545,0.08494640145815678,0.1806339629153103,0.1559483933601213,2.5163323247397784,4.8301442870433675,6.41845800896408,4.816016601398587,5.512268837046577,5.792940502811688,14.064846622359985,15.106892083367663,15.683350402357533,19.40267008839595,21.572690312575986,59.02463959902808,6.591218235566683,3.5404910414211264,25.446755170146563,86.394300508491
20260521_115251_cloud_baseline_ua_detrac_full_suite,ua_detrac,cloud_baseline,pqc,BIKE-L5,ML-DSA-87,40,56340,40,True,0,0,True,14.082098325572261,0.7887680386454994,0.7158171727294926,0.5873132677927454,0.5457326158022751,0.9028867921281105,0.6604934107733423,0.995519413376781,5.8618282823325245,0.0027544208840485597,6.588189715832883,1298.734597534682,49.22045442655515,7.606261462963452,0.303856258971931,2110.8643161770956,5677.706944975224,352.6466902732849,191.9669578075409,19.315402126312257,4.468123555183411,1.83894220439377,39.330896200556445,22.315972041871294,259.8467157862615,1.0755169671028852,205.71380789479008,0.5850817069847893,3.1254671814852575,4.740977549130884,0.41425746945765696,0.5628151870814959,0.8948861521789839,1.5388567903888224,0.4353488426000182,0.43240745559899213,0.08492413668755958,0.1925288432526611,0.1770660509596993,2.8230910873389803,5.227543562868958,6.817563139687991,4.75615221876069,5.432274190679891,5.712916854477953,14.040854689486697,15.13574735593873,15.77298353223424,21.180600916158625,20.993536834428372,57.825862249413014,6.701996086286535,3.5387200107079986,25.448571725678388,89.69853465017462
20260521_115251_cloud_baseline_ua_detrac_full_suite,ua_detrac,cloud_baseline,pqc,FrodoKEM-1344-AES,Falcon-1024,40,56340,40,True,0,0,True,14.194930904655923,0.7887680386454994,0.7158171727294926,0.5873132677927454,0.5457326158022751,0.9028867921281105,0.6604934107733423,0.995519413376781,6.028794013073484,0.002140056576763718,6.490518427263329,1327.3502460642087,49.6468340652923,7.657798562230967,0.30861675747237055,2132.5277758692787,5683.043556329682,344.6293992996216,191.9669578075409,11.298127269744873,4.468123364448547,1.7958215668300685,39.526074454299824,22.3431997526282,88.62807539262576,24.372931011021137,33.930231802514754,0.5866131962996064,2.707830898137696,4.752213995400789,0.33518984684008724,0.5653623956379417,0.5573259886874453,1.4977565327506965,0.4351449569434737,0.47205938534091124,0.0855145614777994,0.5907956568143888,0.12398342686414907,2.6565581902104896,3.1553641848586267,3.2708679843199207,4.789025075297104,5.466618956634193,5.728874057487701,13.916138174605653,14.96366758485891,15.539557343588436,18.863341296733473,21.593736339739706,59.54292236352683,6.382300026819116,3.5221925802187486,25.32174042882358,81.29445297933736
20260521_115251_cloud_baseline_ua_detrac_full_suite,ua_detrac,cloud_baseline,pqc,FrodoKEM-1344-AES,Falcon-512,40,56340,40,True,0,0,True,14.246000310283566,0.7887680386454994,0.7158171727294926,0.5873132677927454,0.5457326158022751,0.9028867921281105,0.6604934107733423,0.995519413376781,5.847287883461668,0.0035674425768505236,6.527233396253271,1350.1434287934064,48.09900822291532,7.671257016391154,0.3063536074845693,2153.1485790620163,5496.167294537912,343.1592661857605,191.9669578075409,9.828036308288574,4.4681291580200195,1.7879144971167371,39.315761290127384,22.334148302001132,73.58816757478053,9.728975873440504,19.098566703905817,0.6002716969285694,2.095820219313329,4.882081953911429,0.3228032353346067,0.5770168064496121,0.4534473241579563,1.4924507357857002,0.4354513048861223,0.4200443117446679,0.08583504692273944,0.333779863957626,0.11235345252730841,2.0473531862080563,2.4236475907673594,2.510942715962301,4.869465437514009,5.601539116178174,5.880515034092241,13.970606736362493,15.052148262794073,15.652408913587957,16.220117776900196,22.51980731033612,61.260074912763685,6.362320264518804,3.5404828054097512,25.457575932144778,79.7533958193396
20260521_115251_cloud_baseline_ua_detrac_full_suite,ua_detrac,cloud_baseline,pqc,FrodoKEM-1344-AES,Falcon-padded-1024,40,56340,40,True,0,0,True,14.13211219785586,0.7887680386454994,0.7158171727294926,0.5873132677927454,0.5457326158022751,0.9028867921281105,0.6604934107733423,0.995519413376781,5.850004422711578,0.0018422746268723978,6.521850673109152,1374.124751546423,46.03236616200689,7.640857141874383,0.3070351686423787,2176.329635020706,5289.20508425823,344.65166273117063,191.9669578075409,11.320393466949463,4.4681273937225345,1.7959412579288507,39.56010038366943,22.312022472517086,85.94725667935563,21.984713478013873,31.604657803836744,0.5932623553205639,2.7417600379027913,4.8115545467444205,0.3384407250105185,0.5718909846641397,0.5358555966406129,1.4945473569789294,0.4341194914106509,0.4650426984739086,0.08490591165619081,0.5945061941827559,0.12442379767742724,2.678144162200624,3.16207986252266,3.2776626444392605,4.8145901106181554,5.485508287456469,5.769671626345371,13.974863317514956,15.026646515026892,15.581996227500515,18.845029066346022,21.709571065141137,59.445399868512844,6.376992455320063,3.518810321177515,25.301983096801138,81.31777739914479
20260521_115251_cloud_baseline_ua_detrac_full_suite,ua_detrac,cloud_baseline,pqc,FrodoKEM-1344-AES,Falcon-padded-512,40,56340,40,True,0,0,True,14.23574914405189,0.7887680386454994,0.7158171727294926,0.5873132677927454,0.5457326158022751,0.9028867921281105,0.6604934107733423,0.995519413376781,5.84959882396761,0.0028448338780834173,6.525035068577759,1398.4440310570362,46.03126979804577,7.683937433321802,0.3062219735585541,2197.282019356688,5263.051558014602,343.1830246925354,191.9669578075409,9.851753520965577,4.468122839927673,1.7880422279712245,39.351971900872364,22.337492472262184,72.99474772735266,9.26312766969204,18.672935997892637,0.6029148152177103,2.0913336648885648,4.892231788498618,0.3241217174837849,0.579113179147632,0.4313107086669903,1.481909944934665,0.4344620718425588,0.4150356792784417,0.08492442774558809,0.33445794683790303,0.11295897669493102,2.040347188449232,2.4123158465954475,2.5058072135434486,4.878563975944417,5.609276578179561,5.881300232707872,14.032518450487547,15.208618406029183,15.912596051582742,16.09511315136303,22.533438080071786,61.37144876856517,6.359252459990797,3.538310901838385,25.433669577564334,79.77828126022413
20260521_115251_cloud_baseline_ua_detrac_full_suite,ua_detrac,cloud_baseline,pqc,FrodoKEM-1344-AES,ML-DSA-44,40,56340,40,True,0,0,True,14.22821641031256,0.7887680386454994,0.7158171727294926,0.5873132677927454,0.5457326158022751,0.9028867921281105,0.6604934107733423,0.995519413376781,5.846610217520203,0.0026431783848516405,6.5307080476846195,1424.0804756195625,47.79252488991827,7.700875618258633,0.3059523277438714,2217.2866234903167,5460.933815054316,347.37396612167356,191.9669578075409,14.04271821975708,4.468127942085266,1.810583042610786,39.27421799953915,22.347242613961797,66.58807883650297,2.7680993545800447,12.502301392669324,0.595932750245723,2.382895523123282,4.8797775834340325,0.3677607868182745,0.5757610659756811,0.5626615740128709,1.5134894011515228,0.4349098542377168,0.40445494731699866,0.08528380173727779,0.14345771334812843,0.1428893142398777,2.1885185116843786,3.7416150859644404,4.7988060779316575,4.871406538586598,5.584382170854951,5.868328023672802,14.12905048687621,15.184931202343833,15.77504662726202,17.51549758568327,22.19359229431803,60.290910119998706,6.522475610038738,3.5447396349966085,25.48447239191349,84.17143454780356
20260521_115251_cloud_baseline_ua_detrac_full_suite,ua_detrac,cloud_baseline,pqc,FrodoKEM-1344-AES,ML-DSA-65,40,56340,40,True,0,0,True,14.13680146111993,0.7887680386454994,0.7158171727294926,0.5873132677927454,0.5457326158022751,0.9028867921281105,0.6604934107733423,0.995519413376781,5.846941961298862,0.0028123150510719055,6.53693392275329,1451.5396971520236,50.26012299282829,7.646747609711672,0.3054028570510124,2237.280715893205,5773.100497702197,349.4945366859436,191.9669578075409,16.163252449035646,4.468124580383301,1.8219884445868373,39.46788182529484,22.376796380844702,66.71096662757918,2.781929075717926,12.515215401072055,0.590628116607588,2.8270100360234567,4.824062317155205,0.3877048970658735,0.5698896545757707,0.6739071863420973,1.5182340274096573,0.43588033178214036,0.4183268074320675,0.08630420539220415,0.1816488397189136,0.15713369562263252,2.5308847754786257,4.8437359562376505,6.406198786426103,4.831547819048865,5.532426126592327,5.817387591392617,14.16667763755191,15.295255928716305,16.075788113855946,19.345645192528767,21.499192649478612,59.15516215799264,6.568157025925264,3.528084142865312,25.36070295656018,86.39429829388959
20260521_115251_cloud_baseline_ua_detrac_full_suite,ua_detrac,cloud_baseline,pqc,FrodoKEM-1344-AES,ML-DSA-87,40,56340,40,True,0,0,True,14.105664352270221,0.7887680386454994,0.7158171727294926,0.5873132677927454,0.5457326158022751,0.9028867921281105,0.6604934107733423,0.995519413376781,5.848533821344771,0.004495556741802239,6.543517290209307,1474.9919699410932,48.811644208891266,7.610162490907818,0.30572789361622354,2259.2885571778593,5619.697037936102,352.6466917991638,191.9669578075409,19.315432357788087,4.468122339248657,1.8389422147914616,39.5116313456694,22.407000733033463,67.44377649738453,2.8717303182929754,12.867259126505814,0.5817727952313959,3.1442685387586,4.7579002037797,0.4168773043269546,0.5644096425347445,0.8960214368400946,1.5423616778827913,0.4372963054151214,0.435641294970005,0.0869234182475102,0.1947159694408417,0.17836401515331715,2.829320900491439,5.303549263844616,6.97662123062764,4.776237975602271,5.452348498511128,5.744651332206558,14.11795391113851,15.132036274228332,15.699215893654024,21.153355113807102,20.97888871827474,57.86775616791816,6.672733410692774,3.523319424570643,25.331863808247626,89.69855537456708
20260521_115251_cloud_baseline_ua_detrac_full_suite,ua_detrac,cloud_baseline,pqc,FrodoKEM-1344-SHAKE,Falcon-1024,40,56340,40,True,0,0,True,14.092377690860195,0.7887680386454994,0.7158171727294926,0.5873132677927454,0.5457326158022751,0.9028867921281105,0.6604934107733423,0.995519413376781,5.8457371694346785,0.0029675262195281355,6.51923323726451,1498.654864313747,48.17674927165474,7.615715150117478,0.30732186304636605,2282.3349144461636,5551.654721275621,344.6293893814087,191.9669578075409,11.298106288909912,4.468128514289856,1.7958214019419017,39.68191428286899,22.35211179527477,101.04520933091408,23.856179416179657,46.554794153780676,0.5934499128151743,2.739041232695139,4.80145901532353,0.34185057443142247,0.573760977915341,0.5643105084302585,1.4990160334471918,0.43522060608283264,0.47283326114463475,0.08595212872949823,0.5936198005860515,0.12483750937973073,2.678666665451601,3.1537860599928536,3.2706339877622668,4.813590594858397,5.481359923942364,5.765337732038461,14.039986814946213,15.083330947920995,15.645568468645612,18.891671926669815,21.60158700204197,59.5067410712882,6.356538423740928,3.507965778609119,25.223420134057395,81.29441623202135
20260521_115251_cloud_baseline_ua_detrac_full_suite,ua_detrac,cloud_baseline,pqc,FrodoKEM-1344-SHAKE,Falcon-512,40,56340,40,True,0,0,True,14.273325779614646,0.7887680386454994,0.7158171727294926,0.5873132677927454,0.5457326158022751,0.9028867921281105,0.6604934107733423,0.995519413376781,5.845607957572861,0.0024943512616766787,6.523438852549158,1522.9308008117541,46.635040566323724,7.705525065943666,0.30670256333716006,2303.266061301795,5317.418385544251,343.15930490493776,191.9669578075409,9.82800760269165,4.4681236982345585,1.7879146501858674,39.2026270949536,22.30014996646974,86.62613585765939,10.653834184631705,32.35282175446628,0.5966001485153741,2.0936007502676914,4.876795147588924,0.3245662932036426,0.5781105221679379,0.45188798365987337,1.4851271777212742,0.43448938828428857,0.41983386093042674,0.08480345217478524,0.3333862457137516,0.11270285933042457,2.043160245375475,2.4227485158189666,2.50368420824816,4.867442334216321,5.594899755087681,5.864117551362142,13.958956323105983,15.004850078291085,15.575444268546061,16.247069930088266,22.58009696241883,61.17283310749292,6.3810785657440405,3.5509243345983554,25.5305416650927,79.7534059254479
20260521_115251_cloud_baseline_ua_detrac_full_suite,ua_detrac,cloud_baseline,pqc,FrodoKEM-1344-SHAKE,Falcon-padded-1024,40,56340,40,True,0,0,True,14.121865559769109,0.7887680386454994,0.7158171727294926,0.5873132677927454,0.5457326158022751,0.9028867921281105,0.6604934107733423,0.995519413376781,5.845809667091727,0.001953361563947757,6.52493430209786,1550.2464895639055,45.66073766048776,7.639029016985657,0.30705451260376077,2324.4614144975685,5250.383993378292,344.6516632080078,191.9669578075409,11.32038335800171,4.468123984336853,1.795941256265921,39.587792211114525,22.304836080671326,101.24578988034045,24.413068406283855,46.44484655436827,0.5987361019558209,2.7408936862699234,4.800398609366463,0.3408540001669582,0.5745806197199406,0.5374822671100559,1.4944738683204988,0.4346397233202861,0.4661125567412011,0.08571765990487383,0.5941260790043655,0.12471774588385476,2.672618385258829,3.165211047307821,3.286038801423274,4.806517637189245,5.484615859459154,5.743183363505523,13.980098889954899,15.002664898603086,15.589542317041026,18.85979241385027,21.645936641519715,59.49427094463003,6.372242650230854,3.5161844843660512,25.284947276600032,81.31777900895926
20260521_115251_cloud_baseline_ua_detrac_full_suite,ua_detrac,cloud_baseline,pqc,FrodoKEM-1344-SHAKE,Falcon-padded-512,40,56340,40,True,0,0,True,14.26681161997448,0.7887680386454994,0.7158171727294926,0.5873132677927454,0.5457326158022751,0.9028867921281105,0.6604934107733423,0.995519413376781,5.84533223674432,0.0031043468613383826,6.527932350521931,1574.5180210073313,46.07423292403511,7.696636324596632,0.30607122591658764,2346.799429119162,5256.3800905321705,343.1830256462097,191.9669578075409,9.851770496368408,4.468131494522095,1.7880422319722182,39.22722493021358,22.275653248621996,86.52044562477386,10.473416885361075,32.356489973608404,0.6037397063662053,2.0887307076754507,4.8870676450523645,0.3253508262805448,0.5824197563719056,0.43089617707480043,1.4862494573373926,0.433014563511357,0.41365033990832084,0.08490397173834514,0.3327347316966275,0.11301504268507545,2.035862185584847,2.4148600754415384,2.5068296156678116,4.876724122732412,5.602675197151257,5.875568136791116,13.992348947399993,15.035712179961909,15.60019003391011,16.148421504471113,22.581080203790957,61.27049829173792,6.377784307572188,3.548608755482866,25.51648980064101,79.77828373348524
20260521_115251_cloud_baseline_ua_detrac_full_suite,ua_detrac,cloud_baseline,pqc,FrodoKEM-1344-SHAKE,ML-DSA-44,40,56340,40,True,0,0,True,14.309869927836015,0.7887680386454994,0.7158171727294926,0.5873132677927454,0.5457326158022751,0.9028867921281105,0.6604934107733423,0.995519413376781,5.876217298243043,0.003029992822103561,6.521998537092824,1599.1145211151074,49.29563628429011,7.703029804756606,0.30607109345437933,2367.6025759838317,5612.006775917738,347.37396535873415,191.9669578075409,14.042687797546387,4.468115830421448,1.8105830437225332,39.11045601584301,22.28445458233321,79.77004538843175,3.566835867241025,25.688040173554327,0.593692094783003,2.3571815654888932,4.815627179827067,0.3677922386613893,0.5736398894078427,0.5586397965729308,1.4995094381461587,0.4340992482181405,0.4032726685307373,0.08511138666818405,0.14233135024996035,0.14259423893634132,2.173526771366596,3.711426788577228,4.7422762578935345,4.844813141244231,5.555685225845082,5.836772626178572,14.038181800159716,15.088089961429791,15.660864392435759,17.50537594613572,22.09313100346845,60.40149305039586,6.54976895093233,3.5595658817617197,25.592524210553115,84.17142802962904
20260521_115251_cloud_baseline_ua_detrac_full_suite,ua_detrac,cloud_baseline,pqc,FrodoKEM-1344-SHAKE,ML-DSA-65,40,56340,40,True,0,0,True,14.188491127565126,0.7887680386454994,0.7158171727294926,0.5873132677927454,0.5457326158022751,0.9028867921281105,0.6604934107733423,0.995519413376781,5.847543812263284,0.0019537807102848292,6.544970562753084,1624.3948547842951,49.518126821575706,7.662105437431434,0.30499653125772347,2388.6370811956613,5670.715846206915,349.494536113739,191.9669578075409,16.16328868865967,4.468129348754883,1.821988440446876,39.303051572136795,22.29570174427808,80.1332488830667,3.625326044857502,25.499337106884923,0.5902691396894527,2.816169933841838,4.805678847617456,0.39013308591959567,0.5716726988496095,0.6736192479706535,1.5146148663616703,0.43515772322330165,0.4173267020212559,0.08511139331667447,0.179856935185378,0.1564766864651787,2.525388012873009,4.800760427169735,6.353193159942746,4.818616375268903,5.515281415791833,5.7960753014922375,14.078169212597988,15.117077887765456,15.686003132556033,19.386632472945713,21.521051651375643,59.092315875678636,6.59391753646278,3.541878890417073,25.466586221949704,86.39431772123629
20260521_115251_cloud_baseline_ua_detrac_full_suite,ua_detrac,cloud_baseline,pqc,FrodoKEM-1344-SHAKE,ML-DSA-87,40,56340,40,True,0,0,True,14.116670025555687,0.7887680386454994,0.7158171727294926,0.5873132677927454,0.5457326158022751,0.9028867921281105,0.6604934107733423,0.995519413376781,5.847095285134622,0.002786353262149348,6.544814666412202,1648.4679330036622,48.22217419761495,7.6304868911201265,0.3049869297705773,2410.057550359671,5551.770577626777,352.64669103622435,191.9669578075409,19.315417861938478,4.468128609657287,1.8389422112579716,39.43816811840044,22.350566118429636,80.50601465074578,3.5823728423565626,26.301883476844523,0.5833752889016905,3.1339023590363477,4.758022216849473,0.4198956336205114,0.5665741498351845,0.8966736958854142,1.5342114239081839,0.4360298300157022,0.4334880308021665,0.0860228785000753,0.19370526340327138,0.17810333310124013,2.8196827523061074,5.238562150407233,6.898591580058563,4.7687468519143295,5.446052018523915,5.738022841818747,14.100630758267034,15.130993362920213,15.713574204933161,21.13186247958468,20.995715466207695,57.87242205420762,6.685947314149476,3.530344171293882,25.376823346729452,89.69853964108621
20260521_115251_cloud_baseline_ua_detrac_full_suite,ua_detrac,cloud_baseline,pqc,FrodoKEM-640-AES,Falcon-1024,40,56340,40,True,0,0,True,14.103987971852387,0.7887680386454994,0.7158171727294926,0.5873132677927454,0.5457326158022751,0.9028867921281105,0.6604934107733423,0.995519413376781,5.845479674527267,0.0026367684870675203,6.520937364733446,1674.8083835225887,46.58085570850337,7.628822606030786,0.3071362335434452,2428.6893765193972,5362.472080820009,344.6293837547302,191.9669578075409,11.298131656646728,4.4681233167648315,1.795821406901867,39.642693385709336,22.359973355095164,82.84176494344138,21.468995697796345,27.963964425725862,0.5951671710684019,2.7349987841356875,4.798138965575046,0.34247703394673923,0.5751959547690528,0.564239199908223,1.4933667437606453,0.43557147191570833,0.4739281164063257,0.08546958305556832,0.5941174572413483,0.12481288631404006,2.674254315934377,3.1575572913425276,3.272413744707592,4.809829805890331,5.474495734233642,5.758746694365982,13.98116065553361,15.034351755014114,15.599061238733347,18.924226974848434,21.628698234996396,59.44707479015517,6.362385992048527,3.511187561896686,25.248515459098137,81.29442953480415
20260521_115251_cloud_baseline_ua_detrac_full_suite,ua_detrac,cloud_baseline,pqc,FrodoKEM-640-AES,Falcon-512,40,56340,40,True,0,0,True,14.298434487264212,0.7887680386454994,0.7158171727294926,0.5873132677927454,0.5457326158022751,0.9028867921281105,0.6604934107733423,0.995519413376781,5.920749980193149,0.005075189521447918,6.499333338032187,1700.4285599298241,46.29414849336591,7.701710796098546,0.3075564307468768,2450.5665322857,5281.026120746302,343.1592395782471,191.9669578075409,9.8279953956604,4.46812629699707,1.7879142325612016,39.31641160562923,22.362146184136382,69.39076575945364,8.54331674054265,14.857716226833872,0.6029111445371702,2.0768627843011216,4.824703727704561,0.3274801324681492,0.5790906784464886,0.4544932308562043,1.4906873101920965,0.43633377729596906,0.42098502720287667,0.08561407215182498,0.3351613413996808,0.11314073567516178,2.0399644949065987,2.4187589199573267,2.5151649851031834,4.8433925410790835,5.587926634107134,5.873028211353812,13.944478174098538,15.028295197386328,15.630978504954351,16.230952394449766,22.387600405766523,61.3814471997837,6.362984555239597,3.54085934591904,25.45618423488312,79.75335412135794
20260521_115251_cloud_baseline_ua_detrac_full_suite,ua_detrac,cloud_baseline,pqc,FrodoKEM-640-AES,Falcon-padded-1024,40,56340,40,True,0,0,True,14.168596303597003,0.7887680386454994,0.7158171727294926,0.5873132677927454,0.5457326158022751,0.9028867921281105,0.6604934107733423,0.995519413376781,5.935223967763271,0.004057117172108979,6.491770254334973,1723.0948945884786,46.295688554846144,7.6692828433120415,0.30863691539645444,2471.8269719734526,5314.033621677228,344.6516651153564,191.9669578075409,11.320374011993408,4.4681237697601315,1.7959412676352826,39.64499435523338,22.377629056921528,83.43677504890366,22.058871015906334,28.973380601382814,0.5922974128612097,2.708628462048491,4.741815325386145,0.3436286960854375,0.5723887296208624,0.5334200272471887,1.5029004287597096,0.43633716332252065,0.4673779025216702,0.08651284599649971,0.5984144294907593,0.12550136921468955,2.6514578239584807,3.1475920703087468,3.2735882312990725,4.774659077520482,5.450943961113808,5.726258688475355,13.983054949398014,15.028891860277383,15.609957421491028,18.769449569439452,21.533384598247945,59.69716583231261,6.363790456231771,3.5115323161761296,25.24710492741553,81.31777251467582
20260521_115251_cloud_baseline_ua_detrac_full_suite,ua_detrac,cloud_baseline,pqc,FrodoKEM-640-AES,Falcon-padded-512,40,56340,40,True,0,0,True,14.231913639201755,0.7887680386454994,0.7158171727294926,0.5873132677927454,0.5457326158022751,0.9028867921281105,0.6604934107733423,0.995519413376781,5.847211826595042,0.0027039996403176786,6.5314591943212985,1747.251805487863,45.997587787521525,7.676125090021737,0.30665014155712517,2492.826425933222,5264.855860247562,343.18302602767943,191.9669578075409,9.851766300201415,4.468123841285705,1.7880422351880185,39.331994202364704,22.376068216743327,68.96544549672399,7.950276834890246,14.287940274516586,0.6074523099641805,2.091105408819532,4.8944992201523885,0.3278908827194801,0.5823478583652154,0.4323857822634082,1.5017865045582628,0.43596867884529705,0.41624516761182784,0.08604693908724276,0.3351300893369062,0.11380341560796474,2.0396983258251566,2.412694245867897,2.4981189927784726,4.877945736370748,5.6054112732817885,5.871227422685479,13.99277288403474,15.064347691290205,15.620703649683156,16.183311294290817,22.624293274997356,61.19239543071185,6.360506357399709,3.5389947729555233,25.447638994441444,79.77828844604255
20260521_115251_cloud_baseline_ua_detrac_full_suite,ua_detrac,cloud_baseline,pqc,FrodoKEM-640-AES,ML-DSA-44,40,56340,40,True,0,0,True,14.236929246119939,0.7887680386454994,0.7158171727294926,0.5873132677927454,0.5457326158022751,0.9028867921281105,0.6604934107733423,0.995519413376781,5.85227377569152,0.0023476029777135363,6.530215304176025,1771.573385347073,48.40432436993495,7.682026207704794,0.3060622028940967,2514.183378156211,5540.172508168449,347.3739672660828,191.9669578075409,14.042717170715331,4.468129420280457,1.810583047309451,39.30008769322237,22.374581732426066,62.73306562070502,1.5498748980462551,8.473632924142294,0.5945664931805765,2.369297394876086,4.85522218245655,0.3706878258046446,0.575626538022916,0.5607927513893189,1.5189381220411795,0.4373424263032809,0.4058691754438549,0.08670938565419421,0.14452422636052892,0.1435496322291117,2.179991014418192,3.741617436608067,4.780507130853948,4.862735814094776,5.553260868691723,5.828476829017745,14.079491730335539,15.129250763362913,15.709218573087245,17.481472748904633,22.15419645149871,60.36433079959666,6.518803261971546,3.542758779844241,25.467056124822513,84.17143507999387
20260521_115251_cloud_baseline_ua_detrac_full_suite,ua_detrac,cloud_baseline,pqc,FrodoKEM-640-AES,ML-DSA-65,40,56340,40,True,0,0,True,14.17208363682586,0.7887680386454994,0.7158171727294926,0.5873132677927454,0.5457326158022751,0.9028867921281105,0.6604934107733423,0.995519413376781,5.884201406430742,0.002179191274021456,6.530875029019491,1797.8924962706456,49.73764764956621,7.645783708668299,0.30588696421736505,2533.947498010984,5703.963795945141,349.49453563690184,191.9669578075409,16.163276386260986,4.468126630783081,1.8219884318105866,39.422839838988224,22.39805166760198,65.17987377737882,1.6157439909875393,10.757064374047332,0.5911726703320735,2.8149633245919885,4.784730912250625,0.39448497362188506,0.5709612616069556,0.673509812744566,1.5326625777908358,0.43914767550566197,0.4203450243520289,0.08802244505475677,0.1813719190981738,0.15767373481607488,2.527605347131612,4.822375264047878,6.388565380242652,4.812445875722915,5.49953971451032,5.806917251640698,14.130460063962548,15.193706043702942,15.775043795771163,19.40471787395132,21.480336393229944,59.11494573281874,6.574623069518646,3.531529110063791,25.389938071360497,86.39431076212837
20260521_115251_cloud_baseline_ua_detrac_full_suite,ua_detrac,cloud_baseline,pqc,FrodoKEM-640-AES,ML-DSA-87,40,56340,40,True,0,0,True,13.9437258030376,0.7887680386454994,0.7158171727294926,0.5873132677927454,0.5457326158022751,0.9028867921281105,0.6604934107733423,0.995519413376781,5.907070837375366,0.0034707539357494758,6.499826304368199,1826.6923153716023,48.36598447131115,7.57986679551806,0.3082515200810759,2554.7385866087047,5630.29293360809,352.64669075012205,191.9669578075409,19.31541223526001,4.46812264919281,1.8389422096972534,40.211937956329734,23.10079157049959,64.36405345448293,1.6155508812516928,9.780929829867091,0.5908534280037904,3.145963306942458,4.766701511128671,0.42706288448072166,0.5689893321796771,0.9006118780044094,1.5396262530275755,0.4394480562696962,0.4367720916723431,0.08812066968989257,0.19538232054516982,0.17880319250163948,2.833563289459562,5.293703315546736,6.935073315209593,4.7879279001790565,5.507947332880576,5.811110380440368,14.12624874521573,15.190022540345154,15.761150515892663,21.20055758388561,21.01774493464665,57.78169748146773,6.55734652325949,3.462306931805447,24.903334268978107,89.69854371953646
20260521_115251_cloud_baseline_ua_detrac_full_suite,ua_detrac,cloud_baseline,pqc,FrodoKEM-640-SHAKE,Falcon-1024,40,56340,40,True,0,0,True,14.094713926746753,0.7887680386454994,0.7158171727294926,0.5873132677927454,0.5457326158022751,0.9028867921281105,0.6604934107733423,0.995519413376781,5.853558096125524,0.0025184930512422996,6.508552420544163,1848.0709094912083,48.774140839521515,7.615001793341721,0.30779733054755165,2576.10691320871,5620.656851302158,344.62937955856324,191.9669578075409,11.298096752166748,4.468125367164612,1.7958214861204085,39.7564641293077,22.500314938325975,85.73332029482117,21.2834594771266,30.99190297361929,0.5951843387039804,2.7287158613627245,4.7745085685359925,0.34516639717068426,0.5743485640450516,0.5634390692060454,1.4987847242833197,0.4346943466992018,0.47135511517792555,0.08510433814896769,0.5905026844398107,0.1243140997500006,2.6721789479779545,3.1600152315513697,3.2872944970586104,4.801449356455123,5.4849159765581135,5.7633191558416,13.960873223803421,15.04233090940927,15.658116438995439,18.931994689538755,21.59385099738778,59.47415431307346,6.346165470141573,3.502238966442029,25.183089823290015,81.29442344661896
20260521_115251_cloud_baseline_ua_detrac_full_suite,ua_detrac,cloud_baseline,pqc,FrodoKEM-640-SHAKE,Falcon-512,40,56340,40,True,0,0,True,14.21733887192122,0.7887680386454994,0.7158171727294926,0.5873132677927454,0.5457326158022751,0.9028867921281105,0.6604934107733423,0.995519413376781,5.84890305918159,0.0037167567007977643,6.5275868078246955,1876.5103565168793,47.041130556651396,7.678610683039548,0.30587194283519936,2596.409049959152,5386.285380741172,343.15932388305663,191.9669578075409,9.828003406524658,4.468121528625488,1.787914775560879,39.4148161100986,22.337706078912813,73.01469002268277,8.479463355615735,18.03454457403859,0.6042782714736847,2.096307645618797,4.88130227013544,0.330330894345685,0.5823123886640678,0.4541949983570402,1.4947603257297621,0.4341593601010684,0.41973384668391633,0.08513239571026772,0.3334212737877379,0.11263423376885484,2.047977652546251,2.4171660845604492,2.5129534112202236,4.87638768972829,5.593111179405241,5.869113852939336,14.07177171291211,15.36293529297044,16.47249999363032,16.185067928599047,22.43992532752539,61.375006743875566,6.346993911401745,3.531956142508612,25.394627074402308,79.75341510683654
20260521_115251_cloud_baseline_ua_detrac_full_suite,ua_detrac,cloud_baseline,pqc,FrodoKEM-640-SHAKE,Falcon-padded-1024,40,56340,40,True,0,0,True,14.147747988972743,0.7887680386454994,0.7158171727294926,0.5873132677927454,0.5457326158022751,0.9028867921281105,0.6604934107733423,0.995519413376781,5.872014905438113,0.0025895118153582246,6.522194413597875,1901.2602069146192,46.02181864916272,7.650867590091417,0.30722754877164216,2617.6263601636265,5290.184271681321,344.65166292190554,191.9669578075409,11.320380878448486,4.468122267723084,1.7959412612686834,39.5854564461945,22.319160751400634,85.42209880979499,20.791876316070557,30.498691875254735,0.5942787261245117,2.7216585200300867,4.776991172338252,0.3482617034194831,0.5741576362061517,0.537008612384379,1.4972815793559744,0.4338797434006006,0.4641843380590297,0.08420161290618969,0.5937380121051745,0.1243155218836959,2.659345479332842,3.1586804291873705,3.2935678596259095,4.797541453444865,5.4644722986995475,5.757570309433504,13.896470144771968,15.025957411777693,15.63123126539205,18.807836684544917,21.633710679903853,59.55845263555125,6.3712703237436,3.5156232700363192,25.290244028724853,81.31778021729744
20260521_115251_cloud_baseline_ua_detrac_full_suite,ua_detrac,cloud_baseline,pqc,FrodoKEM-640-SHAKE,Falcon-padded-512,40,56340,40,True,0,0,True,14.303325693063659,0.7887680386454994,0.7158171727294926,0.5873132677927454,0.5457326158022751,0.9028867921281105,0.6604934107733423,0.995519413376781,5.852710843979562,0.0028756168339575073,6.538263076338289,1925.7551981881104,45.90447143217896,7.707729391357233,0.30661328234778296,2639.9051667368803,5232.520018863059,343.1830244064331,191.9669578075409,9.85175838470459,4.468117618560791,1.7880422296155192,39.09393704850314,22.278189540483204,72.56746081839083,8.339271554723382,18.093157571274787,0.6025396099881123,2.0830223479373933,4.87940827913939,0.33030377768384783,0.5836476493896334,0.4306570816721932,1.4961820066520302,0.43390045414094897,0.41362081404796047,0.08477696417290712,0.3328548211503581,0.1129700076324821,2.0348118647234514,2.4161248727614293,2.5018587155645946,4.876194101962028,5.602851930088946,5.878754691788345,13.864259787661998,14.958273097311723,15.56036249331967,16.231078530452045,22.726991618415113,61.04192985113284,6.399916610204507,3.5609292003248987,25.601036578554766,79.77829187045516
20260521_115251_cloud_baseline_ua_detrac_full_suite,ua_detrac,cloud_baseline,pqc,FrodoKEM-640-SHAKE,ML-DSA-44,40,56340,40,True,0,0,True,14.283947560237342,0.7887680386454994,0.7158171727294926,0.5873132677927454,0.5457326158022751,0.9028867921281105,0.6604934107733423,0.995519413376781,5.85082515321277,0.0027646457816571032,6.564996226829085,1949.6602019597135,47.49521187532113,7.701198836956334,0.30536009597620534,2662.318769465538,5423.384789873829,347.3739652633667,191.9669578075409,14.042720222473145,4.468123722076416,1.8105830450221727,39.025236365314804,22.27460435100813,65.64327493979363,1.7504117917269468,11.453222797717899,0.5953020257969043,2.3647553607053853,4.8590034533618365,0.376055778167936,0.5792544940448803,0.5616311316320084,1.5082258312522936,0.4341319493608828,0.40295834820875254,0.08474764783991523,0.1426619812376293,0.1423816165086454,2.1753346256446093,3.7187063148303423,4.725565276894484,4.866172221954912,5.559065089037176,5.8363841762184165,13.947876197199989,15.01728313443922,15.601514769826426,17.59300604965154,22.329960984472166,60.07703296587626,6.564098072584207,3.5673557690098634,25.64795595254879,84.1714379734361
20260521_115251_cloud_baseline_ua_detrac_full_suite,ua_detrac,cloud_baseline,pqc,FrodoKEM-640-SHAKE,ML-DSA-65,40,56340,40,True,0,0,True,14.202757325551644,0.7887680386454994,0.7158171727294926,0.5873132677927454,0.5457326158022751,0.9028867921281105,0.6604934107733423,0.995519413376781,5.845949898472609,0.002747168447430195,6.558381090541455,1976.118528417191,50.087089841226764,7.652704620978829,0.30483885405569416,2684.2723561765224,5736.199399455649,349.49453792572024,191.9669578075409,16.163249492645264,4.468121218681335,1.8219884545502627,39.17631284597211,22.27935320056715,67.44802510074805,1.6990770120173693,12.966539050103165,0.5873696035109804,2.8107913156097477,4.817026258597164,0.3995808729553755,0.5743948314274674,0.6730540166672317,1.5189058371116857,0.43481919987696915,0.4168166589210348,0.08487000139642412,0.17953538431883936,0.15627945604775917,2.520061488758074,4.792957560202922,6.371013572206721,4.8275530149112456,5.515091500419658,5.7906559145776555,13.99339443657407,15.044116026679996,15.64625631916591,19.44128271760295,21.695598905834707,58.863118376562326,6.615801021371515,3.553637815390627,25.5504896447259,86.39430128331527
20260521_115251_cloud_baseline_ua_detrac_full_suite,ua_detrac,cloud_baseline,pqc,FrodoKEM-640-SHAKE,ML-DSA-87,40,56340,40,True,0,0,True,14.135731445229945,0.7887680386454994,0.7158171727294926,0.5873132677927454,0.5457326158022751,0.9028867921281105,0.6604934107733423,0.995519413376781,5.84591765957984,0.0028958383244647888,6.560616693658936,2003.6808008441337,48.06632977371045,7.63672891711537,0.30386470764277296,2704.1338615585164,5527.062606961508,352.646688747406,191.9669578075409,19.31540765762329,4.468122363090515,1.8389421923807006,39.28149707334188,22.25795663809476,68.60088917455869,1.7009482253342867,14.137274379027076,0.5827388007546827,3.125264928508212,4.77302169822053,0.43059720399189,0.5712667826608788,0.8945992689337231,1.5258210980230174,0.4335019974195397,0.43241242404555164,0.08423661788521167,0.19207143786227587,0.1767765458827691,2.815537480637431,5.218431032408262,6.911689717700936,4.78052851249231,5.4584907035314245,5.718725276834448,14.070289116170958,15.103612740781259,15.68726034468456,21.12759048202661,21.126073441076596,57.746336076896796,6.713241118024994,3.5447634838959097,25.479589424467076,89.6985405153543
20260521_115251_cloud_baseline_ua_detrac_full_suite,ua_detrac,cloud_baseline,pqc,FrodoKEM-976-AES,Falcon-1024,40,56340,40,True,0,0,True,14.116017474084742,0.7887680386454994,0.7158171727294926,0.5873132677927454,0.5457326158022751,0.9028867921281105,0.6604934107733423,0.995519413376781,5.844876385875981,0.003749343384633453,6.531489709879682,2027.2864697959526,46.26351859614832,7.628472227918879,0.30606691927008617,2724.8714805583836,5330.866125746398,344.6293932914734,191.9669578075409,11.298090553283691,4.468124890327454,1.7958213976240434,39.56076290986213,22.27205521932381,85.15178429661319,22.520876908674836,30.635977372003254,0.5945517986381024,2.730902676003191,4.802176653526401,0.34993367439074785,0.5785839536457958,0.5646543870207382,1.4948048988444025,0.4334384413809495,0.470838495295727,0.08436031117361549,0.5896919588272438,0.12365141754901532,2.6681080606067553,3.1545978252688656,3.2795726909826044,4.809268526150845,5.485143709738622,5.747023590374738,13.971353136303279,15.026252848474826,15.640312071162034,18.897441110323932,21.66036618108265,59.44219270859345,6.3768000193010845,3.5191570980415863,25.30023004442998,81.29441643601652
20260521_115251_cloud_baseline_ua_detrac_full_suite,ua_detrac,cloud_baseline,pqc,FrodoKEM-976-AES,Falcon-512,40,56340,40,True,0,0,True,14.258945155621287,0.7887680386454994,0.7158171727294926,0.5873132677927454,0.5457326158022751,0.9028867921281105,0.6604934107733423,0.995519413376781,5.8709320025552865,0.004270839919131374,6.526362572880997,2056.6208427788442,45.70278149191751,7.69244495862101,0.30603411753402393,2746.190160622307,5223.563413980255,343.1593179702759,191.9669578075409,9.828005504608154,4.468126106262207,1.7879146567663315,39.25568712822033,22.298949305190842,71.29462934826734,8.845418831333518,16.736981354188174,0.603461762498957,2.092994130464687,4.878105288682585,0.332442898871742,0.5866087628576587,0.45373821898661326,1.4875599785229743,0.4342416307200507,0.4196785347305002,0.08479183041436,0.33309132906670263,0.1122433217866347,2.0463730797928292,2.422202421585098,2.5110305963171413,4.871356971852947,5.605404010348138,5.87733406877669,13.98915035915347,15.051356120951104,15.62554888271174,16.266033347378404,22.547264848653647,61.186701803967956,6.372192021368809,3.5459749602867197,25.49785961869004,79.75339623528853
20260521_115251_cloud_baseline_ua_detrac_full_suite,ua_detrac,cloud_baseline,pqc,FrodoKEM-976-AES,Falcon-padded-1024,40,56340,40,True,0,0,True,14.12688374603022,0.7887680386454994,0.7158171727294926,0.5873132677927454,0.5457326158022751,0.9028867921281105,0.6604934107733423,0.995519413376781,5.8452692141005524,0.0031067546054215312,6.5301995820863805,2078.790661496136,46.0511424658586,7.625982615457845,0.3066887996963969,2766.2446465751364,5300.296936640414,344.65166130065916,191.9669578075409,11.320403385162354,4.46813063621521,1.7959412537240258,39.55094557161092,22.296102222298373,83.6244267251459,21.61997240036726,29.509169550146908,0.5942944748414682,2.731631823467827,4.803897461333192,0.35096177494113656,0.5811191766815659,0.5365164914550158,1.4919704995525556,0.4341110998797702,0.46490650296579605,0.08437284957133687,0.594615914299887,0.12420070253138338,2.6699330359406304,3.158390610551578,3.273351195748546,4.812127255718224,5.481945550345699,5.756243727169931,13.992049122597368,15.040373095788913,15.62641434020755,18.835066044563153,21.716790147774717,59.448143807662134,6.3777446953874914,3.5192183603383898,25.307563166254234,81.31777998612077
20260521_115251_cloud_baseline_ua_detrac_full_suite,ua_detrac,cloud_baseline,pqc,FrodoKEM-976-AES,Falcon-padded-512,40,56340,40,True,0,0,True,14.259285524426506,0.7887680386454994,0.7158171727294926,0.5873132677927454,0.5457326158022751,0.9028867921281105,0.6604934107733423,0.995519413376781,5.84498747765699,0.0026522290319258217,6.530096801749569,2103.723944046105,48.432980577706736,7.683648408075852,0.30626229693415913,2787.5364707260555,5536.460708285291,343.18302669525144,191.9669578075409,9.851773643493653,4.468125343322754,1.7880422353938539,39.2486265324419,22.314727183114368,71.01565361517714,9.082270925864577,16.776232719712425,0.60025921452686,2.0832430843422216,4.8890606284606735,0.3332274191765384,0.5870042148664221,0.4302388971946744,1.4889111312517131,0.43361438790217405,0.4143845069865022,0.08432545797345853,0.33284033276417163,0.11273465600800354,2.032497198524652,2.4098473987396574,2.498570519426721,4.87690545123769,5.609856022929307,5.887534667126602,13.99014666208872,15.046341576484437,15.64762484327014,16.135847747459202,22.634479442695316,61.229672809845475,6.374412792462705,3.54673477543841,25.501650825881256,79.77829132361387
20260521_115251_cloud_baseline_ua_detrac_full_suite,ua_detrac,cloud_baseline,pqc,FrodoKEM-976-AES,ML-DSA-44,40,56340,40,True,0,0,True,14.004298472344075,0.7887680386454994,0.7158171727294926,0.5873132677927454,0.5457326158022751,0.9028867921281105,0.6604934107733423,0.995519413376781,5.857828945127384,0.004135964571129308,6.491410136487562,2128.0325520971273,50.23220363850278,7.60162225716054,0.3088478792692817,2807.6437426834177,5837.255252299022,347.3739688873291,191.9669578075409,14.04270668029785,4.468122220039367,1.8105830644695633,40.18642036288487,23.234779739199986,65.05330928775948,2.101405756548047,10.477739054476842,0.6042721131841903,2.3850919737068734,4.90232711415837,0.3824872883718392,0.5861911400282602,0.5653361037022061,1.5056663647358792,0.4371150316094842,0.4061783080227971,0.08730473312411523,0.14507084142349014,0.14310094755524447,2.1958995290333405,3.741990983398864,4.762512201297795,4.9073912341555115,5.661533031452564,5.977973347500665,14.13538340485925,15.21842533819019,15.830919147732251,17.553688324034983,22.270316769896674,60.17599490606833,6.372697392183357,3.4631929299624105,24.929517312882957,84.17143672514149
20260521_115251_cloud_baseline_ua_detrac_full_suite,ua_detrac,cloud_baseline,pqc,FrodoKEM-976-AES,ML-DSA-65,40,56340,40,True,0,0,True,14.077795234177321,0.7887680386454994,0.7158171727294926,0.5873132677927454,0.5457326158022751,0.9028867921281105,0.6604934107733423,0.995519413376781,5.850082628560028,0.0036890190925216006,6.523786339883412,2154.9103124886246,48.579596861143145,7.625644020632601,0.3062444937514143,2828.8318787614653,5618.491575524788,349.494535446167,191.9669578075409,16.163258171081544,4.468121862411499,1.8219884356511566,39.75845482442798,22.721584593656917,64.9320512166014,2.0361246075481176,10.281427612062544,0.5919875921204787,2.8234095418645717,4.822103015292678,0.4051755655161566,0.5775960670050354,0.6757158801753599,1.517645350280246,0.43666403045895413,0.4190084891271897,0.08647608489777624,0.18133337723576143,0.15628809431963786,2.5324833623017184,4.826395387935918,6.35290533013176,4.839437265763991,5.536883392196614,5.833190993987955,14.12333886591541,15.18534713258747,15.782194863010574,19.397538335941483,21.58898014490216,59.01348151915636,6.518277352599894,3.5011632664053187,25.187589651495184,86.39430463160066
20260521_115251_cloud_baseline_ua_detrac_full_suite,ua_detrac,cloud_baseline,pqc,FrodoKEM-976-AES,ML-DSA-87,40,56340,40,True,0,0,True,14.158700347454964,0.7887680386454994,0.7158171727294926,0.5873132677927454,0.5457326158022751,0.9028867921281105,0.6604934107733423,0.995519413376781,5.854272380171296,0.0020686490957134507,6.5779187850668865,2181.0300817341954,46.294168767477835,7.647301204739366,0.3042099852347336,2850.7258657606953,5323.223106056278,352.64668979644773,191.9669578075409,19.315413188934325,4.468125796318054,1.8389422040939074,39.273726333930135,22.267023805921003,64.84293549438007,2.1062268875539303,10.407508473144844,0.5793015990944147,3.124299564375444,4.743517012740853,0.43501948995198825,0.5714926570733528,0.8899014757617876,1.5252747196946688,0.43462858258830517,0.4327267310664344,0.08476649122944284,0.19196137600248692,0.17660861635360142,2.8083761033485644,5.264468636014499,6.9729656224080845,4.757773740857374,5.43622560260701,5.693991853069747,14.072319852803835,15.110485373884003,15.68926581200824,21.14022500520755,21.067825380825493,57.79194961396696,6.7127828856166545,3.5444666146746377,25.483890764285228,89.69854239102712
20260521_115251_cloud_baseline_ua_detrac_full_suite,ua_detrac,cloud_baseline,pqc,FrodoKEM-976-SHAKE,Falcon-1024,40,56340,40,True,0,0,True,14.135755162236933,0.7887680386454994,0.7158171727294926,0.5873132677927454,0.5457326158022751,0.9028867921281105,0.6604934107733423,0.995519413376781,5.851845508809053,0.002712122932614083,6.535913003347737,2206.5494385883176,46.17395615601639,7.630166782654546,0.306243188530453,2872.783958216485,5314.484305129403,344.62941789627075,191.9669578075409,11.298128700256347,4.468126654624939,1.7958216516116727,39.48578383491099,22.267486176497105,92.84529553260654,23.752547102048993,38.37483171955682,0.5952725071190074,2.726871811531853,4.8049962752078335,0.3529112688747684,0.5802565292861541,0.5645670670061824,1.4845424801652616,0.43284775429813926,0.47096494150329543,0.0839999060262028,0.5895172430341333,0.12348225026218826,2.6603881182381883,3.146015840029577,3.2643844342965167,4.809191814274527,5.4816126749210525,5.744017585850088,13.966171000299692,15.029931152647979,15.605344577212497,18.93496752162219,21.732867733703994,59.33216474467381,6.38883077754753,3.5257961791931898,25.347922505332463,81.29444140573855
20260521_115251_cloud_baseline_ua_detrac_full_suite,ua_detrac,cloud_baseline,pqc,FrodoKEM-976-SHAKE,Falcon-512,40,56340,40,True,0,0,True,14.236777545716816,0.7887680386454994,0.7158171727294926,0.5873132677927454,0.5457326158022751,0.9028867921281105,0.6604934107733423,0.995519413376781,5.846094591925482,0.00473226956835104,6.534051894749392,2231.5831431940105,49.79023936952092,7.671384290427771,0.3057487119777837,2895.4843150389215,5697.630283575353,343.15927743911743,191.9669578075409,9.828055667877198,4.468123292922973,1.7879145187088512,39.308141367685536,22.291184247639965,78.6925678839907,9.406165173277259,24.058004131074995,0.6032399037612289,2.0915554246627948,4.880987095179688,0.335832935624017,0.5894898701447684,0.45435212514151085,1.4908141746222554,0.4339951786903008,0.4199825267821109,0.08525915871953771,0.33311994810385737,0.11244855936394833,2.0404632567078806,2.4163318549108226,2.5016225487925112,4.87286540446803,5.594042429438559,5.851719862839673,14.008512061199454,15.050739455459157,15.659938248400943,16.22533860201533,22.509638094465213,61.26502330351944,6.365307293528802,3.5421568175163203,25.461478012169255,79.75341779703001
20260521_115251_cloud_baseline_ua_detrac_full_suite,ua_detrac,cloud_baseline,pqc,FrodoKEM-976-SHAKE,Falcon-padded-1024,40,56340,40,True,0,0,True,13.959094793385074,0.7887680386454994,0.7158171727294926,0.5873132677927454,0.5457326158022751,0.9028867921281105,0.6604934107733423,0.995519413376781,5.845217207552329,0.0022800596856344395,6.477786236939171,2258.6999222611876,50.13472973171044,7.792138990104742,0.3056369110627525,2921.69365786831,5861.1332908351305,344.6516651153564,191.9669578075409,11.3203839302063,4.468122863769532,1.7959412696680914,40.28768255351767,22.482141756078075,95.27662184555084,24.3578324560076,39.45485733856913,0.5960418598619841,2.733642317717085,4.803056435303541,0.3554410670477552,0.5830238828668033,0.5384851450907192,1.505897990298022,0.43531172902945403,0.46612873576927055,0.0863381855804061,0.5959194954703717,0.1249859930855787,2.6737704931292683,3.1618435100244824,3.288435884518549,4.817821008327883,5.500528049451532,5.798630632285494,14.11191550712129,16.96282320270692,18.203770564436038,18.456646230019288,21.283823171242908,60.25953059873781,6.27339509659704,3.461751016867163,24.8518151239087,81.31777961029762
20260521_115251_cloud_baseline_ua_detrac_full_suite,ua_detrac,cloud_baseline,pqc,FrodoKEM-976-SHAKE,Falcon-padded-512,40,56340,40,True,0,0,True,14.265962881964864,0.7887680386454994,0.7158171727294926,0.5873132677927454,0.5457326158022751,0.9028867921281105,0.6604934107733423,0.995519413376781,5.845504890949197,0.003196305722777306,6.53131592077015,2281.839006220905,46.6369955123449,7.6862329079109015,0.30610465179791857,2958.8707688343875,5323.140435921076,343.18302488327026,191.9669578075409,9.851768016815186,4.468123269081116,1.7880422305047656,39.22827021102746,22.292256195320242,78.20374240691308,9.21680280007422,23.821079480694607,0.6004208297801588,2.076976447307088,4.872604213861979,0.33526679834924067,0.588803782820886,0.429448730699504,1.4865022470031966,0.4338129493871034,0.4131146432915595,0.08482402516195658,0.33265065817037465,0.11280707920258001,2.0243123348336667,2.4059931527881417,2.496649776934646,4.866815259447321,5.6001261752680875,5.8692958742321935,13.980668364905938,15.055661304885689,15.647644210817734,16.125963972747382,22.590191149831995,61.283844877420606,6.377432493110936,3.5484134728727383,25.514728988018092,79.77828802719064
20260521_115251_cloud_baseline_ua_detrac_full_suite,ua_detrac,cloud_baseline,pqc,FrodoKEM-976-SHAKE,ML-DSA-44,40,56340,40,True,0,0,True,14.268593775734866,0.7887680386454994,0.7158171727294926,0.5873132677927454,0.5457326158022751,0.9028867921281105,0.6604934107733423,0.995519413376781,5.8790902187193605,0.0031771159492932624,6.552159015567303,2306.8819841504533,46.10868220721239,7.70529137531931,0.3057802447473507,2983.140110118619,5265.177983263163,347.373965549469,191.9669578075409,14.042717742919923,4.468126368522644,1.8105830468953976,39.13073645077724,22.37418371148876,72.20366122201085,2.5633455254137516,17.760643077781424,0.5987988595794667,2.3609126346539187,4.854404002956111,0.38410302520942396,0.584340974917285,0.5633265486157618,1.502811420037715,0.43524465458856376,0.40175284309106907,0.08520991148651964,0.14267004138179568,0.14251968971855955,2.17306481936248,3.7123575614532456,4.806779921113048,4.864293371792883,5.5814113092492335,5.858722934557591,13.967565402789129,15.05137613523998,15.644721094730025,17.60421584235605,22.317483315680498,60.07830084196344,6.546021631942918,3.557514593172143,25.580889346951604,84.17143155113402
20260521_115251_cloud_baseline_ua_detrac_full_suite,ua_detrac,cloud_baseline,pqc,FrodoKEM-976-SHAKE,ML-DSA-65,40,56340,40,True,0,0,True,13.875966401837061,0.7887680386454994,0.7158171727294926,0.5873132677927454,0.5457326158022751,0.9028867921281105,0.6604934107733423,0.995519413376781,5.85267951433933,0.002702701290223479,6.477996999454261,2333.8676018434994,45.87567664566295,7.567602314067133,0.30897960844476735,3004.182981382678,5365.727315795014,349.4945350646973,191.9669578075409,16.163259315490723,4.468121981620788,1.8219884345859267,40.5528292100271,23.39226351442903,72.39401736587752,2.608705498278141,17.739993397844955,0.5977448284550133,2.8379160991795063,4.844804323156008,0.4118060674935142,0.5806442242337804,0.6783458234915428,1.5188877700850845,0.4384452783618159,0.42013629114588225,0.08793884788442527,0.1833975011613421,0.15800677612535124,2.5508120757876895,4.8647719436849,6.365466689952881,4.858989082276821,5.5859908361162525,5.886567231325898,14.167630308132896,15.278815757496195,15.909829310357633,19.371165749218832,21.56210456929251,59.06672968148867,6.393960868613588,3.434489513988885,24.691920008501835,86.39430585257944
20260521_115251_cloud_baseline_ua_detrac_full_suite,ua_detrac,cloud_baseline,pqc,FrodoKEM-976-SHAKE,ML-DSA-87,40,56340,40,True,0,0,True,13.966439421476007,0.7887680386454994,0.7158171727294926,0.5873132677927454,0.5457326158022751,0.9028867921281105,0.6604934107733423,0.995519413376781,5.852761115771811,0.003148579582285419,6.527447129586134,2358.2937461961883,47.12251362810928,7.566566290056731,0.30649778049020937,3026.4279601446606,5493.363985616731,352.6466888427734,191.9669578075409,19.315397834777833,4.468124866485596,1.8389421939591173,40.043195576261624,22.85121466751302,71.99077478144318,2.678762236610055,17.67980812001042,0.5873399141962985,3.134025417941505,4.766164810670138,0.44346062903262806,0.5771382196399798,0.8956918129253252,1.5359147786640792,0.4382079682113019,0.4346501555078359,0.08773075531411209,0.19414285190995786,0.17807538880819349,2.823675045510754,5.258632878103526,6.908065746101782,4.783780976140406,5.463077865861123,5.7620203764527105,14.190549737016301,15.289981499120506,15.903193670369792,21.069896201316023,21.004005839888105,57.92609795879586,6.581957650333356,3.4752477992594435,25.002758854545213,89.6985336040253
20260521_115251_cloud_baseline_ua_detrac_full_suite,ua_detrac,cloud_baseline,pqc,ML-KEM-1024,Falcon-1024,40,56340,40,True,0,0,True,14.098168076351508,0.7887680386454994,0.7158171727294926,0.5873132677927454,0.5457326158022751,0.9028867921281105,0.6604934107733423,0.995519413376781,5.849883282029487,0.002465980197805922,6.528980428370017,2384.0408396990533,49.97830193684588,7.600200003197507,0.30636162584831833,3048.7769076081577,5760.787760021955,344.62941522598265,191.9669578075409,11.298133277893067,4.468118929862976,1.7958216349785272,39.65869763587534,22.299100485302237,80.04024801775813,20.52581892348826,25.436443742364645,0.5955505672833344,2.722598414316311,4.7903758918833965,0.35626479543811457,0.5828549344612546,0.5646807691045389,1.5006277364033198,0.4344857714650184,0.47107136843335723,0.08513224376458119,0.5908160077783414,0.12440279002905016,2.6662602613214403,3.1425611750455573,3.261979804170551,4.802710626972839,5.468123456230387,5.755681344046025,14.02626958309645,15.136396234413652,15.783357882840459,18.843517996269174,21.590045886511398,59.56643611721945,6.36197114199206,3.5109778644604517,25.239485367520267,81.29445521275797
20260521_115251_cloud_baseline_ua_detrac_full_suite,ua_detrac,cloud_baseline,pqc,ML-KEM-1024,Falcon-512,40,56340,40,True,0,0,True,14.233235967270636,0.7887680386454994,0.7158171727294926,0.5873132677927454,0.5457326158022751,0.9028867921281105,0.6604934107733423,0.995519413376781,5.845371899325931,0.003197859072224877,6.533344151318356,2408.5208966299165,48.66727704987705,7.666511417765259,0.3052520690550363,3068.7728843268096,5570.545175809051,343.1592670440674,191.9669578075409,9.828034782409668,4.468123602867126,1.7879144462677121,39.29526006253435,22.27005807442962,67.51959123066626,7.8801884315907955,12.93684575066436,0.6028192558836004,2.091731934516205,4.885120329845201,0.3376557251707795,0.5909816164860245,0.4537787933256269,1.4895895096653826,0.4334733702235095,0.41923153497833676,0.08456296819142557,0.3330161627857713,0.11238693825119703,2.041366958292201,2.4168076721252874,2.510981683852151,4.874332685722038,5.591921376326354,5.864267017954262,14.028118616648019,15.122011636995486,15.81989636785893,16.222856566300006,22.52165897676091,61.2554844569391,6.364373069471082,3.54161573313628,25.472108459332198,79.7533921189612
20260521_115251_cloud_baseline_ua_detrac_full_suite,ua_detrac,cloud_baseline,pqc,ML-KEM-1024,Falcon-padded-1024,40,56340,40,True,0,0,True,14.12168162159107,0.7887680386454994,0.7158171727294926,0.5873132677927454,0.5457326158022751,0.9028867921281105,0.6604934107733423,0.995519413376781,5.847140684382959,0.0020552426388642663,6.534759063061682,2435.890387177499,46.45248163473202,7.62908618628618,0.3061802233591088,3090.5493985629028,5347.869892702733,344.6516633987427,191.9669578075409,11.320386028289795,4.468122482299805,1.7959412520484506,39.55254757013542,22.271247970019143,79.74344956455752,20.839336654171348,25.983871522475965,0.5945748040736646,2.725387852792088,4.796061488442099,0.35731886255894574,0.5818090656256814,0.5383870009861857,1.4962713826783687,0.43239578192354716,0.46399359077342295,0.0838194543546131,0.5940573711248167,0.1237923196287621,2.6600856785080396,3.145430891745491,3.2706486008537468,4.806941311107948,5.471677021560026,5.753898222872522,14.006958331540039,15.078751650955391,15.651491980396091,18.806203322296145,21.691240033135735,59.50255664456811,6.378366865404033,3.519573075220759,25.305806320760574,81.31777851311564
20260521_115251_cloud_baseline_ua_detrac_full_suite,ua_detrac,cloud_baseline,pqc,ML-KEM-1024,Falcon-padded-512,40,56340,40,True,0,0,True,14.28238356037824,0.7887680386454994,0.7158171727294926,0.5873132677927454,0.5457326158022751,0.9028867921281105,0.6604934107733423,0.995519413376781,5.845797422931398,0.00391990463154072,6.532503627556116,2460.677553068425,45.868304299670456,7.705321082533994,0.3057455300433563,3113.21583614867,5238.773596277873,343.1830234527588,191.9669578075409,9.851764011383057,4.468127775192261,1.7880422282037631,39.1783997241559,22.262973683643686,66.94763350242283,7.422088272869587,12.449037886108272,0.6000925816420898,2.07572951707262,4.865621756916592,0.33754332173112434,0.5897131373921122,0.429329864722743,1.4861814056819818,0.4323672919864042,0.4132428016222714,0.08311077829929614,0.33221585463347836,0.1122297437898356,2.028171834535897,2.4064772136625834,2.505407553660916,4.867914516944438,5.595123717357637,5.860508436016971,13.975328990855814,15.016926132901613,15.626886390939694,16.13688067073961,22.590455150640743,61.27266417861964,6.385054442285672,3.552649577119216,25.54840218340178,79.77828358030362
20260521_115251_cloud_baseline_ua_detrac_full_suite,ua_detrac,cloud_baseline,pqc,ML-KEM-1024,ML-DSA-44,40,56340,40,True,0,0,True,14.223161312986509,0.7887680386454994,0.7158171727294926,0.5873132677927454,0.5457326158022751,0.9028867921281105,0.6604934107733423,0.995519413376781,5.845898287487914,0.0035651304984385527,6.548021470471072,2487.6048068367763,46.09269336903221,7.680701819268583,0.3049743690740862,3136.019390190814,5278.371397843756,347.3739652633667,191.9669578075409,14.042702770233154,4.468119525909424,1.8105830404296044,39.24099167442091,22.33902088494912,60.09187296149321,0.7799719460308552,5.626576888607815,0.5976684907362665,2.3615272399456404,4.867512900007259,0.386369851122515,0.5886832355701961,0.5624099928341301,1.5155158319342927,0.43513951537853196,0.40485698075332943,0.085482049813389,0.1435457514210012,0.14236945045816896,2.1748513187048957,3.6984015034977347,4.70664434385253,4.877145048521925,5.577431812271243,5.87072708416963,14.104096393320244,15.17123429446534,15.757551845637105,17.504604078107597,22.24831738435496,60.24707853753745,6.528410186587318,3.5479708045943674,25.50644762804182,84.17143299337894
20260521_115251_cloud_baseline_ua_detrac_full_suite,ua_detrac,cloud_baseline,pqc,ML-KEM-1024,ML-DSA-65,40,56340,40,True,0,0,True,14.180218821811781,0.7887680386454994,0.7158171727294926,0.5873132677927454,0.5457326158022751,0.9028867921281105,0.6604934107733423,0.995519413376781,5.846437289285857,0.0022945680673606846,6.561155710112274,2512.1239744784034,46.74851561553187,7.647300268925454,0.30401105096246706,3155.9568738741687,5369.222731817414,349.49453659057616,191.9669578075409,16.163275527954102,4.468120002746582,1.8219884449565,39.26183266086845,22.273425545985045,60.34863665117882,0.8316919673234224,5.875664172344841,0.5924087960770337,2.819822078289063,4.813147997402359,0.4131709868723995,0.5802677921647572,0.6750424057181476,1.5127841487169573,0.43258447559750557,0.41621427994903337,0.08367617127260986,0.1799029397315098,0.1555767165811556,2.519906556699425,4.845692597737069,6.412906727666268,4.823313464294188,5.503802046005148,5.7669694695214275,14.117817880190254,15.1853849573671,15.775073086238473,19.42309745374642,21.617133662494037,58.95976888375954,6.600480600182374,3.545391619137997,25.49384854012057,86.39431749084872
20260521_115251_cloud_baseline_ua_detrac_full_suite,ua_detrac,cloud_baseline,pqc,ML-KEM-1024,ML-DSA-87,40,56340,40,True,0,0,True,14.123268987796322,0.7887680386454994,0.7158171727294926,0.5873132677927454,0.5457326158022751,0.9028867921281105,0.6604934107733423,0.995519413376781,5.862729028355902,0.002735909784935465,6.555577645885135,2536.9066506041595,49.892541808594295,7.6211030392085615,0.30452788393361835,3175.9655767735303,5748.37445585158,352.646688747406,191.9669578075409,19.315408134460448,4.468123292922973,1.838942194716191,39.42619867485059,22.329167927737586,59.982896753354,0.842775497585535,5.916734109632671,0.583782169716064,3.113510969763599,4.74695703130628,0.44804609998265377,0.5772864491738416,0.8921295784702907,1.5358020636034841,0.43484762607474015,0.432880500769509,0.08500255672466592,0.19264186865120353,0.17682401789496147,2.805658099532593,5.184920901519945,7.034495543484807,4.757355067704339,5.4382254848314915,5.7178755644126795,14.139593906499627,15.189639301297401,15.79525028789782,21.067490585668942,21.052606994735402,57.87990241959566,6.686120851872981,3.530360306373651,25.3857996922241,89.69853655908499
20260521_115251_cloud_baseline_ua_detrac_full_suite,ua_detrac,cloud_baseline,pqc,ML-KEM-512,Falcon-1024,40,56340,40,True,0,0,True,14.093011509038751,0.7887680386454994,0.7158171727294926,0.5873132677927454,0.5457326158022751,0.9028867921281105,0.6604934107733423,0.995519413376781,5.90589783575939,0.002086417999520683,6.493983077462689,2561.582320891398,49.00600510983391,7.76003228278455,0.3081492174188445,3197.6483626698523,5667.023496825824,344.62938928604126,191.9669578075409,11.298129653930664,4.468120193481445,1.795821424284578,39.88445753397038,22.50604437153011,80.6300632917555,20.91992753557861,25.988877017516643,0.6002785201160045,2.7012229150684535,4.750530799122818,0.3619075527302065,0.5822247513904936,0.5650965030349434,1.5059138149531759,0.43861255777030295,0.47560254628552184,0.08770826625462426,0.5954862405431826,0.1256912096797707,2.654737970442511,3.152587741642492,3.2851157562981825,4.779327867436223,5.463991112046642,5.763872754148906,14.013534147001806,15.204396127417917,15.895791576559777,18.819910951045927,21.50321860717251,59.67687044178156,6.325438696567536,3.490794753370744,25.10290126154631,81.29443284838061
20260521_115251_cloud_baseline_ua_detrac_full_suite,ua_detrac,cloud_baseline,pqc,ML-KEM-512,Falcon-512,40,56340,40,True,0,0,True,13.996376135402073,0.7887680386454994,0.7158171727294926,0.5873132677927454,0.5457326158022751,0.9028867921281105,0.6604934107733423,0.995519413376781,5.8902808146076415,0.006674854205290548,6.449974289584091,2582.68499558237,43.04698375755045,7.618422870615758,0.31115923255966293,3214.421229847827,5002.741560321856,343.15928077697754,191.9669578075409,9.828007030487061,4.468123984336853,1.787914527997824,40.42872793002277,22.955568375489815,66.85434273967985,8.070385595783591,13.974853476975113,0.6087004573651702,2.099531914347905,4.885026355908662,0.3439335862362386,0.5948892680724929,0.4552078548973507,1.5946452783263318,0.44366822905428294,0.44284960042273835,0.08931820444445096,0.35050531845860056,0.11766603855888784,2.0583221499691717,2.4237264099065214,2.5322177744237706,4.897604331199545,5.630054226930952,5.926512530742912,14.256426868028473,15.579445746325257,16.29240210226634,16.086166798386685,22.257811953502745,61.65602124811056,6.1825255361814895,3.4403877252031405,24.76713659427238,79.75339209666602
20260521_115251_cloud_baseline_ua_detrac_full_suite,ua_detrac,cloud_baseline,pqc,ML-KEM-512,Falcon-padded-1024,40,56340,40,True,0,0,True,13.947209001432196,0.7887680386454994,0.7158171727294926,0.5873132677927454,0.5457326158022751,0.9028867921281105,0.6604934107733423,0.995519413376781,5.890774067046206,0.005632266014544109,6.469210665361269,2608.0173269644974,39.2018945048393,7.4947678858161355,0.3107874917582203,3231.316107596961,4571.29360935042,344.651664352417,191.9669578075409,11.320395946502686,4.468127179145813,1.7959412700983577,40.420701146116286,22.769973440562477,82.98178065742832,23.66262855939567,28.779210432549007,0.6036091242007173,2.7213913296049563,4.777817562898075,0.3652764094176282,0.5850983403629688,0.5412155072298729,1.592317267351547,0.44041856149067565,0.4873817419393619,0.08657510976036469,0.6174419831661497,0.12919634506561445,2.6662191303330474,3.1570580549305305,3.3007811802381184,4.802763802581467,5.502130428649252,5.831400522438344,14.211399524484577,15.352254353621253,15.937057153777115,18.680247865147134,21.45808413440839,59.86166800044447,6.242538835299782,3.444642990793411,24.759640421779444,81.31778041775011
20260521_115251_cloud_baseline_ua_detrac_full_suite,ua_detrac,cloud_baseline,pqc,ML-KEM-512,Falcon-padded-512,40,56340,40,True,0,0,True,14.096529582933735,0.7887680386454994,0.7158171727294926,0.5873132677927454,0.5457326158022751,0.9028867921281105,0.6604934107733423,0.995519413376781,6.0398148134789045,0.0024598254726072486,6.465050414624534,2634.3655702634906,39.16166458599183,7.571210053354851,0.3103359077441525,3251.367126155073,4520.7193922309625,343.18302755355836,191.9669578075409,9.851781845092773,4.468129706382752,1.7880422474834983,40.06418005793007,22.727393936904367,67.5763605395332,7.910815766081214,12.999567249789834,0.6072762050782693,2.0743770224171145,4.861078265713903,0.3465554439287143,0.59310482055823,0.43183421739796524,1.58335209419061,0.4411827625912993,0.43378821821260727,0.08648143512243481,0.3512206906903557,0.117064584773739,2.0375631327624433,2.4024138716049492,2.51167256210465,4.880587985098828,5.621544727910077,5.921853128587827,14.226426501029914,15.407267614170076,16.0600265297106,15.98528962826138,22.337039259480772,61.67767111225784,6.246144745036286,3.4753804096979684,24.979137251408925,79.77829374361282
20260521_115251_cloud_baseline_ua_detrac_full_suite,ua_detrac,cloud_baseline,pqc,ML-KEM-512,ML-DSA-44,40,56340,40,True,0,0,True,14.025761146581772,0.7887680386454994,0.7158171727294926,0.5873132677927454,0.5457326158022751,0.9028867921281105,0.6604934107733423,0.995519413376781,5.889329577734077,0.008223978988841685,6.473830412164617,2661.1466218611004,39.13452776925739,7.5502453028543375,0.30996874750162373,3271.0145995427056,4540.005743602977,347.3739666938782,191.9669578075409,14.042726993560791,4.46812801361084,1.8105830536696979,40.23793293376964,22.916885139684748,59.944419530802406,0.7870655506849289,5.896564610884525,0.6071794441172104,2.363705951441079,4.84922382935379,0.3940844532162154,0.5906336983343781,0.5655977432388681,1.6024439851395216,0.4438427775674342,0.42540714241381067,0.0886155400303772,0.15756401877692708,0.14871290509826587,2.1790209924802184,3.7267516266729217,4.727875986834987,4.871640697820112,5.601431263494305,5.922211583238095,14.33344018063573,15.501275293999452,16.142682459474038,17.36712833964355,21.93846753441779,60.69440412593866,6.367540769196451,3.4605555913939208,24.875468543917563,84.17143801694272
20260521_115251_cloud_baseline_ua_detrac_full_suite,ua_detrac,cloud_baseline,pqc,ML-KEM-512,ML-DSA-65,40,56340,40,True,0,0,True,14.049355894616545,0.7887680386454994,0.7158171727294926,0.5873132677927454,0.5457326158022751,0.9028867921281105,0.6604934107733423,0.995519413376781,6.16206824355609,0.0020176778012523378,6.495677970900227,2686.5293593963584,39.352538672512864,7.545104447961319,0.30825561043990607,3291.9405701891073,4561.9433092780655,349.49453792572024,191.9669578075409,16.163250255584718,4.468122267723084,1.821988445253174,40.00128095259134,22.666376890830215,60.493501226301305,0.7712932303547859,6.008286602445878,0.5976011149203436,2.806516653399941,4.7764375248022635,0.4266528175053918,0.5827482373058708,0.6749064019115143,1.6056687651094765,0.4404859542886044,0.43845866026087216,0.08718473402239843,0.19590577311116503,0.16118915752800214,2.5131243135547265,4.819693336612544,6.445476096268976,4.805004230001941,5.508914980891859,5.81355609637103,14.311446250753198,15.448237658506438,16.077726266652828,19.26156623254188,21.370453219547862,59.36798054791026,6.4797580598504725,3.480594594952925,25.02030190854684,86.39429817093112
20260521_115251_cloud_baseline_ua_detrac_full_suite,ua_detrac,cloud_baseline,pqc,ML-KEM-512,ML-DSA-87,40,56340,40,True,0,0,True,14.026052072035856,0.7887680386454994,0.7158171727294926,0.5873132677927454,0.5457326158022751,0.9028867921281105,0.6604934107733423,0.995519413376781,5.869038620218388,0.001852594262403443,6.52570498656398,2712.5780830865815,39.47970058112612,7.532941743848521,0.30763297479525187,3313.4501734089945,4580.823626441792,352.64669065475465,191.9669578075409,19.315419006347657,4.4681230068206785,1.8389422011603778,39.92498592014862,22.57468522037621,60.169702337589115,0.7796274963766336,6.053992157103494,0.5873545715379787,3.116798792603357,4.731065064208268,0.45280683964697277,0.5790005995623692,0.8923703574278081,1.6142459461872378,0.43832639744822083,0.4507218192411514,0.0872628383617888,0.20627309282448927,0.18234824525971022,2.807935597957112,5.232731557043735,6.8108767606318,4.759872455906589,5.43659770701197,5.750497554603498,14.272673002585488,15.374814670801527,15.953270622117458,20.989362598517907,20.89956818107291,58.11106922040916,6.603006461567061,3.4864743766453885,25.07026310645382,89.69854488560297
20260521_115251_cloud_baseline_ua_detrac_full_suite,ua_detrac,cloud_baseline,pqc,ML-KEM-768,Falcon-1024,40,56340,40,True,0,0,True,13.9833186848744,0.7887680386454994,0.7158171727294926,0.5873132677927454,0.5457326158022751,0.9028867921281105,0.6604934107733423,0.995519413376781,5.846211165694477,0.003915758643342948,6.496721383686723,2737.4961778053935,39.73023314157733,7.541562973550505,0.3092357472049776,3339.9475309125714,4618.76881477819,344.62932271957396,191.9669578075409,11.298085784912109,4.468129181861878,1.7958209744870561,40.15146905288901,22.570370548823806,82.03889274736866,22.53819052129984,27.852878079283983,0.6021717038983414,2.7285056083682746,4.7987254420523735,0.36154157608891685,0.5858366314685248,0.5654107596771948,1.581514807102193,0.43747386733899657,0.4879007640925196,0.08638972571479211,0.6057081900750307,0.12773731596479496,2.673860661161598,3.1513997913862113,3.273196861788165,4.810880326840561,5.493755494826473,5.7932767000747845,14.167070727507587,15.270525118912113,15.867834233891728,18.80789060669924,21.5214158657023,59.67069352759849,6.282190639598246,3.466936787222275,24.928350611121463,81.29436878579793
20260521_115251_cloud_baseline_ua_detrac_full_suite,ua_detrac,cloud_baseline,pqc,ML-KEM-768,Falcon-512,40,56340,40,True,0,0,True,14.109896686323836,0.7887680386454994,0.7158171727294926,0.5873132677927454,0.5457326158022751,0.9028867921281105,0.6604934107733423,0.995519413376781,5.846281402906452,0.002595493345332871,6.51333889819373,2765.8620219669947,47.63657977255793,7.621216505391335,0.30802531574935016,3361.8418702571607,5497.103735684815,343.15930490493776,191.9669578075409,9.827995491027831,4.468129110336304,1.7879146946975226,39.774627463110484,22.531389589066727,68.26808415644336,8.116766531020403,13.330711860908195,0.6099472743660359,2.0992672698094816,4.89901685365366,0.3446571303571309,0.5957083851527673,0.45574494706579144,1.5802802493615586,0.43646110288299517,0.4335305091933318,0.08647311741742728,0.3433576132326921,0.11563165363748329,2.0580375159624964,2.4127231186139397,2.5085973748064134,4.890666315623093,5.6131635401106905,5.908533042325871,14.174763639758993,15.287242627836495,15.907829647118282,16.211666894665342,22.473629651876713,61.31470345345794,6.289390251387806,3.4999007611213324,25.164652193056753,79.75339271211816
20260521_115251_cloud_baseline_ua_detrac_full_suite,ua_detrac,cloud_baseline,pqc,ML-KEM-768,Falcon-padded-1024,40,56340,40,True,0,0,True,13.713674475860568,0.7887680386454994,0.7158171727294926,0.5873132677927454,0.5457326158022751,0.9028867921281105,0.6604934107733423,0.995519413376781,5.844137677200191,0.0042572527719352115,6.440047665559186,2790.5111527230592,47.30059727916662,7.4494523635592715,0.31210204740964925,3383.6727340632087,5581.117706447298,344.6516652107239,191.9669578075409,11.320374965667725,4.4681154012680055,1.7959412699547361,41.31064662739541,23.29785512226643,80.17827977600973,21.388124534860253,26.363776059588417,0.6067003703809053,2.764686305189951,4.859193527413514,0.36587399990536484,0.5905681798651014,0.5424635623321341,1.627795579811933,0.45544846618687435,0.49601539018678426,0.09276681875027015,0.6291310200397129,0.13393508158755682,2.7171831839950755,3.201385212887544,3.3286443561664782,4.873432339809369,5.617672226508148,5.950468651339179,14.456879933822899,15.927443423812809,17.622438275318547,18.600255991798726,21.43669153459417,59.96305247360711,6.1303148509492384,3.3826745822041047,24.330474929603675,81.31778138542208
20260521_115251_cloud_baseline_ua_detrac_full_suite,ua_detrac,cloud_baseline,pqc,ML-KEM-768,Falcon-padded-512,40,56340,40,True,0,0,True,14.077055292167438,0.7887680386454994,0.7158171727294926,0.5873132677927454,0.5457326158022751,0.9028867921281105,0.6604934107733423,0.995519413376781,5.910212732654291,0.0028264440022156582,6.444081749992702,2818.3468567520504,46.371563683302796,7.614621148884153,0.31157328142026114,3403.2060030874477,5366.209858489302,343.1830255508423,191.9669578075409,9.851757526397705,4.468111658096314,1.7880422290060216,40.23332401448299,22.91892435487224,67.90307470946573,7.963145524263382,13.070136471651495,0.6056051496663417,2.0702150540395294,4.854462348672738,0.34430990605108086,0.5923837522135862,0.43238445595327474,1.571849793662411,0.4453675372455594,0.4361430294231545,0.09057085034340921,0.3518285448479378,0.1187567785090721,2.0329006933025084,2.4085450560960453,2.522720612148987,4.878689192992169,5.62306812935276,5.946377687097993,14.118878483474159,15.520269661719922,17.142695118467785,15.988612052731654,22.332731275605806,61.67865667166253,6.218997654345971,3.4602654934654202,24.877219250053894,79.778296338907
20260521_115251_cloud_baseline_ua_detrac_full_suite,ua_detrac,cloud_baseline,pqc,ML-KEM-768,ML-DSA-44,40,56340,40,True,0,0,True,13.981603154398337,0.7887680386454994,0.7158171727294926,0.5873132677927454,0.5457326158022751,0.9028867921281105,0.6604934107733423,0.995519413376781,5.848935182487628,0.002616486281453233,6.486475862609884,2842.0123244055762,46.58285604832538,7.578006621788909,0.30909923470808087,3428.2941603611316,5419.097045614532,347.3739658355713,191.9669578075409,14.042689228057862,4.46811809539795,1.810583048310609,40.26768207079362,22.887972221547972,60.12865488009993,0.816504517570138,5.7067250774707645,0.6042081078889141,2.3825713744904986,4.905374767069288,0.3948630643258603,0.5921556629363341,0.5659932884514285,1.6107857623578128,0.445106584167689,0.42582588090275914,0.09062888115140041,0.15578519263022075,0.14911162807907993,2.1965683277812786,3.7368510794476606,4.782685194950316,4.911149101098999,5.63886965130223,5.968462281918619,14.353143362232675,15.721224550828023,17.415770838103697,17.349779896264984,22.057999696505032,60.59222040722999,6.361674288976181,3.457348478506289,24.85646919416451,84.17142721442444
20260521_115251_cloud_baseline_ua_detrac_full_suite,ua_detrac,cloud_baseline,pqc,ML-KEM-768,ML-DSA-65,40,56340,40,True,0,0,True,14.028069088272435,0.7887680386454994,0.7158171727294926,0.5873132677927454,0.5457326158022751,0.9028867921281105,0.6604934107733423,0.995519413376781,5.847256502993565,0.001897915624493147,6.530164930854657,2867.748965024083,49.34506163906624,7.576780504482985,0.30736483082133015,3449.967410949438,5721.190032064877,349.4945358276367,191.9669578075409,16.163272666931153,4.468122482299805,1.821988436100605,39.89171083152946,22.611712893694442,60.49465521646198,0.8882078807801008,5.800124348024838,0.5958054368672432,2.821906350675323,4.820087389723174,0.4213530591158734,0.5835071236684053,0.6771563917757113,1.6159601465185864,0.4393534346799706,0.4353931634869138,0.08839913695774941,0.19225032113041912,0.16080706194663874,2.5272051891079172,4.828968838555738,6.386715467961038,4.832913355494384,5.522525655833306,5.849340470158495,14.26064855384659,15.367683203724102,16.00614301037272,19.32920887242612,21.529337161188927,59.14145396638496,6.498192859521683,3.490515299553762,25.08863666333096,86.39430952076042
20260521_115251_cloud_baseline_ua_detrac_full_suite,ua_detrac,cloud_baseline,pqc,ML-KEM-768,ML-DSA-87,40,56340,40,True,0,0,True,13.968646990197225,0.7887680386454994,0.7158171727294926,0.5873132677927454,0.5457326158022751,0.9028867921281105,0.6604934107733423,0.995519413376781,5.845927443426175,0.001372448028915553,6.530037290567314,2893.3937178795704,48.19892113781675,7.572742666124559,0.3063818523533045,3469.714098853006,5608.891757847493,352.64668893814087,191.9669578075409,19.315414333343504,4.468124556541443,1.8389422017373387,40.00800970123386,22.57136335326851,60.350781661691144,0.8919280488044024,5.830159469041973,0.5873977758253868,3.1354758948115697,4.7740243749101126,0.4571565151033095,0.5831914831728786,0.8974477374839054,1.6165086875466108,0.4384946838352228,0.447959225783001,0.08843050132480121,0.20419952186397392,0.18224931373683603,2.822661901882384,5.263700737268664,6.929306981241098,4.78956597216893,5.475529361283407,5.794849846861325,14.3535494961231,15.518338994076299,16.180039342520978,20.963096337129592,20.95129292849637,58.08561073437405,6.589746889810998,3.4794915510274906,25.017901435603218,89.69854185681139
20260521_115251_cloud_baseline_ua_detrac_full_suite,ua_detrac,cloud_baseline,classical,CLASSICAL,CLASSICAL,40,56340,40,True,0,0,True,14.575426082404524,0.7887680386454994,0.7158171727294926,0.5873132677927454,0.5457326158022751,0.9028867921281105,0.6604934107733423,0.995519413376781,5.871957448605061,0.003822487289121178,6.527110984623431,772.745176651768,47.8011894699459,7.857511238414856,0.3050971890233182,1662.9437312048879,5340.836569068348,341.5926197052002,191.9669578075409,8.261376094818115,4.4681236743927,1.779488297881716,38.531959471702606,22.25131163243914,59.45318577432772,0.4254457075148821,4.866988079447765,0.6390920289212149,0.0,5.25797857894249,0.31322579944356577,0.597290311023485,0.0,1.473714483471874,0.43292585973144354,0.0,0.08322467879887392,0.0,0.09454503879626355,0.0,0.0,0.0,5.294725371641107,5.9939701088296715,6.211435893521411,14.071984692233054,15.24781169789712,15.905856993280372,5.90676552807395,26.435861342934647,67.6573731289914,6.436369887293308,3.613860605323611,25.971903386869577,78.11116011545168
20260526_181655_cloud_ag_ua_detrac_full_suite_merged,ua_detrac,cloud_ag,pqc,BIKE-L1,Falcon-1024,40,56340,40,True,0,0,True,27.48117401021947,0.7023915756083356,0.5224314488929765,0.4586913373152452,0.5187181461401436,0.8310796496488948,0.6213424581588399,0.9950082440024337,6.393997579125628,0.0016193081730402847,9.081777813260214,1264.7831456112938,36.575350314848755,4.1003877667337445,0.17094744390525027,1798.868766172949,2476.0541430411513,84.46607079505921,46.774815511703494,3.554631757736206,1.2621373414993287,1.805747780432825,31.499769253553932,18.398569133612533,106.3599087208786,21.63751538222035,52.32923497727218,0.42819531029687613,1.5416519339579533,2.116114779320261,0.2600960584408088,0.4643120883700419,0.4283822618253784,1.0796349452244443,0.3755572833039602,0.4016790595241474,0.1084381808072882,0.6274544230261749,0.11890333402250493,1.5246435995322827,1.7776935963684082,1.84987535905384,2.041137485048239,3.0321033347627235,3.285596523222921,10.004819849368289,13.498173301519449,14.76720532032645,18.449553669759187,15.097490615324697,66.4529557149161,5.337817348433399,2.9161200105718414,32.24505355769286,83.21493359702859
20260526_181655_cloud_ag_ua_detrac_full_suite_merged,ua_detrac,cloud_ag,pqc,BIKE-L1,Falcon-512,40,56340,40,True,0,0,True,27.3091610155878,0.7023915756083356,0.5224314488929765,0.4586913373152452,0.5187181461401436,0.8310796496488948,0.6213424581588399,0.9950082440024337,6.3990872100837155,0.0021310787763945873,9.103484856515706,1256.1847966597868,36.58843759047882,4.109600604642411,0.16931881954647704,1809.1422806843052,2479.84615357885,83.89163575172424,46.774815511703494,2.9802042484283446,1.2621398448944092,1.793490942593501,31.421313002792715,18.5420537892707,93.54210324345331,8.074181177653372,39.386506864017676,0.4277103972846688,1.1225090955131773,2.0932264852563707,0.24685998704501336,0.46199844381180544,0.34865631046350515,1.0782658443190338,0.379531150593615,0.3505658986585715,0.10841411112046577,0.3610279280181802,0.10883169454140647,1.1014820247510215,1.356244214139224,1.4300304197695368,2.013330163390492,3.0055038980390236,3.269623798903922,9.986419015520246,13.567223168558423,15.056867008938928,15.671196603029756,15.32440785932892,69.00439553764132,5.285334745506347,2.924284461448483,32.36242207027007,80.83229896738536
20260526_181655_cloud_ag_ua_detrac_full_suite_merged,ua_detrac,cloud_ag,pqc,BIKE-L1,Falcon-padded-1024,40,56340,40,True,0,0,True,27.664606053175124,0.7023915756083356,0.5224314488929765,0.4586913373152452,0.5187181461401436,0.8310796496488948,0.6213424581588399,0.9950082440024337,6.432428204902439,0.0021492857872722902,9.033466225564425,1256.3393055508209,36.64861160113833,4.142657304021919,0.17343549511172698,1818.8626341345284,2467.907238848071,84.47476286888123,46.774815511703494,3.563338804244995,1.2621392250061034,1.8059332348852988,31.793382361464484,18.600769335962447,107.87725605035425,22.266651930597924,53.36884955492375,0.42617439861322604,1.5276786008903431,2.1010949868127833,0.262091097693392,0.46561213905374343,0.40987425116974424,1.0856533135122668,0.3782405622196648,0.3944277087284881,0.10994906727294007,0.635261224958197,0.12031734432102895,1.5099519394425442,1.7613521216662775,1.8288068975998613,2.025119211884885,3.0119687235310266,3.2548337969219574,10.045694985776379,13.491659380951479,14.70132551452225,18.204939446101537,14.993740051003858,66.8013205028946,5.285642205765603,2.887100507750616,31.91046175054452,83.25102009275959
20260526_181655_cloud_ag_ua_detrac_full_suite_merged,ua_detrac,cloud_ag,pqc,BIKE-L1,Falcon-padded-512,40,56340,40,True,0,0,True,27.611643288426887,0.7023915756083356,0.5224314488929765,0.4586913373152452,0.5187181461401436,0.8310796496488948,0.6213424581588399,0.9950082440024337,6.453985104348189,0.0030764424686073348,8.96056453488411,1266.9560065083037,39.83008806876104,4.178700009856614,0.17776502088208682,1828.399662323678,2685.966204647807,83.90092005729676,46.774815511703494,2.9895097255706786,1.2621367216110229,1.793688937940488,32.57562610287514,20.04456349908706,93.60320044427984,7.82526716745148,39.3639834611046,0.42649312405267625,1.1124318091147507,2.0891433591949706,0.24908367660328534,0.4664175437114654,0.3331157743905472,1.0588206124766226,0.3445952739599336,0.32479848688346713,0.0874916102648157,0.3407057066440574,0.10041421013119771,1.0933586723695043,1.338458022382838,1.405208329542802,2.012324875431659,2.9956219679388596,3.2466361144106486,9.917190060832263,13.374933603545774,14.423305180683826,15.739413546172424,15.537400758733275,68.7231856950943,5.107274669803192,2.8252097910009697,31.24807799725837,80.87083272287506
20260526_181655_cloud_ag_ua_detrac_full_suite_merged,ua_detrac,cloud_ag,pqc,BIKE-L1,ML-DSA-44,40,56340,40,True,0,0,True,27.860797394951867,0.7023915756083356,0.5224314488929765,0.4586913373152452,0.5187181461401436,0.8310796496488948,0.6213424581588399,0.9950082440024337,6.45195443857447,0.00033453237410071754,9.022464057424349,1280.2160153849977,40.874093494314224,4.191931764273237,0.17365704441538266,1841.9704615626852,2734.6775256644823,85.53846774101257,46.774815511703494,4.627049684524536,1.2621321439743043,1.8286299513493174,31.606323186503552,19.156344022355814,86.32201616962145,0.7609843431661527,32.54327770522044,0.42567923758632,1.3016077949644393,2.121985321401717,0.27791249825382275,0.46151485850738255,0.4147842526367754,1.0763186620293637,0.34129499961824583,0.3129207102527169,0.08498571471171885,0.14517659958920945,0.12799452867381747,1.1864424749546743,2.1088805594627047,2.702271789563383,2.0459367980038223,3.0299535416452272,3.2817383419114776,10.019211185534676,13.532894686965472,14.449287031359978,17.0645159835344,15.52412269427786,67.41136132218773,5.444124828117023,2.905779784824218,32.13242417427566,87.66315410324071
20260526_181655_cloud_ag_ua_detrac_full_suite_merged,ua_detrac,cloud_ag,pqc,BIKE-L1,ML-DSA-65,40,56340,40,True,0,0,True,27.832345257697778,0.7023915756083356,0.5224314488929765,0.4586913373152452,0.5187181461401436,0.8310796496488948,0.6213424581588399,0.9950082440024337,6.4544430485891695,0.0038997063141321744,9.069553146202853,1292.3083217766507,40.858442345339185,4.177084943357237,0.17145325837444772,1852.9336263654095,2740.0390751620253,86.36703772544861,46.774815511703494,5.455598020553589,1.2621357202529908,1.8463095236154814,31.297436527460682,18.734391389800447,87.63329151264165,0.7926441185797255,32.8850901733252,0.425195647204817,1.6038963163849467,2.138914708124374,0.29122180927270724,0.458039782937501,0.49236358197467867,1.085437404904492,0.34002956131601786,0.32487233829088213,0.08452424072094955,0.17919241689668747,0.14082379901308545,1.4169596133797313,2.8574018107337906,3.8165457478953613,2.0615384628399624,3.046558507521695,3.2959669521169417,10.065680971669213,13.57815147190512,14.576867763943005,18.978370650840635,15.269606909760807,65.75202243939854,5.5926478949517335,2.932899130784076,32.43737975144553,91.09989604600477
20260526_181655_cloud_ag_ua_detrac_full_suite_merged,ua_detrac,cloud_ag,pqc,BIKE-L1,ML-DSA-87,40,56340,40,True,0,0,True,27.310299038084782,0.7023915756083356,0.5224314488929765,0.4586913373152452,0.5187181461401436,0.8310796496488948,0.6213424581588399,0.9950082440024337,6.43784264042762,0.00416918955617938,9.002357258462899,1305.8138618771573,40.990953568710495,4.127648409098296,0.17446495022823488,1864.0036260521906,2783.670300527352,87.59869771003723,46.774815511703494,6.687260103225708,1.2621346235275268,1.8725899044364145,32.50122818995645,19.649492720661673,87.50427677672026,0.831339112482965,33.21199788333615,0.42517210910026204,1.8265460662366906,2.166339126128759,0.3290637056168234,0.47236293054572603,0.6649347982536596,1.0976151908430858,0.34325593013055966,0.3443327852696488,0.0861215173053444,0.19664083537859806,0.16437802056841094,1.6297752132231835,3.1617732718223124,4.201569620978261,2.0888180513793486,3.072322115076531,3.3267503163442598,10.221857011333865,13.714231912054302,14.678753132223742,20.70266378068963,15.037386926979337,64.25994929233103,5.543251210676189,2.8330974351447558,31.374779925945905,96.20864756646301
20260526_181655_cloud_ag_ua_detrac_full_suite_merged,ua_detrac,cloud_ag,pqc,BIKE-L3,Falcon-1024,40,56340,40,True,0,0,True,27.450898351420516,0.7023915756083356,0.5224314488929765,0.4586913373152452,0.5187181461401436,0.8310796496488948,0.6213424581588399,0.9950082440024337,6.436578970603586,0.0014249584647378325,9.050566471838092,1306.6867733382908,40.94914515431435,4.128787754520694,0.1737169826913544,1875.5081263045263,2775.3077163143394,84.46607155799866,46.774815511703494,3.554619550704956,1.26213538646698,1.8057478712876622,31.882233739034724,19.02535137836052,161.19784906404675,21.072383193920054,106.81093177111809,0.42609197912466845,1.5294541746225305,2.1050082200666234,0.2542861397534389,0.45761411081570824,0.42018799021415043,1.0701651568182837,0.3406064339836699,0.3801217377417183,0.0848252963705285,0.595605678339369,0.11036435083903365,1.5110926127817947,1.7631874915787193,1.8332790513195505,2.0291748116505914,3.0177752216877707,3.271047409645689,9.84285127857728,13.397047938835035,14.405565936951529,18.475109858612825,15.161198742707501,66.36369139867966,5.269371292950234,2.8786393554585343,31.86428013477219,83.21493287143153
20260526_181655_cloud_ag_ua_detrac_full_suite_merged,ua_detrac,cloud_ag,pqc,BIKE-L3,Falcon-512,40,56340,40,True,0,0,True,27.761456944384967,0.7023915756083356,0.5224314488929765,0.4586913373152452,0.5187181461401436,0.8310796496488948,0.6213424581588399,0.9950082440024337,6.44336244353872,0.0016586626789510026,9.04152486656272,1303.5132736519956,40.935280542671805,4.165676468098508,0.17364596062894733,1885.4134753353537,2752.6292586358704,83.8916642665863,46.774815511703494,2.9801966190338134,1.2621338605880736,1.7934914979709249,31.65763830926848,19.212537248027875,148.68588835973546,7.519568821104864,94.02077016511612,0.42597206962737416,1.1146810137181105,2.086251100193048,0.24365049143749884,0.45899646497044844,0.3431072354906079,1.060545165544725,0.34136625409936255,0.32803758344476297,0.08506546814656016,0.33720695955394653,0.09977297786139341,1.0961617133943946,1.340359921050549,1.4030390148800507,2.0098058488656534,2.993466312855162,3.2377818886452587,9.82365810155979,13.33425802778074,14.34555239300487,15.860425708229963,15.569613892052612,68.56996039971742,5.239765225879216,2.899011388478472,32.122908702749825,80.83234863448543
20260526_181655_cloud_ag_ua_detrac_full_suite_merged,ua_detrac,cloud_ag,pqc,BIKE-L3,Falcon-padded-1024,40,56340,40,True,0,0,True,27.084523312024032,0.7023915756083356,0.5224314488929765,0.4586913373152452,0.5187181461401436,0.8310796496488948,0.6213424581588399,0.9950082440024337,6.427752319347235,0.0026874096487816074,8.927395249302368,1311.9070537419036,40.81398235424645,4.100240071277587,0.17901074511210094,1894.986783068823,2796.781218426564,84.47476525306702,46.774815511703494,3.563321352005005,1.2621297359466552,1.8059332937668213,33.2894737196112,20.32209428504072,161.16249075281908,21.060402031677466,107.00699162722836,0.4253717426703519,1.5268792857590217,2.1019336826721093,0.2619121871916382,0.4677609605479355,0.409154913000632,1.073523469729491,0.3451149425115245,0.37557206295113293,0.08700805985451551,0.6043841680557641,0.11204229797044099,1.508144911895215,1.759069695181097,1.8295654917346837,2.0247214850314776,3.006032118737494,3.2563418169302167,9.959733560002084,13.448283078089224,14.45442267025615,18.329274906139858,15.099437000462924,66.57128809339721,5.054664221208922,2.7607021789215063,30.602883194742265,83.25103637590419
20260526_181655_cloud_ag_ua_detrac_full_suite_merged,ua_detrac,cloud_ag,pqc,BIKE-L3,Falcon-padded-512,40,56340,40,True,0,0,True,27.552057569692685,0.7023915756083356,0.5224314488929765,0.4586913373152452,0.5187181461401436,0.8310796496488948,0.6213424581588399,0.9950082440024337,6.4395554326373965,0.006624659190814741,8.979557309962397,1322.245687630038,40.93945060361839,4.1475492097181546,0.17580432257939677,1906.2638476281984,2771.453857166257,83.90092034339905,46.774815511703494,2.98949933052063,1.262134575843811,1.793688944134145,32.36798144718539,19.830278712145848,146.65814020681864,7.522024284116924,93.11875949382133,0.42668977416537446,1.1124645266596125,2.0899054208973267,0.2471945746944591,0.46379176423172935,0.33006283547919535,1.066506180477949,0.3431798156199971,0.3248085716062571,0.08595788239274796,0.33932177015836784,0.10035305334808489,1.0938727638858836,1.3376723602050333,1.4037975209321303,2.01351918567525,2.9953140286124835,3.243942856526701,9.920208875613474,13.3794180749701,14.357841179403255,15.706677423354346,15.530142793214612,68.76317978343104,5.126778367000146,2.835801563547638,31.496765284359764,80.87083145419683
20260526_181655_cloud_ag_ua_detrac_full_suite_merged,ua_detrac,cloud_ag,pqc,BIKE-L3,ML-DSA-44,40,56340,40,True,0,0,True,27.46995750628137,0.7023915756083356,0.5224314488929765,0.4586913373152452,0.5187181461401436,0.8310796496488948,0.6213424581588399,0.9950082440024337,6.428288761646931,0.00270695457562687,9.011214111078235,1333.5371534121064,40.85125917678947,4.133250268844381,0.1740065143215133,1917.6419949423587,2771.5097973867387,85.5384681224823,46.774815511703494,4.6270514011383055,1.262138032913208,1.8286299538085338,32.2593762509584,19.69337181396137,139.28506666755612,0.846766020792226,85.60075259429141,0.4267235842724311,1.2983855938975983,2.125557361591446,0.2846384386410984,0.469134819922928,0.4221172289317673,1.0753213478093162,0.343137431907436,0.31597259206027717,0.08601499619717967,0.14608443396924958,0.12909641978379593,1.1835663368401583,2.0967344981909264,2.70435423323579,2.0493110101597267,3.034997660834051,3.282930843572103,10.069001461780688,13.550694701394377,14.53108632621866,16.983969369410698,15.457372787477098,67.55865784311221,5.340047736547673,2.849910441603523,31.583592465035792,87.66313694910079
20260526_181655_cloud_ag_ua_detrac_full_suite_merged,ua_detrac,cloud_ag,pqc,BIKE-L3,ML-DSA-65,40,56340,40,True,0,0,True,27.21908919558801,0.7023915756083356,0.5224314488929765,0.4586913373152452,0.5187181461401436,0.8310796496488948,0.6213424581588399,0.9950082440024337,6.41068890894672,0.005871386468098284,8.999349036169454,1346.285474250381,40.7713004676678,4.089952746662569,0.1752468177314001,1928.8338260473047,2784.9276629370006,86.36703715324401,46.774815511703494,5.455611085891723,1.2621353387832641,1.8463095196724317,32.6504033711647,19.97957941668476,141.30141794521478,0.8562961205219229,86.84123993195196,0.4266338280271951,1.6101643417449458,2.1450428587598034,0.30591257171848013,0.47202627441737677,0.5066479630629764,1.09143555274617,0.3441937894568487,0.33046106853202467,0.08691068764088465,0.18359757660793133,0.14339919287530195,1.4303651649242966,2.8412857488910954,3.800134412555053,2.0697319860119023,3.054451370244351,3.296500522432325,10.1075846232848,13.588067631822693,14.524701443238325,19.029665516721312,15.26688602001999,65.7034484632587,5.377598037361389,2.820126944594557,31.189359000124767,91.09992236486221
20260526_181655_cloud_ag_ua_detrac_full_suite_merged,ua_detrac,cloud_ag,pqc,BIKE-L3,ML-DSA-87,40,56340,40,True,0,0,True,27.318356581015166,0.7023915756083356,0.5224314488929765,0.4586913373152452,0.5187181461401436,0.8310796496488948,0.6213424581588399,0.9950082440024337,6.401193561690098,0.004149972759874306,9.048603282842475,1357.7548894674412,41.886936579562,5.264852159361025,0.17277086749917492,1938.9452585418235,2851.7467203253204,87.598699426651,46.774815511703494,6.687251710891724,1.2621301412582397,1.8725899364708058,32.185836883369646,19.24970561985709,140.98541239582119,0.923865366106232,86.98914126368133,0.4250081241641456,1.8284643454221605,2.167244046463459,0.32613376603195454,0.46854149989525656,0.6603551993852081,1.1172207381270607,0.36176115964220673,0.35753930042776816,0.09891518842403532,0.208254210345227,0.17219181301862138,1.6326837920132675,3.1527125567845355,4.1893963608054055,2.0927017145368154,3.070264304151351,3.3183566350671754,10.225599389499937,13.733728799709018,14.86511720285235,20.66196025695877,15.029350017517697,64.30868972552352,5.585133538765004,2.854842352996248,31.574482185577107,96.20865106778808
20260526_181655_cloud_ag_ua_detrac_full_suite_merged,ua_detrac,cloud_ag,pqc,BIKE-L5,Falcon-1024,40,56340,40,True,0,0,True,27.62455082608175,0.7023915756083356,0.5224314488929765,0.4586913373152452,0.5187181461401436,0.8310796496488948,0.6213424581588399,0.9950082440024337,6.404118999742309,0.00218154093475773,9.14323356718982,1349.3155543530017,36.369789710147295,4.146795838229535,0.16791474669284745,1948.7426063079597,2458.8994293761693,84.466064786911,46.774815511703494,3.5546556949615478,1.2621486186981201,1.80574762810312,30.892247004313266,17.927172084013698,278.2364296032635,22.091517845789593,224.31170360541728,0.4254067180871239,1.5260198614186011,2.100147003120222,0.2558039167337152,0.45711339017965863,0.41961408391096644,1.08002884331347,0.3564963367383197,0.38809163599249563,0.09183696609033916,0.615042540250124,0.11400430085734707,1.508390614799282,1.7560805827088188,1.8263168046432838,2.024078859540168,3.0089400907309027,3.255515801894944,9.842045738127187,13.418496742418696,14.600064954791145,18.40378096215148,15.118597009513048,66.47762202833547,5.440757507554821,2.972400170835729,32.850859402826295,83.21496350118946
20260526_181655_cloud_ag_ua_detrac_full_suite_merged,ua_detrac,cloud_ag,pqc,BIKE-L5,Falcon-512,40,56340,40,True,0,0,True,27.63362423753843,0.7023915756083356,0.5224314488929765,0.4586913373152452,0.5187181461401436,0.8310796496488948,0.6213424581588399,0.9950082440024337,6.450396860136095,0.0021895306545862024,9.14385443712244,1316.8549701842583,36.40368443349071,4.142984397302523,0.16747951425116786,1958.1221235777593,2461.8573178906818,83.89162421226501,46.774815511703494,2.980237531661987,1.2621490478515625,1.7934907012462056,30.90694317341185,18.291064054647205,265.7126676590754,7.9736597525576745,211.3454164198629,0.4281692131490568,1.1299064094307225,2.0979270724391093,0.24735131842903774,0.46073430354426803,0.3461861361398121,1.0833819563083609,0.3543281015598068,0.33245810573749085,0.08848723378191345,0.3464922568792277,0.10180463624284988,1.1110037254184135,1.3550692200624326,1.4223610599110543,2.0206830120514496,3.0039365869015455,3.257797940303135,9.870243674577353,13.345664280808185,14.592325347798687,15.860321609254209,15.51406802005115,68.62561037069466,5.367153214634917,2.969553540909866,32.8630532096638,80.83232132203064
20260526_181655_cloud_ag_ua_detrac_full_suite_merged,ua_detrac,cloud_ag,pqc,BIKE-L5,Falcon-padded-1024,40,56340,40,True,0,0,True,26.569002283175035,0.7023915756083356,0.5224314488929765,0.4586913373152452,0.5187181461401436,0.8310796496488948,0.6213424581588399,0.9950082440024337,6.424339689110914,0.005874939218769229,9.249010327368861,1272.1820877851637,36.18577856357949,3.987594039406898,0.16267563714712535,1971.948322590728,2525.213586757762,84.47476592063904,46.774815511703494,3.563351011276245,1.262148141860962,1.805933308825517,30.763541102530393,17.8420842510585,279.95231532938004,21.431873249821365,225.76805987240124,0.4305703172844023,1.548258176056597,2.129858341776677,0.26210700944372667,0.46254618401866204,0.40865050720011065,1.0879233536534278,0.35195525886972784,0.3773627914994958,0.08641397573167395,0.6158228660033618,0.11235852924685812,1.5282751672202721,1.7937937042006524,1.8701072307558206,2.051724458760873,3.0567584772325063,3.30945126098959,9.809171387355402,13.317527810178067,14.573842544259445,18.501435199178836,15.306682838718348,66.19188196210283,5.460241129571031,2.9825390882155496,32.93860115905377,83.25102253362384
20260526_181655_cloud_ag_ua_detrac_full_suite_merged,ua_detrac,cloud_ag,pqc,BIKE-L5,Falcon-padded-512,40,56340,40,True,0,0,True,27.75873481769562,0.7023915756083356,0.5224314488929765,0.4586913373152452,0.5187181461401436,0.8310796496488948,0.6213424581588399,0.9950082440024337,6.457224515247991,0.001946441733572675,9.204127418782539,1283.621416991648,36.17014436525338,4.143237403443156,0.16575269598466738,1983.8551181058851,2444.7157693509726,83.90091986656189,46.774815511703494,2.9895227909088136,1.2621435642242431,1.7936889360646604,30.43524064350825,17.912608929968325,266.8626652727956,8.444438052053254,212.87460472182525,0.4274350531784833,1.1165935308602921,2.096069098266894,0.25156595097045553,0.46248210220933067,0.3336409937596655,1.0738189952799737,0.3540276254958103,0.3266621852259368,0.0892672005556031,0.3477821640771773,0.1021839022068665,1.097907197799941,1.3424742489587516,1.4115311503919656,2.0197289648422156,2.9994656723829394,3.243612810940249,9.829677900242178,13.307074780305234,14.525788618138497,15.783282505748318,15.636076525136033,68.58064096911565,5.453938569835812,3.0170591241241307,33.31384450570441,80.87084414662431
20260526_181655_cloud_ag_ua_detrac_full_suite_merged,ua_detrac,cloud_ag,pqc,BIKE-L5,ML-DSA-44,40,56340,40,True,0,0,True,27.542599312039897,0.7023915756083356,0.5224314488929765,0.4586913373152452,0.5187181461401436,0.8310796496488948,0.6213424581588399,0.9950082440024337,6.450345303277965,0.0026283617832728095,9.179952036359643,1296.9181790030113,36.15689614094673,4.130486623226472,0.1665951794619399,1993.4516858578907,2458.155181380786,85.53846764564514,46.774815511703494,4.627063131332397,1.2621443033218385,1.8286299582985013,30.912089907683217,18.228363732499037,258.94204186048836,0.9834377095103264,204.96057858714875,0.42733014861315544,1.3038915001602054,2.1302739726528044,0.28328740772246636,0.4627400203552371,0.42002338655585564,1.1002772403134948,0.36884880674900594,0.3286103362427573,0.10049144177836555,0.15697239876026897,0.1365007994056134,1.1905373867193703,2.119829723105795,2.6963355418120054,2.054846502869623,3.0315812591470603,3.2847187198603933,10.080022226229346,13.534109524729582,14.85646724931201,16.956479875313885,15.455169128531747,67.58835099615438,5.564948676116178,2.9704887700539695,32.80052174072448,87.6631319540131
20260526_181655_cloud_ag_ua_detrac_full_suite_merged,ua_detrac,cloud_ag,pqc,BIKE-L5,ML-DSA-65,40,56340,40,True,0,0,True,27.481073330420422,0.7023915756083356,0.5224314488929765,0.4586913373152452,0.5187181461401436,0.8310796496488948,0.6213424581588399,0.9950082440024337,6.47464243605331,0.009270961508408056,9.184975381462817,1302.7058295569818,36.32214753709788,4.127174006081634,0.16594333506700493,2005.0932488276267,2471.4142270780553,86.36703743934632,46.774815511703494,5.455621767044067,1.2621405363082885,1.8463095295770053,30.825030303662835,18.206172477984403,259.24206656042463,1.0411597865944107,205.18486768548127,0.4268267436688419,1.6045955985183156,2.1436868048654185,0.3023411567368756,0.463222046030209,0.49930269837479047,1.1027715095759696,0.35445959511646496,0.3322158703653798,0.08953747092326711,0.18734108041378952,0.14612768252065778,1.4228097983504995,2.830549337377306,3.801676463590411,2.068411149230087,3.046649898024043,3.28358701932666,10.023467136344987,13.473355497187814,14.77073892609504,19.032594999692645,15.342717717855795,65.62468728245156,5.686917645752293,2.9825488034289416,32.95166398283436,91.09992803816357
20260526_181655_cloud_ag_ua_detrac_full_suite_merged,ua_detrac,cloud_ag,pqc,BIKE-L5,ML-DSA-87,40,56340,40,True,0,0,True,27.335843482139374,0.7023915756083356,0.5224314488929765,0.4586913373152452,0.5187181461401436,0.8310796496488948,0.6213424581588399,0.9950082440024337,6.470098198087723,0.008860429295658586,9.21502297388379,1313.7789287774133,38.58952034188097,4.094563308509992,0.16542750976365136,2013.9231496949367,2637.9738385690266,87.5986979007721,46.774815511703494,6.687271356582642,1.2621399402618407,1.872589910775688,30.81248901160857,18.146152060292405,259.86110814446874,1.0121057353292902,205.39162908711054,0.4271794566593069,1.8334614721886424,2.17374268818122,0.3265470918311547,0.4651740727241019,0.6553627360013399,1.104077272198395,0.34381977728647695,0.342108205740618,0.08511629149513857,0.19560969684741553,0.1642512122924685,1.635645689566445,3.1593496673849586,4.1897730162563676,2.0975808392904582,3.0751106305979192,3.324120789511653,10.063021310871886,13.539093117384947,14.614994544086406,20.882674931796224,15.23412374118673,63.88320132701705,5.8279069531591965,2.979268260774343,32.9103592009763,96.20865431702302
20260526_181655_cloud_ag_ua_detrac_full_suite_merged,ua_detrac,cloud_ag,pqc,FrodoKEM-1344-AES,Falcon-1024,40,56340,40,True,0,0,True,27.710907362448587,0.7023915756083356,0.5224314488929765,0.4586913373152452,0.5187181461401436,0.8310796496488948,0.6213424581588399,0.9950082440024337,6.484159197255623,0.0030327164811242953,9.096847361017403,1314.4283363594589,42.179153207859734,4.129915394046547,0.17071129243073674,2025.745270597979,2854.2145821513086,84.46606011390686,46.774815511703494,3.5546546459197996,1.2621412992477417,1.8057470489134146,31.26429657804807,18.44820925859617,86.5967345382766,22.67257769126445,32.040847894980594,0.4280239119722159,1.5300199575537505,2.1097103933944035,0.26573249958020817,0.4637600800581089,0.4288124192670645,1.0577873441066727,0.33719751564658745,0.37903446273803687,0.08294962469097919,0.5924996487436637,0.1092824522274198,1.5111626375073683,1.7600598547687696,1.835768779834325,2.032547198541579,3.0142936401352927,3.2577811221090087,9.892936676828947,13.358509460116574,14.280430505473465,18.54417289917155,15.240511181695473,66.21531591913296,5.374134323633516,2.9360028744101427,32.448783421194676,83.21490919381537
20260526_181655_cloud_ag_ua_detrac_full_suite_merged,ua_detrac,cloud_ag,pqc,FrodoKEM-1344-AES,Falcon-512,40,56340,40,True,0,0,True,27.98813433478154,0.7023915756083356,0.5224314488929765,0.4586913373152452,0.5187181461401436,0.8310796496488948,0.6213424581588399,0.9950082440024337,6.463386035191713,0.0019004142507174277,9.111087906814229,1322.0230883484605,42.26414107145272,4.16782513889912,0.16996171940992907,2035.6893513257687,2836.949711652651,83.8916286945343,46.774815511703494,2.980239152908325,1.2621433734893799,1.7934906510493505,30.898263778031883,18.478708623427337,73.33326584709235,9.288517913470667,18.88235838723631,0.42772949574889035,1.1294174365048602,2.0961612014005064,0.24954896702196003,0.4615028301381666,0.3494585278995183,1.0528140724756738,0.338018926741764,0.3274247841348779,0.08326871038693948,0.33541768846183856,0.09872293989660227,1.1104507644631667,1.3521761669835541,1.4184498112517758,2.0190403152810177,3.002665290459845,3.252436279308313,9.829747642190242,13.307708099553702,14.280334257780572,15.98915605744634,15.638768680343295,68.37207526221036,5.368172247630396,2.9701906962282836,32.820381578144314,80.83232697195888
20260526_181655_cloud_ag_ua_detrac_full_suite_merged,ua_detrac,cloud_ag,pqc,FrodoKEM-1344-AES,Falcon-padded-1024,40,56340,40,True,0,0,True,27.264345755681813,0.7023915756083356,0.5224314488929765,0.4586913373152452,0.5187181461401436,0.8310796496488948,0.6213424581588399,0.9950082440024337,6.438396284464849,0.003202977602612885,9.097653017231345,1334.280961906911,42.25974203973267,4.080899349521322,0.1694889732185078,2047.0040981881934,2892.2515925551866,84.47476410865784,46.774815511703494,3.5633437633514404,1.2621420860290526,1.805933263706894,31.38615488992649,18.533254057478295,85.82939921822496,21.738222513037424,31.34816029899715,0.4281080563832346,1.5352144114533381,2.115079561428889,0.2634023599169349,0.4617503879337691,0.40866049045993674,1.0637296368703728,0.3388096923590622,0.3721911866046175,0.08371568609621687,0.5980060905269518,0.10883024040555264,1.5157946269027889,1.7713336429005722,1.8453526755074563,2.040308371942956,3.0213844051831984,3.2794812029060267,9.847927014629812,13.324539573045039,14.291109433384932,18.407130254512065,15.249623041833374,66.34324670365456,5.354872639353923,2.924979476521979,32.30457098644855,83.25102781702783
20260526_181655_cloud_ag_ua_detrac_full_suite_merged,ua_detrac,cloud_ag,pqc,FrodoKEM-1344-AES,Falcon-padded-512,40,56340,40,True,0,0,True,27.524076881595143,0.7023915756083356,0.5224314488929765,0.4586913373152452,0.5187181461401436,0.8310796496488948,0.6213424581588399,0.9950082440024337,6.4491043803015105,0.004126657787570913,9.086233444012894,1345.711581868759,42.314928264195316,4.129490039243743,0.17141601224850572,2059.6071570874724,2870.946477237764,83.90092062950134,46.774815511703494,2.9895047664642336,1.2621378421783447,1.793688942269925,31.47480078260228,19.03719705641841,73.90080924724316,9.831158816814423,19.652163869735283,0.4294284530299423,1.1215838824620121,2.105302164292006,0.25347338626349325,0.4646157109084311,0.3363566582210783,1.0561946007573357,0.33950274098024097,0.3219402816277682,0.08421069696646162,0.3361822841607195,0.09863968189306657,1.1025269515812397,1.3510898462118348,1.4215766881497984,2.0271798741305247,3.0197332572060986,3.264372012748936,9.850482975593266,13.31230446184884,14.342236232866707,15.867598315193032,15.706129578715178,68.42627210609179,5.273889539245263,2.9172624869233035,32.34257079859363,80.87081825770339
20260526_181655_cloud_ag_ua_detrac_full_suite_merged,ua_detrac,cloud_ag,pqc,FrodoKEM-1344-AES,ML-DSA-44,40,56340,40,True,0,0,True,27.653429164642073,0.7023915756083356,0.5224314488929765,0.4586913373152452,0.5187181461401436,0.8310796496488948,0.6213424581588399,0.9950082440024337,6.489780563172407,0.001179169526855635,9.078495829381755,1358.0909907522255,42.44755370258643,4.1310455298762445,0.17041437298404927,2068.8835925588055,2874.3112926565673,85.53846611976624,46.774815511703494,4.627040433883667,1.2621351718902587,1.8286299059887032,31.34279131757803,18.85722934497391,67.25220332615814,2.735846807869772,12.714935069864927,0.4284345753016801,1.315448377538445,2.1361096032441615,0.2860119402549134,0.4626846487641241,0.42071789445784563,1.0774140088567778,0.3407122418449873,0.31383070517317224,0.08523339251069058,0.14530189361223264,0.12736949234209205,1.2002008852505242,2.1359950802980165,2.77941070155066,2.0587893021001946,3.0433157439802017,3.287785774871736,10.01983302232495,13.497077190868065,14.416063875340361,17.126162117632468,15.584180773728383,67.28965710863915,5.482670936987491,2.9262550534919685,32.380277694656186,87.6631194815279
20260526_181655_cloud_ag_ua_detrac_full_suite_merged,ua_detrac,cloud_ag,pqc,FrodoKEM-1344-AES,ML-DSA-65,40,56340,40,True,0,0,True,27.735016771296635,0.7023915756083356,0.5224314488929765,0.4586913373152452,0.5187181461401436,0.8310796496488948,0.6213424581588399,0.9950082440024337,6.451711540951507,0.0036230411461743496,9.105551981829574,1369.6665603502931,42.36964722300534,4.136693334461714,0.16974808357937549,2082.9485753591593,2863.3650885750985,86.36703667640685,46.774815511703494,5.455615854263305,1.262139630317688,1.8463094956668251,31.26327262271044,18.633730106424323,67.3904573903807,2.7323178946971893,12.78651070545796,0.4265735856392565,1.6054461608283277,2.1469878799674547,0.3017946756488088,0.463119097574242,0.49954439826371494,1.0874136320640009,0.34044731411234114,0.3265561664447073,0.08513484520834812,0.18087181480583983,0.14089932698810656,1.419937064019905,2.8400213451459417,3.7704133347942843,2.071585273006349,3.049248800998612,3.2905825021625787,10.085886339720233,13.536772509521409,14.50218240243099,18.94405307306128,15.296407728702075,65.75953919823664,5.6001475837723955,2.936980642062879,32.458212929465034,91.09991257827156
20260526_181655_cloud_ag_ua_detrac_full_suite_merged,ua_detrac,cloud_ag,pqc,FrodoKEM-1344-AES,ML-DSA-87,40,56340,40,True,0,0,True,27.515406491329838,0.7023915756083356,0.5224314488929765,0.4586913373152452,0.5187181461401436,0.8310796496488948,0.6213424581588399,0.9950082440024337,6.4511186730371906,0.00287766336238253,9.101339960027198,1381.7832442694576,42.346188045196854,4.111552024379651,0.16995684727934826,2093.9996694217525,2877.4889486227294,87.5986991405487,46.774815511703494,6.687253141403199,1.262134838104248,1.8725899181758625,31.571886831644953,18.748288310216864,66.98366486076945,2.7711763978004456,12.901955386526726,0.4261785994336341,1.8349845151384208,2.1750009799367094,0.329660133554013,0.4698142208153012,0.6617393632791791,1.1036213789633726,0.342870978954769,0.3443594254472163,0.08671523326944905,0.1960559900701777,0.1632953004552867,1.6310869499648106,3.177056475524295,4.192763758182991,2.098371900501661,3.074106365238549,3.326256711668975,10.20485892611537,13.656873968075027,14.647833138975818,20.718721020191374,15.100614674922799,64.18066430488582,5.688044379387709,2.907318206782993,32.17027812880305,96.20863694996271
20260526_181655_cloud_ag_ua_detrac_full_suite_merged,ua_detrac,cloud_ag,pqc,FrodoKEM-1344-SHAKE,Falcon-1024,40,56340,40,True,0,0,True,27.442276986953793,0.7023915756083356,0.5224314488929765,0.4586913373152452,0.5187181461401436,0.8310796496488948,0.6213424581588399,0.9950082440024337,6.44121762542359,0.0024617527787837426,9.070256358565013,1393.5543257306915,42.42994836897312,4.115256515118702,0.1716919317508195,2105.47222470497,2887.8593124027866,84.46609807014465,46.774815511703494,3.5546240329742433,1.262138032913208,1.8057484728430033,31.665393748730242,18.745441521641386,100.89254656371243,23.500881631237764,45.957516878964576,0.42609080812984057,1.5292550057229224,2.1085873033575253,0.2633926673841146,0.46255493840796086,0.4264006662327963,1.069494903993439,0.34182494729891644,0.38231732708635036,0.08616312997623735,0.597438486386436,0.11047633433531676,1.5104499610970379,1.760877979486395,1.8281198738295643,2.0327212470874656,3.0134983608331822,3.2612087079505727,9.922862923233827,13.412413200024227,14.40654596593708,18.42600856883671,15.154180197649154,66.41981123351414,5.305407335663005,2.8983794701401586,32.061966230543746,83.214980962297
20260526_181655_cloud_ag_ua_detrac_full_suite_merged,ua_detrac,cloud_ag,pqc,FrodoKEM-1344-SHAKE,Falcon-512,40,56340,40,True,0,0,True,27.540333580865838,0.7023915756083356,0.5224314488929765,0.4586913373152452,0.5187181461401436,0.8310796496488948,0.6213424581588399,0.9950082440024337,6.447273021288263,0.003689848216158295,9.07778898486707,1414.1156145760092,42.345691575516874,4.104987396995012,0.17006814746512292,2117.1367812747544,2874.5714055404906,83.8916076183319,46.774815511703494,2.9802274227142336,1.2621369123458863,1.7934902022375763,31.274540136549717,18.778927114387745,87.89960531800413,10.597955784760416,33.43632028839541,0.426623370350138,1.1336646249141202,2.0993549044819395,0.2466863023045173,0.4581991311625108,0.3461326058726783,1.060306873957349,0.34221986744694505,0.32951973259540146,0.08646691126248049,0.33834646115044487,0.09989837922452882,1.1159535128172138,1.3576405174717365,1.430141287662991,2.0240945252226084,3.002980215151183,3.2646981588004564,9.866356952399714,13.373879453475109,14.348900221289574,15.913331977426282,15.588958030381747,68.49770999219197,5.304928726717293,2.935155062763227,32.462736473114305,80.83229389972243
20260526_181655_cloud_ag_ua_detrac_full_suite_merged,ua_detrac,cloud_ag,pqc,FrodoKEM-1344-SHAKE,Falcon-padded-1024,40,56340,40,True,0,0,True,27.641930279479084,0.7023915756083356,0.5224314488929765,0.4586913373152452,0.5187181461401436,0.8310796496488948,0.6213424581588399,0.9950082440024337,6.4348198315923835,0.004513780083691043,9.050509586321507,1432.76431848641,42.332444153467996,4.141818783040228,0.172312725001401,2128.2632270623335,2861.09716937689,84.4747630596161,46.774815511703494,3.5633251667022705,1.2621358633041382,1.8059332588272539,31.589721739205267,18.693377398643598,101.41651505103557,24.999001482501626,47.1945439048189,0.42598012397403406,1.5269412659478314,2.107204679672499,0.2593039696796479,0.4583449883699763,0.4027403493871737,1.0675425218990733,0.3408312592628103,0.37386583531389705,0.08564275599850606,0.6012328195357179,0.11010312762580728,1.5081456749612698,1.7591940092825098,1.8289907935322844,2.030219786138332,3.013974299228721,3.257688834415603,9.919080820266483,13.454287721420215,14.402190025727725,18.292372863076235,15.169761570281159,66.53786556664261,5.3202598305998565,2.9059240485912006,32.15106484124313,83.25101885680024
20260526_181655_cloud_ag_ua_detrac_full_suite_merged,ua_detrac,cloud_ag,pqc,FrodoKEM-1344-SHAKE,Falcon-padded-512,40,56340,40,True,0,0,True,27.4003498314426,0.7023915756083356,0.5224314488929765,0.4586913373152452,0.5187181461401436,0.8310796496488948,0.6213424581588399,0.9950082440024337,6.564540098646534,0.0028126709576359347,9.095300471803046,1431.8808769354775,42.296497489104105,4.120123104141179,0.16917753273198716,2138.32265414811,2882.0671710187335,83.90092215538024,46.774815511703494,2.9895042896270754,1.2621387004852296,1.7936889916569996,31.14956122163005,18.602594960280502,86.74800214709344,10.337909722390275,33.30248794900399,0.4323246745751451,1.1259110111937438,2.1180010478327516,0.2527315382498351,0.4635139061875616,0.3321442463160326,1.0546908702074194,0.3389458485142357,0.32152204496652337,0.08467895987691175,0.336347694325018,0.09852882081308105,1.104824265712523,1.3583187010590336,1.433264347335353,2.035731975774979,3.0366727915316005,3.283325559725199,9.932733046777035,13.427521694849892,14.54268275195733,15.756509798269253,15.659138291266407,68.58435191046433,5.3266867346855635,2.9465541008709595,32.60936191410244,80.87082951295676
20260526_181655_cloud_ag_ua_detrac_full_suite_merged,ua_detrac,cloud_ag,pqc,FrodoKEM-1344-SHAKE,ML-DSA-44,40,56340,40,True,0,0,True,26.323572144995232,0.7023915756083356,0.5224314488929765,0.4586913373152452,0.5187181461401436,0.8310796496488948,0.6213424581588399,0.9950082440024337,6.45029564581362,0.0018037455001378177,9.238984993129366,1404.4686549085231,41.32252296334892,3.9657227472610592,0.16364782277391948,2150.3307053350045,2899.24401681409,85.53846850395203,46.774815511703494,4.627046251296997,1.262133526802063,1.8286299729617237,31.120315788464826,18.63702290321289,81.27344729752319,3.5620695368076367,26.795215337066715,0.4351204834404854,1.3347362385674622,2.1741948261319948,0.2890950306039623,0.46803385735511044,0.4249897997605078,1.0753682437114875,0.34009406493529587,0.3134198687103259,0.0850966745921288,0.14499028332471253,0.12727870634256383,1.2199493110529147,2.175792695088603,2.7966011543394416,2.0924130112689454,3.1156871184794,3.378877174720401,10.042617561217025,13.531347040438396,14.507704511366303,17.265454818565452,15.753874753545512,66.98067042788904,5.5274492343517325,2.950136967133927,32.64824508614762,87.66314572373966
20260526_181655_cloud_ag_ua_detrac_full_suite_merged,ua_detrac,cloud_ag,pqc,FrodoKEM-1344-SHAKE,ML-DSA-65,40,56340,40,True,0,0,True,26.23692690335456,0.7023915756083356,0.5224314488929765,0.4586913373152452,0.5187181461401436,0.8310796496488948,0.6213424581588399,0.9950082440024337,6.427821625313565,0.003190197539104355,9.223276484900307,1416.210007045703,41.45168428964971,3.9710586364047105,0.1645243375476236,2162.3867975626963,2913.0272816926167,86.3670380115509,46.774815511703494,5.455608987808228,1.2621367931365968,1.8463095347990766,31.422818024850255,18.731231027741455,82.2128080202674,3.680589748546481,27.212021210531624,0.43409740785364176,1.636818129872676,2.1880368877409238,0.3049908376528088,0.4674133810118736,0.5027273251774909,1.0923133134500354,0.3412154112441277,0.32855332096979917,0.08608914897374831,0.18143937038080185,0.14138958985485708,1.4501080615445971,2.8879969051558874,3.842991704979795,2.1064381617179606,3.1211542491291766,3.396450098254718,10.126841852495167,13.624465368172432,14.58830924671987,19.07872376644682,15.425424472038419,65.49585176151477,5.573471602836029,2.9227353330875747,32.34244252621143,91.09992261766305
20260526_181655_cloud_ag_ua_detrac_full_suite_merged,ua_detrac,cloud_ag,pqc,FrodoKEM-1344-SHAKE,ML-DSA-87,40,56340,40,True,0,0,True,27.0375986752285,0.7023915756083356,0.5224314488929765,0.4586913373152452,0.5187181461401436,0.8310796496488948,0.6213424581588399,0.9950082440024337,6.457182239945199,0.0025889183541474474,9.144018228107825,1427.079965795243,42.11884356497386,4.06493736989321,0.16815926397808859,2173.345166458165,2899.9869510493945,87.59869894981384,46.774815511703494,6.687262868881225,1.26213538646698,1.8725899299096447,31.52773998784976,18.7119132982103,80.9897428011027,3.602406762850781,26.91576179167896,0.42969778474352616,1.8507634614095743,2.19076260801997,0.3290808358050206,0.4684663174679988,0.660330676574679,1.1028702823961196,0.34175147345058277,0.3433922382677581,0.08568610227897835,0.19447677632029184,0.16302606124524022,1.6503591599757783,3.1933664871030487,4.172976199944968,2.11221044883132,3.099567168901558,3.3589708718282054,10.204366675921367,13.67142720945293,14.626191803671821,20.80289834410707,15.161344595604827,64.03575706028809,5.696665206664961,2.911595161668533,32.23325220566999,96.20865133493201
20260526_181655_cloud_ag_ua_detrac_full_suite_merged,ua_detrac,cloud_ag,pqc,FrodoKEM-640-AES,Falcon-1024,40,56340,40,True,0,0,True,26.366537801507793,0.7023915756083356,0.5224314488929765,0.4586913373152452,0.5187181461401436,0.8310796496488948,0.6213424581588399,0.9950082440024337,6.4253739711385665,0.002453899396626412,9.15966173972447,1439.3435853703918,42.32617371794545,3.9729278664712773,0.16742341387899096,2183.353658539318,2964.4139862152615,84.46605544090271,46.774815511703494,3.554623746871948,1.2621366262435914,1.8057472730107034,31.788649559248306,18.83266726502375,82.66156519239303,21.44671407683442,27.920407752753817,0.434267580436113,1.5635119086626441,2.1483861369064394,0.2648659001964902,0.4646468494034209,0.428830814776944,1.0722978436828334,0.3428192798445667,0.38205253461421657,0.0865733706519192,0.5968466727063074,0.11090057002704254,1.542952829186106,1.8163591801567236,1.897648365382338,2.06468518517795,3.084152718183759,3.347764089150587,9.983244590299764,13.565864524172573,14.639384616167252,18.584484675222416,15.290401663160342,66.12511366161725,5.288084899931134,2.888884988760063,31.96916832133571,83.21491064832331
20260526_181655_cloud_ag_ua_detrac_full_suite_merged,ua_detrac,cloud_ag,pqc,FrodoKEM-640-AES,Falcon-512,40,56340,40,True,0,0,True,27.765592977096567,0.7023915756083356,0.5224314488929765,0.4586913373152452,0.5187181461401436,0.8310796496488948,0.6213424581588399,0.9950082440024337,6.4461492786028005,0.0039558274841560975,9.072270005202022,1452.9665330664307,42.392489119916476,4.137166535858225,0.1709604182608369,2193.6268976399742,2863.32675081479,83.89161849021912,46.774815511703494,2.9802463054656982,1.262133002281189,1.7934902586246202,31.3975310595496,18.804041533729645,68.77650035930856,8.419083982395628,14.9238204696303,0.4281464672126171,1.1178369745365069,2.097797856939848,0.2516805223343173,0.46585090313724653,0.34974422859516147,1.062976223476597,0.3419556305530032,0.32948331279518445,0.08660314954918176,0.33800554847242525,0.0999301716576394,1.0991886159899877,1.3435873692287714,1.4199976881209295,2.0206130138831213,3.0021227098768577,3.2645030963249155,9.968662341286173,13.485284057948174,14.444106348118035,15.80871860865938,15.515267555697278,68.67601383564335,5.284714626551976,2.92391318835383,32.37702835077322,80.8323216668507
20260526_181655_cloud_ag_ua_detrac_full_suite_merged,ua_detrac,cloud_ag,pqc,FrodoKEM-640-AES,Falcon-padded-1024,40,56340,40,True,0,0,True,27.800505621289318,0.7023915756083356,0.5224314488929765,0.4586913373152452,0.5187181461401436,0.8310796496488948,0.6213424581588399,0.9950082440024337,6.444231127890099,0.00112462562512594,9.079633819726524,1465.999470146578,42.31404692085876,4.145506472820631,0.1714373842348186,2204.588682159675,2852.33626962262,84.47476334571839,46.774815511703494,3.5633394718170166,1.2621418952941894,1.8059332545264766,31.28803641940973,18.479495408555145,80.76741014022748,20.386133599095047,26.768778393913333,0.4267657512517971,1.528931635736834,2.107743232589762,0.26029362155104585,0.45921421647717275,0.4026566133064112,1.0685250747827875,0.33782302717480056,0.37095845694783053,0.08324098918000551,0.5983638207747992,0.10932905389933734,1.50939641171135,1.7596844807485468,1.830134299612837,2.0314786856033606,3.019601582454925,3.2588495958480053,9.878530141545365,13.390516518185189,14.371043739420179,18.396447956979596,15.249220351637177,66.35433169138322,5.3716912694909285,2.9340733280387683,32.44056422098022,83.25101601514525
20260526_181655_cloud_ag_ua_detrac_full_suite_merged,ua_detrac,cloud_ag,pqc,FrodoKEM-640-AES,Falcon-padded-512,40,56340,40,True,0,0,True,28.034861776272407,0.7023915756083356,0.5224314488929765,0.4586913373152452,0.5187181461401436,0.8310796496488948,0.6213424581588399,0.9950082440024337,6.4323167814659,0.002693094272968515,9.05596974619581,1478.2853326534155,42.43607505823637,4.18732003626314,0.17193725160575063,2215.4426315618794,2837.688852258923,83.90092005729676,46.774815511703494,2.9895032405853272,1.2621343851089477,1.7936889349685745,31.29141733396194,18.68138088196964,68.79063387301964,8.398530376143754,14.738392952979968,0.4265880952599358,1.1120385235956665,2.092764903925823,0.2452643254521864,0.4571886977788641,0.32532898559437695,1.065278609784518,0.3405621535658866,0.3221039800121834,0.08516559039128409,0.33710938286825387,0.09903699943104086,1.0933452987956116,1.336559207738901,1.4036935830808943,2.0171623011265183,2.99311069164105,3.2415887832612498,9.837907798673514,13.407159608414096,14.38993347448888,15.615764791253747,15.508585635144826,68.87564957360144,5.307418634196667,2.935843752561879,32.52539341113741,80.87083081986741
20260526_181655_cloud_ag_ua_detrac_full_suite_merged,ua_detrac,cloud_ag,pqc,FrodoKEM-640-AES,ML-DSA-44,40,56340,40,True,0,0,True,28.016514024993818,0.7023915756083356,0.5224314488929765,0.4586913373152452,0.5187181461401436,0.8310796496488948,0.6213424581588399,0.9950082440024337,6.447426830167743,0.0033067919928193206,9.081328704291238,1490.5458936308794,42.14924412353551,4.187103085162695,0.17087619083210853,2226.9136179144334,2820.898000362289,85.53846793174743,46.774815511703494,4.627047204971314,1.2621356964111328,1.8286299457379829,31.07254502546208,18.629002532676363,62.559713239897974,1.3826870902751884,7.903398074146632,0.42764429948632837,1.3027054250074044,2.133265051250464,0.2839575993540219,0.4638377340555612,0.41732845543199737,1.0787476268637604,0.34040368260242115,0.3131291190167197,0.08483347700558658,0.1455877332623174,0.12793865510300786,1.1859439608087996,2.1253108042583335,2.7505425571944215,2.05591444610036,3.0375349192036083,3.281151913390204,9.99766208572937,13.542919730223327,14.511006750565917,17.100954674202548,15.621203586288368,67.27784173950907,5.537089109157291,2.955244953717558,32.71281300959141,87.6631397056708
20260526_181655_cloud_ag_ua_detrac_full_suite_merged,ua_detrac,cloud_ag,pqc,FrodoKEM-640-AES,ML-DSA-65,40,56340,40,True,0,0,True,27.868674176454476,0.7023915756083356,0.5224314488929765,0.4586913373152452,0.5187181461401436,0.8310796496488948,0.6213424581588399,0.9950082440024337,6.440520326055811,0.0013525908904117824,9.102145137592569,1503.3509463358164,42.159029961454394,4.160889922546639,0.1700379679571745,2237.6307867595074,2832.7167157000104,86.36703743934632,46.774815511703494,5.455609560012817,1.262132954597473,1.846309523443376,31.128819669509987,18.55488501064857,62.749968291973346,1.4168363607799013,8.086083054634704,0.42664107674163426,1.6058179117046731,2.1524417418057737,0.30146629908186906,0.46362583371163335,0.4977959346120146,1.089201305171151,0.3393283774215015,0.3254537437685795,0.08413138200752308,0.1797016045424367,0.14168553323298405,1.4296502245997544,2.840279303745773,3.706092132924823,2.075483872977202,3.055148243547592,3.3002836445884896,10.071264303917065,13.620456529384494,14.5336995705029,19.017127169055072,15.375646388869587,65.60722644207536,5.624017047616396,2.9491565478979576,32.64866770053408,91.09992892106338
20260526_181655_cloud_ag_ua_detrac_full_suite_merged,ua_detrac,cloud_ag,pqc,FrodoKEM-640-AES,ML-DSA-87,40,56340,40,True,0,0,True,27.59677345806325,0.7023915756083356,0.5224314488929765,0.4586913373152452,0.5187181461401436,0.8310796496488948,0.6213424581588399,0.9950082440024337,6.4405588506228355,0.004677205243614168,9.093125609539815,1515.5988911231257,42.0640908496379,4.131520277262524,0.17077948754185573,2248.9996204204604,2844.5607191210556,87.59869980812073,46.774815511703494,6.687265062332154,1.2621388196945191,1.8725899323065687,31.53202439302131,18.75564399993585,62.85126505584534,1.5064819095035393,8.949538646508396,0.4255672168576522,1.8386550846191618,2.178144319673769,0.32942706506738234,0.46896459773215965,0.6572407182809119,1.1077239724971204,0.341867781584389,0.3428373564555237,0.08608947147131944,0.1949266319391954,0.16425250636658992,1.636547123780474,3.1828320536442325,4.219687714743486,2.1005837137636263,3.08028570645547,3.3302708980700118,10.173534989351454,13.719414245871253,14.680571444747471,20.792790599807113,15.166353144498691,64.0408562556942,5.697935061109682,2.912146579379826,32.251183687261815,96.20864975832676
20260526_181655_cloud_ag_ua_detrac_full_suite_merged,ua_detrac,cloud_ag,pqc,FrodoKEM-640-SHAKE,Falcon-1024,40,56340,40,True,0,0,True,27.653283162160022,0.7023915756083356,0.5224314488929765,0.4586913373152452,0.5187181461401436,0.8310796496488948,0.6213424581588399,0.9950082440024337,6.440099265247833,0.002074601233794407,9.033787969426921,1527.7536220264724,42.084142790003376,4.1411136173383065,0.17327539552246501,2258.9946886494263,2841.7610961909113,84.46606402397155,46.774815511703494,3.55462327003479,1.2621346473693849,1.8057478782028575,31.79304752729132,18.823809496413816,85.54215098592977,21.85598975047469,31.41080779544912,0.42563850504509365,1.5299069463559836,2.1079653670025937,0.2652807685721276,0.4678121508014307,0.42832777877035755,1.0718893159704073,0.3416646778964302,0.3819589893235724,0.08632682815268025,0.5966613908052172,0.11101221815770393,1.511800373918959,1.7607862774457317,1.8306053236228763,2.031079489097465,3.012281692826946,3.26273417018092,9.959390526937716,13.460988780294503,14.495995416066037,18.434833343707925,15.120155102317801,66.44501155397427,5.285281375893334,2.8872831532885734,31.978395168934846,83.21492005031412
20260526_181655_cloud_ag_ua_detrac_full_suite_merged,ua_detrac,cloud_ag,pqc,FrodoKEM-640-SHAKE,Falcon-512,40,56340,40,True,0,0,True,27.974707796301836,0.7023915756083356,0.5224314488929765,0.4586913373152452,0.5187181461401436,0.8310796496488948,0.6213424581588399,0.9950082440024337,6.44388439542792,0.0033607126482629326,9.045466926410015,1540.5755533871375,41.67412876478794,4.187321771262137,0.17249892742033213,2270.029965736635,2787.591772505761,83.89163298606873,46.774815511703494,2.980189561843872,1.2621349811553955,1.793490730864842,31.343196489205457,18.799274854461935,73.22244133647473,8.947925339452922,18.621299713049666,0.42622419694071184,1.1156540447521,2.0914485770533355,0.2481170783222272,0.4616882777920862,0.34462325191068316,1.0625729624158358,0.3417398660469451,0.32970583491489935,0.08639139186490218,0.33812591789804236,0.09992098614078679,1.0968664002575679,1.3381679885424091,1.4101545542580425,2.0165373251074925,2.9948526836233214,3.2482784779858775,9.914506089724181,13.452744320477455,14.467278883324695,15.79151726565641,15.528056001512345,68.68042673283125,5.294356342796681,2.9292642531297224,32.425921649592524,80.83225932441815
20260526_181655_cloud_ag_ua_detrac_full_suite_merged,ua_detrac,cloud_ag,pqc,FrodoKEM-640-SHAKE,Falcon-padded-1024,40,56340,40,True,0,0,True,27.797092565246334,0.7023915756083356,0.5224314488929765,0.4586913373152452,0.5187181461401436,0.8310796496488948,0.6213424581588399,0.9950082440024337,6.446160662899622,0.0028980751702497053,9.055431398282632,1551.4074449450607,41.87472111418943,4.155178743354566,0.17226615965252784,2280.888622421147,2819.3770727016076,84.47476534843445,46.774815511703494,3.563327360153198,1.2621378898620605,1.8059332824052068,31.382329259385408,18.563648700981172,85.8641144625532,22.533219478403527,32.2736011819264,0.4256993306363128,1.528249135287552,2.1061265252869648,0.262781913639859,0.4613478801118509,0.40328272364798484,1.0648602099179985,0.33907478921736933,0.3715260267988687,0.08355902173397431,0.5993133412060578,0.10926132070304966,1.5090882279764628,1.7621311298717046,1.831721717833716,2.028341590266791,3.0166497424943373,3.2588483071085648,9.899275328282686,13.403507173984995,14.436910207315188,18.392196228824268,15.242237493788261,66.36556627738747,5.3560703477467815,2.9255494090624508,32.34317947627046,83.25100583566054
20260526_181655_cloud_ag_ua_detrac_full_suite_merged,ua_detrac,cloud_ag,pqc,FrodoKEM-640-SHAKE,Falcon-padded-512,40,56340,40,True,0,0,True,28.08439979307292,0.7023915756083356,0.5224314488929765,0.4586913373152452,0.5187181461401436,0.8310796496488948,0.6213424581588399,0.9950082440024337,6.449355560606361,0.0015775574949186827,9.085563297486924,1563.9116177251205,43.100640159235596,4.19046841384249,0.17138283020424,2291.908287633618,2875.267018796522,83.90092024803161,46.774815511703494,2.989499044418335,1.2621325731277466,1.7936889370861422,30.983116562684142,18.56369735401741,71.70827233191328,8.810405673769614,18.529908509056742,0.4262190597661874,1.1125376645255523,2.0930153473430417,0.24601723097588285,0.4569685901999539,0.32531066041441037,1.0554489497173618,0.3387112416408954,0.320928304636954,0.08370226361970357,0.3362020653524922,0.09895417125457576,1.093565535848029,1.337349863279087,1.4021007015835494,2.016935537903919,2.9953546811884735,3.2399489860690664,9.821370050680963,13.34944048712649,14.34348915981091,15.743906672982536,15.654734361498367,68.6013589655191,5.356847397860916,2.9632421497817516,32.79121699049873,80.87083348858155
20260526_181655_cloud_ag_ua_detrac_full_suite_merged,ua_detrac,cloud_ag,pqc,FrodoKEM-640-SHAKE,ML-DSA-44,40,56340,40,True,0,0,True,27.57943010603073,0.7023915756083356,0.5224314488929765,0.4586913373152452,0.5187181461401436,0.8310796496488948,0.6213424581588399,0.9950082440024337,6.46048213668549,0.0031439567376569597,9.120143093424288,1576.5302135479265,42.08110101602935,4.127796190425046,0.16888776173413644,2302.730534889568,2847.4243648508727,85.53846869468688,46.774815511703494,4.627054452896118,1.2621349096298218,1.8286299716533918,31.054662587913004,18.59555063276481,66.10398482225719,1.606845910040041,11.987108875716027,0.42838102398402844,1.3082056177471986,2.1466639752772645,0.2844915681662713,0.4617486061509128,0.41594162971484716,1.0718984759275543,0.3389013840973895,0.3132617848908568,0.08389731538251066,0.1452925653463182,0.12784607202861914,1.1922419875190826,2.1262706556444755,2.728151974268257,2.067084149530274,3.0650971922295867,3.3234202071471373,9.991260359004443,13.531212358477546,14.482652805217649,17.074513719322074,15.66177751013974,67.26370877053819,5.539331046086095,2.9564027362096033,32.733959687744104,87.66315220165916
20260526_181655_cloud_ag_ua_detrac_full_suite_merged,ua_detrac,cloud_ag,pqc,FrodoKEM-640-SHAKE,ML-DSA-65,40,56340,40,True,0,0,True,27.02647230081002,0.7023915756083356,0.5224314488929765,0.4586913373152452,0.5187181461401436,0.8310796496488948,0.6213424581588399,0.9950082440024337,6.589040348575064,0.016653418967270996,9.13779730171333,1578.8278658980016,42.08935708710901,4.068523394057951,0.16653304574160982,2313.5717167857697,2904.914599014389,86.36703724861145,46.774815511703494,5.455614805221558,1.2621381521224975,1.846309521279887,31.176362106513682,18.506852108711815,66.68107771741538,1.6329222591593862,11.948686650551583,0.43056443667512256,1.6196930621655643,2.175106937445178,0.30704739859370467,0.4639644482338262,0.49805206416465797,1.0813465327203235,0.3379932258928921,0.32567183336329675,0.08317724811255181,0.17918044288138296,0.14140148751030077,1.433130166697083,2.878014953894308,3.892566081311088,2.0925131870171754,3.0985512614279287,3.382533709402196,10.13487844670911,13.666228683762238,14.730180075982734,18.951400317546682,15.402339644739197,65.64626003771411,5.61620273676664,2.9451448501219417,32.59020428812769,91.09992819548268
20260526_181655_cloud_ag_ua_detrac_full_suite_merged,ua_detrac,cloud_ag,pqc,FrodoKEM-640-SHAKE,ML-DSA-87,40,56340,40,True,0,0,True,26.092806516369865,0.7023915756083356,0.5224314488929765,0.4586913373152452,0.5187181461401436,0.8310796496488948,0.6213424581588399,0.9950082440024337,6.574201262771152,0.005032541400411882,9.203974570584048,1334.6690713399335,41.95674343245334,3.926938273947445,0.16256017183697696,2326.056088807911,2976.1654863748145,87.59869904518128,46.774815511703494,6.687258577346801,1.2621357679367065,1.8725899244454656,31.37885874310839,18.539039258571144,67.1449432948672,1.7169337874899306,13.843894873207319,0.4352853212473889,1.8695764213205837,2.22538519132753,0.3336468428072304,0.470082169991722,0.6591459207474237,1.0981465379136477,0.3388574423880565,0.3411737600062375,0.0834297129957092,0.1928999406621706,0.16228181848080736,1.6661590114381397,3.2132196520251455,4.305841562461864,2.139441684994381,3.1576833736835397,3.46498217646149,10.171063961501583,13.664042856582796,14.734591346964084,20.836012640223608,15.30084178335294,63.86314557642346,5.7209584415311525,2.923872941077864,32.38597775166284,96.2086477618166
20260526_181655_cloud_ag_ua_detrac_full_suite_merged,ua_detrac,cloud_ag,pqc,FrodoKEM-976-AES,Falcon-1024,40,56340,40,True,0,0,True,26.5820698766504,0.7023915756083356,0.5224314488929765,0.4586913373152452,0.5187181461401436,0.8310796496488948,0.6213424581588399,0.9950082440024337,6.622182542018154,0.007804977328900506,9.133015858314408,1334.2387420880532,41.89191079168782,3.989840716320713,0.16626645751682348,2337.3142781014876,2938.3670390163925,84.46607460975648,46.774815511703494,3.5545913219451903,1.2621371030807496,1.8057481057334577,31.53285005918592,18.54029817156,84.05767025251407,21.67966476796816,29.540394578119354,0.43828867013454287,1.5616534178702295,2.1527926991799706,0.2733729574557727,0.46829507824763805,0.4313259312781964,1.0607980628505485,0.33912724474631023,0.37991180847232153,0.08370990468334663,0.592634852553066,0.10945791640626154,1.5335586402215995,1.8020834931667196,2.0637903853494217,2.065053848127718,3.071079147157434,3.571042603442039,10.01384326632358,13.576872001261895,15.616463258914157,18.548762631507117,15.285421433501316,66.16581593499157,5.32931257519512,2.911381310976583,32.22828404407741,83.21490667448266
20260526_181655_cloud_ag_ua_detrac_full_suite_merged,ua_detrac,cloud_ag,pqc,FrodoKEM-976-AES,Falcon-512,40,56340,40,True,0,0,True,26.29356589159217,0.7023915756083356,0.5224314488929765,0.4586913373152452,0.5187181461401436,0.8310796496488948,0.6213424581588399,0.9950082440024337,6.520777549742407,0.0037253360563661055,9.194108463943099,1344.9123323204033,41.61168593104766,3.9553424123108583,0.16308862508393202,2347.907265072514,2935.1877043980357,83.8916528224945,46.774815511703494,2.9801912784576414,1.2621340036392212,1.7934913294644736,31.102045356630015,18.538296621659946,71.49531343711715,8.985224381710093,16.675864113616022,0.43794902652112844,1.1478596357299318,2.1462343082844435,0.25583393758618533,0.4678558536143724,0.3524964771137971,1.0587994437533381,0.33940513123980126,0.3268127826519466,0.08422901285841036,0.3351959954731535,0.09869749496935282,1.1223916364542674,1.3855114208854502,1.5171557694047806,2.064000683822087,3.086628041928634,3.3483046367036877,9.95777101526684,13.486658917461057,14.815242233454232,16.000102899088223,15.764431893916953,68.23546520699483,5.3378874031230374,2.953391047572249,32.66410864182872,80.8323344622327
20260526_181655_cloud_ag_ua_detrac_full_suite_merged,ua_detrac,cloud_ag,pqc,FrodoKEM-976-AES,Falcon-padded-1024,40,56340,40,True,0,0,True,26.072232372914545,0.7023915756083356,0.5224314488929765,0.4586913373152452,0.5187181461401436,0.8310796496488948,0.6213424581588399,0.9950082440024337,6.4499899431420715,0.0024173184240593153,9.202260018490618,1362.5997213441863,41.60878739769085,3.931125509762034,0.16460139211740105,2359.0721234237485,2949.48813256394,84.47476277351379,46.774815511703494,3.5633388996124267,1.2621407985687256,1.8059332466307805,31.515715081254985,18.609455213743086,83.55317533835962,21.466016109722354,29.497190307301935,0.43616892778618155,1.5668888104927858,2.1582002176952764,0.2691346366552446,0.46669130546070703,0.4094690337584831,1.0650222833573117,0.3392130827285463,0.3722784451589221,0.08382334454418836,0.5968754836103622,0.10894897131187006,1.5451974624738796,1.8252252633828903,1.9088815055947634,2.0781678507773904,3.104386344566592,3.3622020524926484,9.972621278244583,13.473638047680879,14.414447551895808,18.52727965537451,15.398414997720556,66.07430534690494,5.336581672131088,2.914853198314575,32.244432397924946,83.2510157883225
20260526_181655_cloud_ag_ua_detrac_full_suite_merged,ua_detrac,cloud_ag,pqc,FrodoKEM-976-AES,Falcon-padded-512,40,56340,40,True,0,0,True,25.765856456833667,0.7023915756083356,0.5224314488929765,0.4586913373152452,0.5187181461401436,0.8310796496488948,0.6213424581588399,0.9950082440024337,6.340749499639936,0.0024329649768447177,9.099011232487149,1372.754327512915,41.75210226412645,3.912678971916545,0.16943139347463385,2369.795516069109,2976.04685855157,83.90092177391053,46.774815511703494,2.9894928455352785,1.2621301651000976,1.7936889706051875,32.96839061446095,20.13592436803443,71.43463243871035,9.169828526986143,17.188726676492173,0.43711719531332455,1.1502092234918062,2.159693669247572,0.25792300840215643,0.47489413232668853,0.33892269804475683,1.0605106294610036,0.3444298919935237,0.3258732400026738,0.08772021119091214,0.33998251199407953,0.10062541579381903,1.127883736626245,1.4000577867409447,1.4820673438880478,2.0768793023307808,3.1171191097746487,3.393341459639487,10.027301675256505,13.602946560260477,14.606074261765741,15.740186389929999,15.617639907345222,68.64217370272476,5.047768326282802,2.792104895505484,31.007070616232618,80.87083005509837
20260526_181655_cloud_ag_ua_detrac_full_suite_merged,ua_detrac,cloud_ag,pqc,FrodoKEM-976-AES,ML-DSA-44,40,56340,40,True,0,0,True,27.24996495798431,0.7023915756083356,0.5224314488929765,0.4586913373152452,0.5187181461401436,0.8310796496488948,0.6213424581588399,0.9950082440024337,6.409930082170317,0.004114756452972704,8.997273131458822,1383.4424216304008,41.831803514097636,4.094978589658268,0.1743360577444209,2381.5077136857135,2865.6719320974635,85.53846678733825,46.774815511703494,4.627036905288696,1.2621317386627198,1.8286299253657823,32.651761847110265,19.93335933024098,64.28699713627186,1.979291570993761,10.089061895390236,0.42712245163404694,1.304007301865071,2.1380923961580898,0.2959058784217322,0.474895016521269,0.42541525413772463,1.0824044523694902,0.3435976958139199,0.31666074232850705,0.08712181283685856,0.14774622001008844,0.12914915220465545,1.1901741734618554,2.101741621008841,2.718649713722698,2.059166185790673,3.04996652630507,3.293031623485149,10.192107436439604,13.681150225540852,14.712127031814148,16.921756405182723,15.44116352978823,67.63708006502904,5.284129092863924,2.8200473809315882,31.257016475660002,87.66312716052349
20260526_181655_cloud_ag_ua_detrac_full_suite_merged,ua_detrac,cloud_ag,pqc,FrodoKEM-976-AES,ML-DSA-65,40,56340,40,True,0,0,True,26.28657678846336,0.7023915756083356,0.5224314488929765,0.4586913373152452,0.5187181461401436,0.8310796496488948,0.6213424581588399,0.9950082440024337,6.54812972236395,0.0016174771400798548,9.181225779340988,1395.3859888386742,41.07822279674759,3.9561392682214356,0.16360823145435544,2392.755649180743,2893.4868467473298,86.36703743934632,46.774815511703494,5.455614805221558,1.262139630317688,1.846309519494731,31.454291316381397,18.59848096074327,64.37574590066409,2.050236038242777,10.35889871212324,0.4338272704235234,1.6337841976011311,2.1886148864104458,0.30628640586739186,0.4653455932036422,0.49876117073133897,1.0891612449306138,0.33942405434312783,0.3262526059557745,0.08425669000116628,0.18084723358108562,0.14174004734786574,1.4491793263005093,2.8860361759871003,3.8751020719646476,2.1040397878095973,3.1124892480511335,3.383746370935114,10.220752629748826,13.771162740303154,14.72511782377038,18.87245961031032,15.307603615324956,65.81993677436472,5.5700491558578715,2.92081861493048,32.34116276324341,91.09992182010458
20260526_181655_cloud_ag_ua_detrac_full_suite_merged,ua_detrac,cloud_ag,pqc,FrodoKEM-976-AES,ML-DSA-87,40,56340,40,True,0,0,True,26.897527300061387,0.7023915756083356,0.5224314488929765,0.4586913373152452,0.5187181461401436,0.8310796496488948,0.6213424581588399,0.9950082440024337,6.394738491335483,0.004075432092218898,9.15899196118672,1408.468212257707,41.361939640842664,4.021698277185098,0.16603374458404468,2403.2851553058886,2869.89166720481,87.59869771003723,46.774815511703494,6.687263059616089,1.262135624885559,1.8725899077892305,31.53053042469413,18.652829579996656,64.59455266813166,2.0944497470433516,10.467730571569215,0.4307793158270986,1.8580379990180411,2.2078926103871126,0.33357324627062984,0.47075391689852975,0.6593281419320941,1.102918175245911,0.3418087969211146,0.3427711541007493,0.08563172008140885,0.19610637495941163,0.163425348579703,1.6615563152299728,3.199830082630797,4.235557698084449,2.130023365316447,3.1194241835692083,3.3857279384246795,10.222684010953293,13.744281769426482,14.725441678554512,20.76702419234725,15.212135015253537,64.02084079239921,5.697756179689543,2.9119717877260003,32.25935158927363,96.20865047561486
20260526_181655_cloud_ag_ua_detrac_full_suite_merged,ua_detrac,cloud_ag,pqc,FrodoKEM-976-SHAKE,Falcon-1024,40,56340,40,True,0,0,True,26.458596463017557,0.7023915756083356,0.5224314488929765,0.4586913373152452,0.5187181461401436,0.8310796496488948,0.6213424581588399,0.9950082440024337,6.397229275476337,0.0024695700420723126,9.16725819762463,1421.7321940013048,42.04790378339985,3.98123686117212,0.1664912754852607,2414.597341565505,2942.3900208011364,84.46610074043274,46.774815511703494,3.5546102046966555,1.26213800907135,1.8057487941814632,31.463198032413334,18.589989102605365,91.21535612212028,22.111389382431906,37.00613277069351,0.43220107118006046,1.5541420002783584,2.1404516819552044,0.26516848494969797,0.4641857968022968,0.42703859834928826,1.0671362993231603,0.33940819383494436,0.38008543905125,0.08476578170186486,0.5945815515164382,0.1102471622726365,1.5331776630773675,1.8003793555908487,1.8828181756252889,2.061490626510931,3.0643462628722773,3.3282750139260315,9.94138528521459,13.50790700792613,14.443049968387328,18.601987704485964,15.327149805369794,66.07086249014425,5.3409240521883055,2.917782025528902,32.27669960807251,83.21497550673462
20260526_181655_cloud_ag_ua_detrac_full_suite_merged,ua_detrac,cloud_ag,pqc,FrodoKEM-976-SHAKE,Falcon-512,40,56340,40,True,0,0,True,26.46585088694141,0.7023915756083356,0.5224314488929765,0.4586913373152452,0.5187181461401436,0.8310796496488948,0.6213424581588399,0.9950082440024337,6.405313528577812,0.0032159304990271773,9.213683903511305,1435.165700531975,42.19825376598571,3.9929634960634433,0.16477016060787908,2425.4785053802857,2947.691807781413,83.89164261817932,46.774815511703494,2.9802340984344484,1.2621395111083984,1.7934909053448251,31.19382635558287,18.597331139532034,79.4249271452524,9.377724320317308,24.64281540463465,0.43410664502312474,1.138785054773581,2.1367183226483286,0.2515954352362539,0.46622285163357147,0.3495615695987998,1.0598782364354187,0.3392042620395036,0.3278027775594395,0.0846082581051254,0.3357870364935868,0.09909328048262218,1.117865839114529,1.3799059206576203,1.4520817615702981,2.0567198924254626,3.0671220657313825,3.337665328348521,9.91658420348917,13.444961332042544,14.365325125488141,15.896605988058473,15.671865942821707,68.43152806911982,5.31994426393516,2.943427552186288,32.577734843880634,80.83234633431005
20260526_181655_cloud_ag_ua_detrac_full_suite_merged,ua_detrac,cloud_ag,pqc,FrodoKEM-976-SHAKE,Falcon-padded-1024,40,56340,40,True,0,0,True,26.870001642727978,0.7023915756083356,0.5224314488929765,0.4586913373152452,0.5187181461401436,0.8310796496488948,0.6213424581588399,0.9950082440024337,6.413938372465857,0.0032996886961510125,9.135523989137603,1447.4588853661558,42.32756781361995,4.008949158698284,0.16706528253219957,2437.253843052867,2929.2867472203166,84.47476296424865,46.774815511703494,3.5633288860321044,1.262139129638672,1.805933232547119,31.41833367612142,18.54075895935468,93.24644932069835,23.061561537906528,38.18541418198341,0.43195925804846136,1.5496512237586675,2.137415236698465,0.2638407093504773,0.4628638435141618,0.4051162771039805,1.0697337288786692,0.33881482039454136,0.3721354024032135,0.0842307682740104,0.5966998353916949,0.10959492529894624,1.5288261995010544,1.7944373147838633,1.870253014996706,2.060178027386428,3.063469482367509,3.3102081922261277,9.950274949351302,13.505940438680298,14.476203771893148,18.448505857284268,15.324457921981894,66.22703622073384,5.348356731184004,2.92127254352755,32.32016882799975,83.2510054903159
20260526_181655_cloud_ag_ua_detrac_full_suite_merged,ua_detrac,cloud_ag,pqc,FrodoKEM-976-SHAKE,Falcon-padded-512,40,56340,40,True,0,0,True,28.056173611256874,0.7023915756083356,0.5224314488929765,0.4586913373152452,0.5187181461401436,0.8310796496488948,0.6213424581588399,0.9950082440024337,6.428720499567568,0.0015959714014216625,9.082145242349842,1461.262656141966,42.48405393461344,4.180267781549147,0.17036927263587617,2447.682181327539,2844.5935450170064,83.90091977119445,46.774815511703494,2.9895084857940675,1.2621394872665406,1.7936889204596838,30.998675398179863,18.51596607692024,78.64536461578003,9.45411294233054,24.408520657379995,0.42755958018715623,1.1118570299031036,2.0977596164934154,0.24673910932564996,0.45970136299889824,0.32741094517426783,1.0600033107545286,0.3375351526544837,0.32127906805250495,0.0839525600513688,0.33509379532422257,0.09861995272422988,1.0934535766864428,1.3346069721956155,1.3990907654952025,2.023008412652416,3.0010140472950297,3.2493414226337336,9.874882742505545,13.451263381478771,14.38782128030644,15.704915745646536,15.618908731843558,68.67617552250991,5.353211044610054,2.961228832679184,32.770175449910504,80.87083109959929
20260526_181655_cloud_ag_ua_detrac_full_suite_merged,ua_detrac,cloud_ag,pqc,FrodoKEM-976-SHAKE,ML-DSA-44,40,56340,40,True,0,0,True,27.96805350839669,0.7023915756083356,0.5224314488929765,0.4586913373152452,0.5187181461401436,0.8310796496488948,0.6213424581588399,0.9950082440024337,6.428174349373293,0.0013905474792061823,9.092560965505806,1474.1945175709595,42.36902268208761,4.172727477738223,0.16959427894964185,2458.7578277657135,2844.5180156992046,85.53846707344056,46.774815511703494,4.627049779891967,1.2621364831924438,1.8286299400322772,31.036254817233647,18.532330462493558,72.23054680689529,2.4076861950258417,17.938969754080365,0.42723407588652773,1.3030848838921785,2.1367925635564684,0.2864428249702521,0.46640523321722915,0.41766912524627137,1.0766697282877722,0.33847148755752043,0.31270495709891455,0.08414336709882775,0.14506388913383234,0.1273901787083847,1.1838839403935708,2.1368960323161446,2.7977337493721275,2.060354136483511,3.0420226552087115,3.2886854737080284,10.039066742654914,13.571295620095459,14.506983007233098,17.04251976425243,15.582586767265013,67.37489346848255,5.540320096407434,2.9568817564946164,32.74989683859307,87.66313512671763
20260526_181655_cloud_ag_ua_detrac_full_suite_merged,ua_detrac,cloud_ag,pqc,FrodoKEM-976-SHAKE,ML-DSA-65,40,56340,40,True,0,0,True,27.80809972830542,0.7023915756083356,0.5224314488929765,0.4586913373152452,0.5187181461401436,0.8310796496488948,0.6213424581588399,0.9950082440024337,6.438660893635635,0.0008173050821897124,9.105222273494585,1487.574223059793,42.373565062426884,4.158620340191905,0.16982651433762735,2470.315111716113,2853.727675220326,86.36703848838806,46.774815511703494,5.455621385574341,1.2621401071548461,1.8463095492854023,31.193833396691172,18.56775546964254,71.88569555837603,2.3988850958024464,18.167132369126193,0.42605231206302685,1.6019664172097063,2.1553938385084224,0.301561387363145,0.46306819521791615,0.493867428213306,1.0873690774246643,0.33933834544058267,0.3267771477199271,0.08458194900717865,0.1803081194716476,0.14169569748046262,1.418633222419885,2.8376487395871663,3.8023965936881723,2.078259225891088,3.057823742419714,3.3029451995607815,10.089964663515238,13.662315557641813,14.601953299631777,18.914647238014467,15.353071519656504,65.73228124232904,5.612200053528707,2.942997412360138,32.57433410642484,91.09993456224119
20260526_181655_cloud_ag_ua_detrac_full_suite_merged,ua_detrac,cloud_ag,pqc,FrodoKEM-976-SHAKE,ML-DSA-87,40,56340,40,True,0,0,True,27.558131474112372,0.7023915756083356,0.5224314488929765,0.4586913373152452,0.5187181461401436,0.8310796496488948,0.6213424581588399,0.9950082440024337,6.433598870118059,0.00297483171141338,9.11482057027147,1501.3925413639718,41.333857574168164,4.128172822891054,0.1701776713298789,2482.122412317507,2802.3360916065594,87.59869866371155,46.774815511703494,6.68726658821106,1.26213641166687,1.8725899223451727,31.508810371008547,18.727161570524277,72.03545374941314,2.4661606643348932,18.213453606585972,0.4255029512405059,1.8313319686041667,2.1832551199712595,0.3336980746614009,0.471641817618746,0.656961329092726,1.1043640026762955,0.34133012832037773,0.3428025755133337,0.08613568879518592,0.19639613768553466,0.1639944716689672,1.6316936253133463,3.1703455927708997,4.144854526544805,2.1076598513900535,3.084885841999494,3.323517051030649,10.196744822619342,13.713144394898887,14.683040905968642,20.728688682219396,15.206926396687674,64.06438492109294,5.700490467890647,2.913806346342446,32.22668506662329,96.20866267092268
20260526_181655_cloud_ag_ua_detrac_full_suite_merged,ua_detrac,cloud_ag,pqc,ML-KEM-1024,Falcon-1024,40,56340,40,True,0,0,True,27.71015553922503,0.7023915756083356,0.5224314488929765,0.4586913373152452,0.5187181461401436,0.8310796496488948,0.6213424581588399,0.9950082440024337,6.433742176187707,0.005064915375038501,9.061959812757191,1512.610942812049,41.60409660990236,4.140844970310406,0.17249640321944132,2492.517572964244,2810.5882286354013,84.46606869697571,46.774815511703494,3.554664945602417,1.2621404647827148,1.805747816602656,31.551977646265023,18.683302261077813,80.94246463733725,21.27988791714112,26.092593907742412,0.4260701149004181,1.527594350846655,2.1102019288679794,0.26531974577284745,0.4658830694007362,0.42429661046109335,1.074576031926726,0.3406224164515677,0.3811830160094469,0.08558888307158471,0.596466324119397,0.11037051509061575,1.5097967036126647,1.758412838098593,1.829449778640992,2.0350267903268104,3.0115697043584078,3.262853059990448,9.924894802746014,13.530566412559846,14.50375526623083,18.491653183468316,15.228013516286348,66.28033330024535,5.326612276316853,2.909956857195432,32.19272002595496,83.21497100902512
20260526_181655_cloud_ag_ua_detrac_full_suite_merged,ua_detrac,cloud_ag,pqc,ML-KEM-1024,Falcon-512,40,56340,40,True,0,0,True,28.029338179715957,0.7023915756083356,0.5224314488929765,0.4586913373152452,0.5187181461401436,0.8310796496488948,0.6213424581588399,0.9950082440024337,6.443360184479255,0.003763826395958085,9.072058267884008,1523.860167555944,42.255351822552484,4.186286262575823,0.17098355035136178,2503.308894141315,2828.6129691790647,83.89165196418762,46.774815511703494,2.9801952838897705,1.2621361494064331,1.7934912317702676,31.124321322339892,18.57706632312457,65.98239075125699,7.7692326391115785,12.572670896164103,0.42704688879676456,1.1137116912224987,2.0938279706273333,0.24768989551609494,0.4616561695362993,0.34307715002935024,1.0612517931903684,0.3385742412128614,0.3268357523798497,0.08417636402550602,0.3362400865304827,0.09913658433282393,1.0948660485155415,1.3378608447237639,1.4058410923971678,2.0180497398541775,2.9972568656739895,3.241946238944365,9.871698010103382,13.423438083034801,14.412592917617431,15.762812449488052,15.52625329289243,68.71093425761951,5.330226800605381,2.94912062992499,32.638505975551894,80.83230188017278
20260526_181655_cloud_ag_ua_detrac_full_suite_merged,ua_detrac,cloud_ag,pqc,ML-KEM-1024,Falcon-padded-1024,40,56340,40,True,0,0,True,27.762515205368327,0.7023915756083356,0.5224314488929765,0.4586913373152452,0.5187181461401436,0.8310796496488948,0.6213424581588399,0.9950082440024337,6.435158481306965,0.0021716228731791126,9.075511577080922,1537.4957105810347,42.3318088348503,4.147356845781124,0.17158819390818972,2515.0181281898404,2857.275730280454,84.47476267814636,46.774815511703494,3.563330888748169,1.262139081954956,1.8059332474885257,31.383339254959736,18.528429292171303,80.68844437123819,21.88418791629374,26.740565279881896,0.4260872935139881,1.5271794207507021,2.111063230959389,0.263600874461081,0.462735614419012,0.4022807496788608,1.0681215241405722,0.33846277568379673,0.37175639064845556,0.08411910741031363,0.5986886657355497,0.1093050517805196,1.5075979499670211,1.759696778790385,1.829975122367614,2.034818672836991,3.0153854620584752,3.2613304604310542,9.925459535373538,13.470460161528592,14.462714242172263,18.33515369503109,15.237796437692998,66.42704986727593,5.353287635226666,2.923985943876561,32.34249347473453,83.25100913401346
20260526_181655_cloud_ag_ua_detrac_full_suite_merged,ua_detrac,cloud_ag,pqc,ML-KEM-1024,Falcon-padded-512,40,56340,40,True,0,0,True,28.000659078904636,0.7023915756083356,0.5224314488929765,0.4586913373152452,0.5187181461401436,0.8310796496488948,0.6213424581588399,0.9950082440024337,6.439235064494779,0.004644183691631605,9.08274952621448,1550.4524319994998,42.409470513963264,4.183554496448517,0.1704098224796684,2525.2579174321168,2842.960715024062,83.90092206001282,46.774815511703494,2.9895001888275146,1.2621335506439209,1.7936889797073203,31.153812460805494,18.532810223032854,66.37350904978425,7.737348120038708,12.575490729674735,0.4269219880443469,1.1115059963469232,2.09728657082755,0.24826327511080687,0.46120170743867905,0.32720966565912807,1.0648245563491465,0.33836844399689203,0.321639395199998,0.08396651414505336,0.33526260647611805,0.09873824602407685,1.092431786673842,1.3359955052146688,1.4026733013888588,2.020481650833972,3.001256997449673,3.24562527796661,9.897594687305858,13.445467768691222,14.427568571122265,15.581645323636696,15.507227031047233,68.91112764531606,5.331412137679209,2.9491766821942322,32.6324922977345,80.8708413893723
20260526_181655_cloud_ag_ua_detrac_full_suite_merged,ua_detrac,cloud_ag,pqc,ML-KEM-1024,ML-DSA-44,40,56340,40,True,0,0,True,27.939782966507675,0.7023915756083356,0.5224314488929765,0.4586913373152452,0.5187181461401436,0.8310796496488948,0.6213424581588399,0.9950082440024337,6.440935564862585,0.003919227188487675,9.116208609337644,1563.961891324271,42.39404778829475,4.16616846180558,0.16943239291032755,2536.530645224527,2847.423716849435,85.53846716880798,46.774815511703494,4.627055501937866,1.2621401786804198,1.8286299400420603,31.044791274074917,18.510361145370318,59.25947434734553,0.698187310869495,5.629832054789101,0.42740600194496414,1.302944297964456,2.136569276174783,0.2867568852835852,0.4660327862073754,0.4162266514358798,1.0823786664732369,0.3381874530716025,0.3126865554497978,0.08392577865947258,0.14390021453262575,0.12764100612569848,1.1881541744514834,2.11693392117013,2.78186184578226,2.057327553120558,3.0451244677897193,3.290947722613055,10.070337888953812,13.654966018954957,14.646198995254963,17.011935878437104,15.560288226781967,67.42777589478092,5.540826765297931,2.9571908250473316,32.74495855970863,87.66313389105028
20260526_181655_cloud_ag_ua_detrac_full_suite_merged,ua_detrac,cloud_ag,pqc,ML-KEM-1024,ML-DSA-65,40,56340,40,True,0,0,True,27.55757401422401,0.7023915756083356,0.5224314488929765,0.4586913373152452,0.5187181461401436,0.8310796496488948,0.6213424581588399,0.9950082440024337,6.437750344695907,0.0019438731700595802,9.111115538270631,1576.4958783243492,42.21740122789571,4.1215670964212,0.16872305336559582,2546.3808533926713,2859.725035190187,86.36703763008117,46.774815511703494,5.455622911453247,1.2621400833129883,1.8463095310147302,31.181939656224365,18.539476596101004,60.159616684904904,0.6958016427233815,5.64981705150179,0.42879520984098934,1.6111311715266574,2.1619387450382748,0.299805105082294,0.46145436982237226,0.49376666253837787,1.0899243561133694,0.33877490046953357,0.32516405543623594,0.08420699495761941,0.1791264106539155,0.1416293968548358,1.4276552632509265,2.8475822929976857,3.800922427304613,2.084129664217471,3.0695492598897545,3.3196679086249787,10.134486580020422,13.71945914794082,14.69008769762878,18.930565397203516,15.346348707968357,65.72308589482813,5.613650433302468,2.943801771782476,32.57607714183929,91.09993608364567
20260526_181655_cloud_ag_ua_detrac_full_suite_merged,ua_detrac,cloud_ag,pqc,ML-KEM-1024,ML-DSA-87,40,56340,40,True,0,0,True,25.59863064162903,0.7023915756083356,0.5224314488929765,0.4586913373152452,0.5187181461401436,0.8310796496488948,0.6213424581588399,0.9950082440024337,6.425216327926852,0.004853326747408677,9.126078992885875,1267.2558412105843,41.5783742927623,3.9197849409317227,0.16425133446990872,1794.7886552066218,2965.3218274132387,87.59869818687439,46.774815511703494,6.687262105941772,1.262135100364685,1.8725899103777934,31.538590051981515,18.65850888783754,60.672875336361656,0.8099335168177884,5.696814943560943,0.44777388687514463,1.889154893920081,2.227412383286532,0.3205738558854495,0.47722907073285786,0.6637366251417964,1.100947316563834,0.3421962629932839,0.34067943012721386,0.08397365583105913,0.19517425149069223,0.16266037230275604,1.686920075735543,3.2420764074049657,4.346435414583538,2.1427766274427995,3.178105862461962,3.460737720160978,10.234494826499326,13.882436125922146,14.866501453082815,20.991548122526403,15.171898700234868,63.83655317723874,5.694096947474781,2.910320923543057,32.214480981712086,96.20865978292385
20260526_181655_cloud_ag_ua_detrac_full_suite_merged,ua_detrac,cloud_ag,pqc,ML-KEM-512,Falcon-1024,40,56340,40,True,0,0,True,27.559400078205066,0.7023915756083356,0.5224314488929765,0.4586913373152452,0.5187181461401436,0.8310796496488948,0.6213424581588399,0.9950082440024337,6.436856210558332,0.0038033357985023824,9.074299838841837,1599.8252270391665,42.077397472051146,4.112648311167968,0.17063584694096884,2568.9665114841882,2856.3974599926064,84.46607966423035,46.774815511703494,3.554649496078491,1.2621328592300416,1.8057479087958839,31.429795848365643,18.54251551970223,80.5289555228228,21.331784230036043,26.045354259258602,0.42878775582753637,1.5323033740159115,2.11681162479067,0.2646563952277237,0.4654913315367854,0.42363766800320235,1.065586771607848,0.33816052631574683,0.3785639365311058,0.08380575184969499,0.5942429977111912,0.10973819839961743,1.5147813115618192,1.7651518259299337,1.8343310960844974,2.040994426351972,3.024111384511343,3.261587617198529,9.941026126207575,13.462330049783072,14.456109280513882,18.471660069968017,15.214496107259645,66.31384382277233,5.346839720857684,2.9209850316657096,32.32290661414129,83.21502664596258
20260526_181655_cloud_ag_ua_detrac_full_suite_merged,ua_detrac,cloud_ag,pqc,ML-KEM-512,Falcon-512,40,56340,40,True,0,0,True,27.819301187151353,0.7023915756083356,0.5224314488929765,0.4586913373152452,0.5187181461401436,0.8310796496488948,0.6213424581588399,0.9950082440024337,6.437960392879913,0.0010780849911619025,9.090087968466758,1612.0376675891284,42.072776242174996,4.161359492059186,0.17007498616433286,2578.983293544478,2832.6287413854966,83.8916515827179,46.774815511703494,2.9802289485931395,1.2621333122253418,1.793491201711055,31.118268946790163,18.591193898654815,66.3561371943312,7.566568604670465,12.326029278240943,0.42796375549482735,1.1153239862545263,2.100162464408263,0.24877115911680042,0.4638126125988256,0.3448563480208182,1.0618410878274562,0.33918766875971473,0.3273352291517419,0.08467975233985325,0.3366591296867488,0.09905749128722226,1.0957881866488606,1.3374362674949225,1.4098817885533208,2.0235476124071283,3.0023397936020046,3.256815827160608,9.901274334803318,13.436023266839774,14.43697906705142,15.80938693705917,15.58229212005321,68.60832094288762,5.334489896978232,2.9514834235872835,32.6611129671285,80.83238242213008
20260526_181655_cloud_ag_ua_detrac_full_suite_merged,ua_detrac,cloud_ag,pqc,ML-KEM-512,Falcon-padded-1024,40,56340,40,True,0,0,True,27.629406055351303,0.7023915756083356,0.5224314488929765,0.4586913373152452,0.5187181461401436,0.8310796496488948,0.6213424581588399,0.9950082440024337,6.426917732268689,0.001333880726377135,9.042888161762507,1624.534753109167,42.091848428084226,4.136883582945083,0.17237275394391519,2589.541107782152,2853.6930418609663,84.47476239204407,46.774815511703494,3.5633257389068604,1.2621379852294923,1.8059332271768676,31.818522125724257,18.78440097946634,79.64545839289106,20.837182520578303,25.64804396958304,0.4271640919499081,1.5283316427602927,2.1129274202116712,0.26626188080957386,0.4650394441448486,0.4053543041950626,1.0738803390107587,0.3416588396951263,0.374247305245303,0.08610902749580031,0.6007126348627428,0.11059470344001983,1.509862474995316,1.7593633177239099,1.831836594559718,2.037338777881814,3.018633913998201,3.2574566098992364,9.988351325193838,13.53808069846022,14.514397481544723,18.210527600839335,15.12247929338324,66.66699310577744,5.289477830171793,2.889108645621003,31.965959914097066,83.25100533806801
20260526_181655_cloud_ag_ua_detrac_full_suite_merged,ua_detrac,cloud_ag,pqc,ML-KEM-512,Falcon-padded-512,40,56340,40,True,0,0,True,27.9798957355839,0.7023915756083356,0.5224314488929765,0.4586913373152452,0.5187181461401436,0.8310796496488948,0.6213424581588399,0.9950082440024337,6.431247894525034,0.002264759896639652,9.089801655929513,1636.946727209122,42.11384804012697,4.176014802950337,0.1710739744306669,2600.493513688707,2827.1962688509316,83.90092167854309,46.774815511703494,2.9894955158233643,1.2621310710906983,1.7936889771610915,31.24113279797668,18.688735364607716,66.88470243134361,7.711604951570431,12.35384466429726,0.42598758783205903,1.110422175784544,2.1006361947385566,0.24991396466371651,0.46439964428767777,0.33002648613825203,1.0608139857529544,0.3401948978971782,0.3227415815539577,0.08553314145257271,0.33725733388774753,0.09935139898908232,1.0915717262832914,1.3338861305237515,1.4036026999528985,2.025541924376739,2.9977129286999116,3.2464596503414214,9.906087562339776,13.453217572388535,14.44159784714709,15.646357887502859,15.579942305936575,68.77369980656057,5.312530574807633,2.9387121324660535,32.52998058466481,80.87083822670863
20260526_181655_cloud_ag_ua_detrac_full_suite_merged,ua_detrac,cloud_ag,pqc,ML-KEM-512,ML-DSA-44,40,56340,40,True,0,0,True,27.93873606219254,0.7023915756083356,0.5224314488929765,0.4586913373152452,0.5187181461401436,0.8310796496488948,0.6213424581588399,0.9950082440024337,6.433279043306729,0.00150461368905756,9.124766556817132,1648.7166114143815,42.09993474077047,4.164396086666329,0.16957903474209976,2611.007964765665,2831.7143980883284,85.53846735954285,46.774815511703494,4.627044057846069,1.2621344327926636,1.8286299405637358,31.036562468145085,18.547044551242124,60.120481629686154,0.7877827777216833,5.542908609641017,0.426404298180473,1.302605310399761,2.1427162065841863,0.2865664709433455,0.46508239278722474,0.4164303469748251,1.082282333550863,0.3386850701256251,0.3126140149630662,0.08444512634514786,0.14465815414831762,0.12725720775465452,1.1872754119394813,2.114770133557613,2.7395579577423623,2.0646642966312356,3.051429323058983,3.304014993198507,10.039162013872524,13.589989811787053,14.542967957279851,17.032554498419195,15.638152741566671,67.32929276001414,5.543092234562145,2.958400544974409,32.75823595024309,87.66313143185863
20260526_181655_cloud_ag_ua_detrac_full_suite_merged,ua_detrac,cloud_ag,pqc,ML-KEM-512,ML-DSA-65,40,56340,40,True,0,0,True,27.764189887810467,0.7023915756083356,0.5224314488929765,0.4586913373152452,0.5187181461401436,0.8310796496488948,0.6213424581588399,0.9950082440024337,6.430930535739378,0.003760491360661154,9.109032105520065,1660.1051106299062,42.07099884465026,4.140691966985422,0.16915244745447394,2622.0655553892684,2841.2777167330655,86.367036485672,46.774815511703494,5.455602216720581,1.2621381282806396,1.846309512999564,31.25780281199809,18.576382720892354,59.72890452649153,0.7583473886673648,5.5636464775792165,0.4267230352951173,1.599892447770794,2.160217125119161,0.306290657482701,0.46823434906456124,0.49954727797551757,1.0903181619574682,0.3389624775122798,0.3260115211951721,0.08439757319518655,0.1800112568991563,0.14146445933067975,1.416732923098607,2.8011515576145025,3.8283571867941646,2.082793596855481,3.0665361833234783,3.3087035870412365,10.150232803657815,13.669411631888199,14.636960692562116,18.88350471103654,15.339584299754023,65.77691098920944,5.601896721899304,2.9375356151337666,32.523591771242856,91.09989178797159
20260526_181655_cloud_ag_ua_detrac_full_suite_merged,ua_detrac,cloud_ag,pqc,ML-KEM-512,ML-DSA-87,40,56340,40,True,0,0,True,27.55863100282222,0.7023915756083356,0.5224314488929765,0.4586913373152452,0.5187181461401436,0.8310796496488948,0.6213424581588399,0.9950082440024337,6.433474106184127,0.0023294088023461147,9.11152059653312,1672.5230421595247,41.19883192134054,4.120035012709648,0.16915911792423027,2631.246143180192,2797.1815200836404,87.5986997127533,46.774815511703494,6.6872704982757565,1.2621366024017333,1.8725899323451067,31.343637968649354,18.58692234740709,59.71340971361012,0.7807949790731072,5.484088597222581,0.4276597739873587,1.848551031423123,2.185052188162634,0.3343183023759574,0.4701242993053173,0.65448401696866,1.0999087731504376,0.3398240364361945,0.34173738987626245,0.0851754671601167,0.19407317601408974,0.16340832729336988,1.648822937568184,3.193135253386571,4.209615828964161,2.1074632884847233,3.086792840367707,3.335296411300078,10.165164914320155,13.682462359113106,14.638013274724063,20.835458205627603,15.21817473355316,63.94636706081923,5.731794239111922,2.929572907391442,32.42944822363977,96.20866740343392
20260526_181655_cloud_ag_ua_detrac_full_suite_merged,ua_detrac,cloud_ag,pqc,ML-KEM-768,Falcon-1024,40,56340,40,True,0,0,True,27.679541023401704,0.7023915756083356,0.5224314488929765,0.4586913373152452,0.5187181461401436,0.8310796496488948,0.6213424581588399,0.9950082440024337,6.425167743518618,0.0035899242990598324,9.072312873530178,1684.4052993309888,40.55673970137008,4.136239370983663,0.17113014203967009,2642.724303520373,2747.939467403482,84.46603322029114,46.774815511703494,3.5546226024627687,1.2621379375457764,1.805747079443352,31.396068439299984,18.553314644388685,81.43058999582232,22.279169340617955,27.062215042678872,0.42793003336318397,1.5302533144924435,2.113528571275743,0.26517059897742346,0.4637199148765797,0.4240575001983692,1.0645848327299579,0.3388243268901175,0.37984923718726044,0.08455167337033846,0.5951079964592966,0.10996281383908073,1.5117241629923228,1.7616487558552762,1.8345722942176508,2.038067222747486,3.01894425349019,3.2662800804755534,9.924714408983803,13.442755148825691,14.418645653937109,18.510230243177585,15.25173746151449,66.23803229530793,5.352147883352219,2.923890365899227,32.35404454723481,83.21484906005499
20260526_181655_cloud_ag_ua_detrac_full_suite_merged,ua_detrac,cloud_ag,pqc,ML-KEM-768,Falcon-512,40,56340,40,True,0,0,True,27.95179801506553,0.7023915756083356,0.5224314488929765,0.4586913373152452,0.5187181461401436,0.8310796496488948,0.6213424581588399,0.9950082440024337,6.433837722073849,0.011089425008990305,9.07160703509571,1697.2470395349724,40.87809683810291,4.168467194564359,0.17025553523555276,2653.082558596789,2749.2787509183227,83.8916365146637,46.774815511703494,2.980211019515991,1.262138295173645,1.793490809003849,31.197438815715618,18.58871484359429,66.73812737923677,7.430399092845619,12.297560806230953,0.4280124541603064,1.1151956258452302,2.097794576166579,0.2502243731011422,0.46318888270990505,0.3451684867378355,1.0554562639623686,0.3385331082618313,0.3273415299429188,0.084412310570665,0.33581947254250083,0.09913040907701823,1.0960702351439977,1.340082761926169,1.4034985410253284,2.0205624095979147,3.003136861443636,3.246492435457185,9.917508149132225,13.489954984074638,14.478673456898232,15.720952944793552,15.488647758952208,68.79039929625424,5.315818327617515,2.9411260109775155,32.56525806413525,80.8322973313519
20260526_181655_cloud_ag_ua_detrac_full_suite_merged,ua_detrac,cloud_ag,pqc,ML-KEM-768,Falcon-padded-1024,40,56340,40,True,0,0,True,27.561910759815333,0.7023915756083356,0.5224314488929765,0.4586913373152452,0.5187181461401436,0.8310796496488948,0.6213424581588399,0.9950082440024337,6.43203981144454,0.001590136446502045,9.082578652355446,1709.313617259021,41.16874485417069,4.119167737097297,0.17095009692672267,2664.501635589593,2794.8570695315584,84.47476401329041,46.774815511703494,3.5633335590362547,1.2621374368667602,1.8059332543605926,31.47333274396277,18.56961884829169,80.82953241707098,21.75090714202573,26.41082514091977,0.4273395661245451,1.527986692746234,2.1096795066462057,0.2666356793915409,0.46374582997507635,0.4049782680402837,1.0670488287037625,0.33899337363473575,0.372955574721178,0.08440884717477586,0.598913706655026,0.1098176706161377,1.5091501241840888,1.756617554819968,1.8294288664619671,2.0333317523181904,3.015942390229611,3.26849670860247,9.96126470008027,13.49308198429608,14.518201539765474,18.318054774531713,15.196935636716002,66.48500958875228,5.340353083438744,2.9168914279234164,32.27521333091373,83.25102943755444
20260526_181655_cloud_ag_ua_detrac_full_suite_merged,ua_detrac,cloud_ag,pqc,ML-KEM-768,Falcon-padded-512,40,56340,40,True,0,0,True,27.816215059541626,0.7023915756083356,0.5224314488929765,0.4586913373152452,0.5187181461401436,0.8310796496488948,0.6213424581588399,0.9950082440024337,6.475640330923061,0.0034392754789687925,9.101561069705182,1721.815806773849,41.10310215330719,4.150934197741643,0.16937131146501488,2676.714275094703,2776.3955671899284,83.90092148780823,46.774815511703494,2.9895037174224854,1.262136197090149,1.7936889567772887,31.09874090619264,18.551926197373028,66.78538160873966,7.324748594934741,12.256408126389335,0.4280864567349104,1.114971811735884,2.1056027548327414,0.25224118075272683,0.46406933856837274,0.33035710283510494,1.0528291311039144,0.33825275617773337,0.3223786713663551,0.0840960668530314,0.3357687455120044,0.09895481645235146,1.0965722842229297,1.34113474865444,1.4066287576206378,2.0301279615523526,3.014117614548013,3.2574490455372143,9.952123676447105,13.544421362483423,14.465812506079587,15.663791818314944,15.599007810554905,68.73720037113016,5.336159934337289,2.9518040674636823,32.66088300089909,80.8708387042532
20260526_181655_cloud_ag_ua_detrac_full_suite_merged,ua_detrac,cloud_ag,pqc,ML-KEM-768,ML-DSA-44,40,56340,40,True,0,0,True,26.483694469860307,0.7023915756083356,0.5224314488929765,0.4586913373152452,0.5187181461401436,0.8310796496488948,0.6213424581588399,0.9950082440024337,6.701621554339686,0.001973583470368227,9.16789740701515,1554.9950816572177,40.42084272728876,3.981773159041645,0.16327741349506752,2687.255767864158,2839.1577348714454,85.53846755027772,46.774815511703494,4.62704815864563,1.2621344327926636,1.8286299493968676,31.157554661208774,18.536534069823954,60.55462890423466,0.757205036158363,5.681221336029315,0.43622583525954484,1.3313749594107978,2.1853923340007193,0.29902437077989263,0.47208284037125675,0.42525171142822593,1.0769789928651765,0.3381342580694243,0.3132898175134177,0.08412706377155904,0.14504917489129715,0.12774810238261342,1.2130940634961007,2.147998891705356,2.8014767073764157,2.097958746526274,3.106357980905159,3.5010017100794313,10.169884915265417,13.694806313572343,15.066011677547227,17.10118106308305,15.732696180386029,67.16612275653092,5.5191988869333555,2.9457246100892585,32.60134786906019,87.66314524652452
20260526_181655_cloud_ag_ua_detrac_full_suite_merged,ua_detrac,cloud_ag,pqc,ML-KEM-768,ML-DSA-65,40,56340,40,True,0,0,True,27.70964249435574,0.7023915756083356,0.5224314488929765,0.4586913373152452,0.5187181461401436,0.8310796496488948,0.6213424581588399,0.9950082440024337,6.455396982623791,0.003135732534952853,9.215657389812414,1250.7317147692322,36.03880282518278,4.156313864046428,0.16296039653762012,3769.5182912919067,2427.684086261871,86.36703839302064,46.774815511703494,5.455610990524292,1.262142038345337,1.8463095383131871,30.21689020118606,17.648086977576572,57.7434744152318,0.7552336435765028,5.241448985179886,0.4415863577821943,1.6222213314265477,2.150817429345655,0.2941952555476425,0.46876929706457204,0.504150842541146,1.094442150806199,0.3388926408449849,0.32288793333062105,0.07399225991520322,0.17756954814514553,0.1414340285684959,1.4391170858289115,2.8801307802496012,3.864203613920836,2.0740888750879094,3.0615958335692994,3.3121805857517757,10.031906416194326,13.516013175800424,14.512454494174346,19.240620405482126,15.28356787258856,65.47581172192932,5.7925423770815545,3.0377894009851736,33.58738406746089,91.09989874306498
20260526_181655_cloud_ag_ua_detrac_full_suite_merged,ua_detrac,cloud_ag,pqc,ML-KEM-768,ML-DSA-87,40,56340,40,True,0,0,True,26.73323014127707,0.7023915756083356,0.5224314488929765,0.4586913373152452,0.5187181461401436,0.8310796496488948,0.6213424581588399,0.9950082440024337,6.445392056616987,0.003524342745370705,9.09464124250826,1275.18140316203,42.19250151541579,4.022923676713981,0.16627548941410303,1829.6589171417731,2922.19718682925,87.59869923591614,46.774815511703494,6.687261629104614,1.2621353149414063,1.8725899353682187,31.486353839731372,18.66168364709264,60.01857358302611,0.7974359672516584,5.874095785353953,0.43941183944831286,1.8705784106475192,2.199275665065503,0.3158326891507182,0.4698592669532339,0.6579014358791891,1.1023091170659622,0.3434948922356943,0.34145127206902026,0.08576219856083493,0.19475594876541077,0.16520794003047284,1.669387084984919,3.2490418363158824,4.299344244616804,2.1208461264905054,3.1315653993806336,3.3899184351757867,10.23083153679003,13.851429611182548,14.820683613432479,20.933185368810012,15.103156260988817,63.963658370201166,5.70644882573456,2.9164605176074057,32.30348238008677,96.20865357622822
20260526_181655_cloud_ag_ua_detrac_full_suite_merged,ua_detrac,cloud_ag,classical,CLASSICAL,CLASSICAL,40,56340,40,True,0,0,True,26.60938899096889,0.7023915756083356,0.5224314488929765,0.4586913373152452,0.5187181461401436,0.8310796496488948,0.6213424581588399,0.9950082440024337,6.366321277077471,0.00290023015163328,9.146465303311636,1247.4871284791718,36.53180466747205,4.0311344867423715,0.16643383374680326,1736.6590176948434,2517.810867391724,83.27949299812317,46.774815511703494,2.3680664539337157,1.2621330499649048,1.780429297937393,31.333781755068173,18.88359290926456,58.54312866864954,0.4263130249455571,4.234077600055268,0.43964646901062016,0.0,2.1438400060116107,0.2373485788436728,0.4635138787878887,0.0,1.0700083051107636,0.3866707465534065,0.0,0.11315906590224392,0.0,0.09163495895225202,0.0,0.0,0.0,2.0580038013576996,3.125898579664863,3.3922674367622676,10.097565612436686,15.275845694535167,17.193556316293062,6.447590323533748,16.807433321754864,76.74497635471138,5.2204372594564985,2.928316479074578,32.19951836707164,78.2932255587118
20260526_160123_cloud_baseline_mot17_full_suite,mot17,cloud_baseline,pqc,BIKE-L1,Falcon-1024,7,5316,7,True,0,0,True,7.446087259236289,0.7380300020467594,0.4758247419292903,0.45116033149655344,0.6910965848282794,0.7797265855410386,0.7249408551912541,0.9524993578714935,5.837992066375116,0.005996794034769437,4.980092104506502,788.3625954718029,42.981171993029214,9.10892704863831,0.4042335797090913,3771.8489195126267,5922.264179126821,377.0583398001535,211.07787799835205,6.562849862234933,2.674125535147531,1.789498206172121,110.64523812566082,74.2115985162579,107.46329069869327,22.82642652945859,52.919126830862034,0.7101929254127393,2.82773598530501,6.704732697028519,0.2840936245956192,0.4844102306281285,0.47095710466097024,3.223237402434269,0.7951195230176514,0.8831756981514252,0.12136895713979258,0.6624701795031649,0.14700995023238322,2.824990835506469,3.1861307748061205,3.366401686798781,6.71041599707678,7.702296145725995,8.265551027642298,30.56216286490538,32.25640250908067,33.092578239404304,11.866302239100014,16.747713986363713,71.38598377453626,4.590508057806892,2.550209662433058,11.924353403593832,80.084272781998
20260526_160123_cloud_baseline_mot17_full_suite,mot17,cloud_baseline,pqc,BIKE-L1,Falcon-512,7,5316,7,True,0,0,True,7.506410559248536,0.7380300020467594,0.4758247419292903,0.45116033149655344,0.6910965848282794,0.7797265855410386,0.7249408551912541,0.9524993578714935,5.840671014556519,0.005525164711793843,4.921851900370944,794.7891839140655,43.27111819745236,9.102957799536926,0.4066052550609528,3773.6575740121184,5970.578571021382,376.2657454354422,211.07787799835205,5.770211356026786,2.6741083690098355,1.7843626853062031,110.95240206973641,74.64541918384974,92.80578572569149,7.372135828648295,38.59688429760614,0.7371323335280678,2.4140803623653224,6.918515730509696,0.27763797476167607,0.4934546674365063,0.39138961385381194,3.2218502794016755,0.801425399829367,0.8334747345755441,0.12227833814608347,0.38994704865362667,0.1358934267778599,2.4342583658705865,2.725142559003351,2.909507024866928,6.909003423061222,8.003902778727934,8.535468782398052,30.79659206495115,32.54548550853718,33.44429442380567,10.516814614509855,17.294469299767506,72.18871608572263,4.550226504991544,2.541646145552751,11.861694758923543,79.07360066503882
20260526_160123_cloud_baseline_mot17_full_suite,mot17,cloud_baseline,pqc,BIKE-L1,Falcon-padded-1024,7,5316,7,True,0,0,True,7.53900435335951,0.7380300020467594,0.4758247419292903,0.45116033149655344,0.6910965848282794,0.7797265855410386,0.7249408551912541,0.9524993578714935,5.8361917562825125,0.0020599747464540756,4.988372604090668,797.3713048259599,43.290318645198646,9.182829181810787,0.40609228260378943,3784.2937315292315,5963.876741013759,377.0704198564802,211.07787799835205,6.574826376778739,2.6741019657679965,1.7895768547760456,109.40156181051962,73.32055959693447,103.19914653830763,21.317834832838603,55.28669200638043,0.7352841114941896,2.896055687826816,6.87188354945632,0.2874531248743858,0.49113441945707076,0.453092692272965,3.209812750662858,0.7845916373154899,0.8649077174263609,0.1204761958839634,0.6587491441887859,0.14447701544688113,2.9089586293723966,3.2480435096658766,3.4661311531505947,6.86514242884836,7.956694408286629,8.524878036530156,30.252611586948063,31.952098716245853,33.037052533176094,12.048809672417633,17.15746243988752,70.79372788769486,4.642094448108209,2.578651373715369,12.058698995081299,80.09967231766446
20260526_160123_cloud_baseline_mot17_full_suite,mot17,cloud_baseline,pqc,BIKE-L1,Falcon-padded-512,7,5316,7,True,0,0,True,7.454915623099734,0.7380300020467594,0.4758247419292903,0.45116033149655344,0.6910965848282794,0.7797265855410386,0.7249408551912541,0.9524993578714935,5.825658299417181,0.0,4.943261208900763,802.5359545188622,42.71178489877587,9.073497368698892,0.4054754635889487,3784.8195012973947,5902.882631361422,376.278564453125,211.07787799835205,5.783039637974331,2.67415646144322,1.784445611721024,111.98260932698436,75.13109022570596,92.54958861440953,8.307658401983124,38.4349497367761,0.7356208902406245,2.4169738093219846,6.932989096859544,0.27853897804765687,0.49705421621601775,0.3762533055593577,3.258652650700147,0.8066516194822542,0.8305224804256517,0.12157312657119011,0.3954415806071335,0.13701720289941632,2.414640937266605,2.7598935819696635,2.9401947132178714,6.925812556541392,8.010680357360147,8.516523119428062,30.94344930419805,32.94416365726761,34.06216683491159,10.39150325448214,17.18311536664709,72.42538137887077,4.511824908774981,2.5199247611136735,11.793389735411385,79.08989938255411
20260526_160123_cloud_baseline_mot17_full_suite,mot17,cloud_baseline,pqc,BIKE-L1,ML-DSA-44,7,5316,7,True,0,0,True,7.542348336338732,0.7380300020467594,0.4758247419292903,0.45116033149655344,0.6910965848282794,0.7797265855410386,0.7249408551912541,0.9524993578714935,5.833331729267455,0.0009602129563275752,5.047322509329737,809.1416711917781,42.42116615216128,9.167838500598455,0.4026933152948812,3790.499577973532,5835.079399884314,378.5382167271205,211.07787799835205,8.042650495256696,2.6741301672799245,1.7990881317413052,109.47084368354733,73.53016406044942,85.46701713930815,0.8133045796837125,30.877080845779606,0.724598782040613,2.6053528853279952,6.843555996927983,0.30839599439609466,0.49141927564994264,0.4736078415270258,3.2537479621429055,0.7866434471356923,0.797030852080466,0.12105214510726851,0.18592040694302123,0.16506489801376473,2.4770307022013833,3.676333762372711,4.4569799032927095,6.819149728731385,7.877882942557335,8.3624944589766,30.536787132423903,32.622453042186685,34.014888299559075,11.272431783198494,17.18885914541044,71.53870907139107,4.692353400726304,2.580445096277118,12.111467626528286,81.9713551282975
20260526_160123_cloud_baseline_mot17_full_suite,mot17,cloud_baseline,pqc,BIKE-L1,ML-DSA-65,7,5316,7,True,0,0,True,7.5150224148459115,0.7380300020467594,0.4758247419292903,0.45116033149655344,0.6910965848282794,0.7797265855410386,0.7249408551912541,0.9524993578714935,5.848752601362745,0.0,5.090391402955591,814.1768153677857,42.41338153110123,9.146809542335168,0.4007961578195943,3794.50010546203,5844.498696901384,379.6815408979143,211.07787799835205,9.185950142996651,2.674107142857143,1.806496925802204,108.80164603246092,73.01971619298848,88.54552039078304,0.8526162377425602,33.4296644099855,0.7199770390045696,2.942739353704492,6.82329982134418,0.32380729751886567,0.48771288516994943,0.5619972995441999,3.2299192734530138,0.7807922543659798,0.8143196449731648,0.11990198386056604,0.22750946478728945,0.18049972520952742,2.737790279622589,4.445936963228243,5.633960142731666,6.771382933948189,7.8491771643582195,8.402107151923701,30.368709996856747,32.25800423464674,33.3740756002316,12.33046418660626,17.036224172118555,70.63331164127518,4.755283689522691,2.5951035668213542,12.14600403599135,83.42928464572427
20260526_160123_cloud_baseline_mot17_full_suite,mot17,cloud_baseline,pqc,BIKE-L1,ML-DSA-87,7,5316,7,True,0,0,True,7.43043123683586,0.7380300020467594,0.4758247419292903,0.45116033149655344,0.6910965848282794,0.7797265855410386,0.7249408551912541,0.9524993578714935,5.852175817141123,0.0015917399581858742,5.068434485567045,822.0869520004511,43.069812904261426,9.055416805345788,0.4008531500075346,3801.9642972569122,6021.388696171688,381.3811411176409,211.07787799835205,10.885563441685267,2.6741139548165456,1.817510323742932,109.56802350942527,73.19949120660532,86.43903875989574,0.8869458522115435,33.15865615981498,0.7015899383732797,3.1410977416221497,6.6659414321546455,0.3444830050971106,0.4819790223063151,0.7262249393585919,3.2600044890771933,0.784216256622145,0.8297771750281909,0.12153086158159296,0.24000122589995518,0.20234499713427184,2.916411978990904,4.80891198718122,6.055826096728976,6.626312529468643,7.653628444365625,8.275251608408457,30.439709505892754,32.64342463377182,34.72664780446699,13.105214273918799,16.401268944270257,70.49351678181094,4.7666419118276115,2.5722614375427706,11.997440669789297,85.59656339648826
20260526_160123_cloud_baseline_mot17_full_suite,mot17,cloud_baseline,pqc,BIKE-L3,Falcon-1024,7,5316,7,True,0,0,True,7.460557211599499,0.7380300020467594,0.4758247419292903,0.45116033149655344,0.6910965848282794,0.7797265855410386,0.7249408551912541,0.9524993578714935,5.849076140009168,0.003779160850950465,5.0737308699686565,826.9724257149277,42.94167729283614,9.077795696282488,0.40120661180309813,3801.8637775391608,5960.815560314584,377.0583610534668,211.07787799835205,6.5628204345703125,2.674114091055734,1.7894984548007693,108.97882032200086,72.93745075982869,166.1335812948112,23.482793409909522,111.50250045050468,0.7091853293209059,2.814221772614222,6.6793639966378535,0.28640488825551724,0.48534886002233535,0.47078998375032494,3.195913441220584,0.7793166110881825,0.8606038174689298,0.11982087716492666,0.6480463353259885,0.14274655036767264,2.8102051998887743,3.1789197245546217,3.3682308370979235,6.666104999437396,7.668653804077102,8.395675820065662,30.224583129267604,32.23655382556654,33.42240234532628,11.897622919747224,16.819599207540342,71.28277787271243,4.654666135116185,2.585965785872601,12.048649713679591,80.08425710355549
20260526_160123_cloud_baseline_mot17_full_suite,mot17,cloud_baseline,pqc,BIKE-L3,Falcon-512,7,5316,7,True,0,0,True,7.527761429615096,0.7380300020467594,0.4758247419292903,0.45116033149655344,0.6910965848282794,0.7797265855410386,0.7249408551912541,0.9524993578714935,5.841978666586804,0.0014619418401398377,5.012408319094216,833.238887126644,43.13247576100547,9.134062724448672,0.40440202956496696,3810.754323290609,5979.514801611802,376.2657814025879,211.07787799835205,5.770064217703683,2.674108096531459,1.7843626920702509,109.23445126568905,73.31365674598926,149.34498028430556,8.078969216772489,93.72982913295606,0.7143777996631195,2.3324094490616822,6.689730316017237,0.2727100627286772,0.4856073388517825,0.3844811413079034,3.2229931297031125,0.7825887472262655,0.8076152468246252,0.12048897579599398,0.3819144263009469,0.13306375769262688,2.317432006488421,2.6651965662105277,2.862900700919064,6.6502278620776325,7.732504905600633,8.379765959356778,30.333407691125363,33.04097269023769,34.63264306758127,10.388885011366684,17.021621229778226,72.58949375885508,4.617046246048732,2.57902149245546,12.00215404500028,79.07355218920436
20260526_160123_cloud_baseline_mot17_full_suite,mot17,cloud_baseline,pqc,BIKE-L3,Falcon-padded-1024,7,5316,7,True,0,0,True,7.420158067003073,0.7380300020467594,0.4758247419292903,0.45116033149655344,0.6910965848282794,0.7797265855410386,0.7249408551912541,0.9524993578714935,5.847929655646434,0.0012886240820285438,5.080414371461946,837.4168635766736,43.034434147857894,9.035681533679254,0.4014875661881691,3811.5143925052685,6003.356577429427,377.0704220363072,211.07787799835205,6.5748443603515625,2.674113001142229,1.789576833695905,109.88803804095546,73.59226360372914,160.33352211317313,22.461105670247758,106.66022325001124,0.7014839191001315,2.7958719467727695,6.630816016251086,0.286293917926942,0.48327716140644456,0.4484186263190435,3.2224693644760656,0.7874425424816075,0.8617267307342917,0.12159053217362048,0.6612781690748314,0.1460782302049227,2.7637720590324273,3.1996772982113595,3.4033424798066596,6.586761496561978,7.639276242948005,8.146114931441844,30.38397554882403,32.40777214954448,33.81700978962747,11.753589967739853,16.67372462884364,71.5726854034165,4.618109496614912,2.5654216911839627,11.961692472904971,80.09965925462997
20260526_160123_cloud_baseline_mot17_full_suite,mot17,cloud_baseline,pqc,BIKE-L3,Falcon-padded-512,7,5316,7,True,0,0,True,7.526337279289109,0.7380300020467594,0.4758247419292903,0.45116033149655344,0.6910965848282794,0.7797265855410386,0.7249408551912541,0.9524993578714935,5.845128727062585,0.005088304162941977,5.057396195068138,842.5406683563388,43.50000959808897,9.096649559805604,0.4026755130408038,3822.9070447566555,6053.471905082057,376.27855954851424,211.07787799835205,5.782966613769531,2.6741113662719727,1.7844456086904987,109.33066903827246,73.51225091457799,149.528733986829,7.826140948704311,95.65429143341524,0.7022108005368498,2.2934922948578587,6.615424614795514,0.27138275885239593,0.48252590548895685,0.362573759601241,3.2148415721944956,0.7864261750664424,0.8059073497908585,0.12052784676418328,0.384084393599747,0.1338658796765492,2.263816772028804,2.6270321853059744,2.8133456779843464,6.570260431284884,7.602688282661672,8.150156834828001,30.27845011700371,32.4147387912408,33.53295496401889,10.264555131567914,16.96483513493653,72.77060973349556,4.620790822904588,2.58079217905734,12.07263823975681,79.08991792190106
20260526_160123_cloud_baseline_mot17_full_suite,mot17,cloud_baseline,pqc,BIKE-L3,ML-DSA-44,7,5316,7,True,0,0,True,7.471570212603047,0.7380300020467594,0.4758247419292903,0.45116033149655344,0.6910965848282794,0.7797265855410386,0.7249408551912541,0.9524993578714935,5.8475290792597265,0.0009901151397979397,5.0066351604642225,849.4067123883534,42.99700855566824,9.072538408231443,0.40344125334271086,3820.559246247466,5986.140896903956,378.53821345738004,211.07787799835205,8.04262706211635,2.6741176332746233,1.7990881231701152,110.25294176833414,74.12050744390443,139.49556442509805,0.7792740528072629,85.09822455900056,0.7203337574888111,2.5866074419233587,6.8109361687267835,0.30882108188348006,0.4870503606960998,0.4719184600585146,3.2415029915417284,0.7967326733378562,0.8077190826605215,0.12138919711494475,0.18675255219367679,0.16670558470876432,2.473476018557059,3.611649841436052,4.3848461077349,6.776710348536393,7.836584387613194,8.491709810415548,30.73841686467773,32.886818161687465,33.90235958068801,11.158435264739134,17.06739175659996,71.77417297866091,4.650884058851209,2.5578157410672326,11.968387613619646,81.97134900699291
20260526_160123_cloud_baseline_mot17_full_suite,mot17,cloud_baseline,pqc,BIKE-L3,ML-DSA-65,7,5316,7,True,0,0,True,7.447838730571621,0.7380300020467594,0.4758247419292903,0.45116033149655344,0.6910965848282794,0.7797265855410386,0.7249408551912541,0.9524993578714935,5.835117740432277,0.002372633561304391,4.979000368514605,854.3165210250439,42.634862599733246,9.125971348212316,0.4046811741030723,3829.0388664826646,5882.303313576654,379.68154525756836,211.07787799835205,9.185968671526227,2.6741198131016324,1.8064969512531346,110.24104146552506,74.14399480688621,140.02356743107416,0.927367912871497,85.0354100111872,0.7153278881415693,2.970079263862754,6.834623250320699,0.32117605675936495,0.48094690411530755,0.5596651295060667,3.2727689861784706,0.7946954312675976,0.8269794024946666,0.12118360588553598,0.2319932933818031,0.1831955226143333,2.754229079333267,4.535024997312575,5.802897043759002,6.814581026057048,7.830710742356522,8.433988715156115,30.572310491829047,32.64754108528941,33.72678143387954,12.33062578271495,16.964519152549332,70.70485506473572,4.685570241538814,2.5573086325209604,11.929859693691776,83.42930359292798
20260526_160123_cloud_baseline_mot17_full_suite,mot17,cloud_baseline,pqc,BIKE-L3,ML-DSA-87,7,5316,7,True,0,0,True,7.4370955950876985,0.7380300020467594,0.4758247419292903,0.45116033149655344,0.6910965848282794,0.7797265855410386,0.7249408551912541,0.9524993578714935,5.943020170830082,0.0010379464285714287,4.986433128941823,860.5088754508888,42.71867433077107,9.107911982356743,0.40576444572718434,3830.5422515592077,5911.597592704154,381.38114220755443,211.07787799835205,10.885558537074498,2.6741245814732144,1.8175103513705406,109.97528168044605,73.82685616665333,143.8470944828753,1.0192027049405235,90.12035716191998,0.7128443643300157,3.224292777034838,6.820698962017692,0.35117112008184803,0.4785914880665439,0.73150062804738,3.284088811776843,0.7875828620569402,0.8369562322888446,0.1220212514085375,0.24116375700342943,0.2062010310843485,2.992745705081948,4.877438331355473,6.140203585382551,6.806257646530867,7.88848348976379,8.52171417392258,30.498843576076833,33.192939846280375,34.74782714855503,13.304956728333094,16.769423343726565,69.92561992794035,4.748407245726464,2.5625346123813846,11.939091946068848,85.59655412501029
20260526_160123_cloud_baseline_mot17_full_suite,mot17,cloud_baseline,pqc,BIKE-L5,Falcon-1024,7,5316,7,True,0,0,True,7.443104431329924,0.7380300020467594,0.4758247419292903,0.45116033149655344,0.6910965848282794,0.7797265855410386,0.7249408551912541,0.9524993578714935,5.865356653579639,0.005704893084064891,5.023504151770604,863.9296901424631,43.191750689610124,9.113588284195474,0.4045037898856437,3842.122533935235,5991.9867892208285,377.05841391427174,211.07787799835205,6.562802450997489,2.6741040093558177,1.7894991815774066,109.51940391018744,73.3000581670531,277.41751660193717,20.85183560848236,223.28408671143865,0.718100014901762,2.8776930439900057,6.7854329793976165,0.2897231588080825,0.4826290655077835,0.47141387454511474,3.2238078373836268,0.7845250939200973,0.8663444929945013,0.12071644126017775,0.6520523396868793,0.1441467841610749,2.887686140768762,3.2594915412898575,3.48506776915331,6.77515216271526,7.781581213099083,8.388840003005628,30.366264576051915,32.33057985882476,33.37833003654549,11.989534541163048,16.961058540089446,71.04940691874751,4.6293328712920285,2.5719085592097803,11.97600607360007,80.08439521280505
20260526_160123_cloud_baseline_mot17_full_suite,mot17,cloud_baseline,pqc,BIKE-L5,Falcon-512,7,5316,7,True,0,0,True,7.549166373794411,0.7380300020467594,0.4758247419292903,0.45116033149655344,0.6910965848282794,0.7797265855410386,0.7249408551912541,0.9524993578714935,5.885887812342661,0.0035263488665805013,5.064795865635102,872.0758641461474,42.90914325260216,9.154621794319537,0.40254170880558554,3842.246347716381,5917.487654906932,376.2657786778041,211.07787799835205,5.7701601300920755,2.6741132736206055,1.7843627445432826,108.6750216334724,72.96510018237498,265.3738878767139,7.896201951163156,210.83365142944135,0.7140466113817263,2.366393112066038,6.800152333152942,0.27936201641873637,0.48384918923477654,0.3857157564516389,3.200646440049329,0.7795842064049057,0.8107804122349213,0.120492236629603,0.3790804747885936,0.13229743604858338,2.358859862267439,2.700797592323007,2.9221111043755497,6.773398432414979,7.8490119510596355,8.356483870551788,30.25715620752956,32.141937674774915,32.977764532617485,10.487365113767185,17.315859469626396,72.19677541660641,4.64566470882012,2.5949335879332165,12.125410765175614,79.07356504627603
20260526_160123_cloud_baseline_mot17_full_suite,mot17,cloud_baseline,pqc,BIKE-L5,Falcon-padded-1024,7,5316,7,True,0,0,True,7.500037971650092,0.7380300020467594,0.4758247419292903,0.45116033149655344,0.6910965848282794,0.7797265855410386,0.7249408551912541,0.9524993578714935,5.863811361738625,0.006852910898935592,5.071829121562104,874.2359769200015,42.82753437892999,9.133555495650565,0.40209125611367874,3851.55826888214,5935.962140787109,377.0704220363072,211.07787799835205,6.574805123465402,2.674103464399065,1.7895768774816538,108.82860335952306,72.79652182759618,277.79910309306746,21.859323605895042,223.68329512287997,0.7026322085466837,2.825941310228632,6.696088338480443,0.28717605912348876,0.47684689697231813,0.4461277627488925,3.204702725919976,0.7792638087637015,0.8546917840018056,0.1203478684131704,0.653760186360467,0.14464395135934746,2.8201565645369038,3.2143534360719577,3.433276969174455,6.6698982347069045,7.7321606022971014,8.353700281253882,30.22059844094834,32.06150978015342,33.103461130862755,11.850708533323687,16.879403164505632,71.26988830217068,4.667920766283134,2.5929829101218935,12.131319735288072,80.09966509504856
20260526_160123_cloud_baseline_mot17_full_suite,mot17,cloud_baseline,pqc,BIKE-L5,Falcon-padded-512,7,5316,7,True,0,0,True,7.448868101223304,0.7380300020467594,0.4758247419292903,0.45116033149655344,0.6910965848282794,0.7797265855410386,0.7249408551912541,0.9524993578714935,5.861385276880717,0.005591376878320868,5.029982263376128,879.4647075915946,42.86830552377449,9.02810712248454,0.4012895269068925,3849.3839035178535,5984.222948584194,376.27856009347096,211.07787799835205,5.782991681780134,2.674125943865095,1.7844455957000727,110.71929255393944,74.56657039946606,265.0999697424205,9.201589705688614,211.6299942801041,0.6932160613576093,2.307272216408978,6.6555523001597985,0.2719017059707588,0.4773784658841884,0.3636635837619031,3.224770186540092,0.798960066955946,0.825371355212053,0.12123180420238201,0.3906300761532985,0.1360110652044317,2.2848946641066243,2.6587934407871217,2.828029544159238,6.626560194750449,7.6927133361875475,8.15459667039769,30.6097315802356,32.420217029062336,33.2539345317614,10.202919517899625,16.942411019284243,72.85466946281613,4.564990039254275,2.5495961524960022,11.946813153061994,79.08990970331566
20260526_160123_cloud_baseline_mot17_full_suite,mot17,cloud_baseline,pqc,BIKE-L5,ML-DSA-44,7,5316,7,True,0,0,True,7.3970755257986855,0.7380300020467594,0.4758247419292903,0.45116033149655344,0.6910965848282794,0.7797265855410386,0.7249408551912541,0.9524993578714935,5.865697429873429,0.0012581168831168833,5.041121302273067,885.7269121270548,42.645093741985605,8.991722451625673,0.3997423739749871,3856.445232317244,5951.136973193315,378.5382101876395,211.07787799835205,8.042647770472936,2.674130439758301,1.799088122437894,111.15408613670307,74.81618649661743,259.5007336764996,1.145223155617714,205.33758069255524,0.6831925800106351,2.495692429526115,6.622142662869778,0.3055397273769673,0.474824690165971,0.4633856869316384,3.274533125006683,0.8007054945965891,0.8133654398187014,0.12306791892232873,0.18889491635030914,0.16978985153912934,2.3736472940072417,3.5192457144148643,4.208036266832745,6.575646361203066,7.57896513012903,8.055040913999878,30.86111478566964,33.170861162869734,34.31602897582638,10.844690541480636,16.69516547110786,72.4601439874115,4.62247406331321,2.541999157061984,11.934731258610261,81.97134444813334
20260526_160123_cloud_baseline_mot17_full_suite,mot17,cloud_baseline,pqc,BIKE-L5,ML-DSA-65,7,5316,7,True,0,0,True,7.511762562376592,0.7380300020467594,0.4758247419292903,0.45116033149655344,0.6910965848282794,0.7797265855410386,0.7249408551912541,0.9524993578714935,5.864111943968038,0.0014082824191145905,5.108036975276243,892.3525143069365,42.24415054253269,9.113724880029576,0.39935985406520297,3858.5155407713887,5824.417369449419,379.68153653826033,211.07787799835205,9.185964856828962,2.6741041455950056,1.806496877389504,108.89178806922396,73.1085775859769,259.514761423426,1.0554841054337365,206.54512958468072,0.705098598479245,2.921617872932707,6.7836517036194985,0.32329226538411915,0.4787818840847571,0.5568262417285638,3.2270875236851504,0.7808039262598994,0.8163578027217595,0.1209148964530602,0.22940749794795431,0.17933961401050505,2.710182427628232,4.438509427875812,5.589906291570513,6.740051878815783,7.799630389282746,8.399655381051291,30.36137088415187,32.12551862215416,33.35043963562217,12.265632878578165,16.97575502612489,70.75861209529695,4.754666459822047,2.5945424692678607,12.178551956439476,83.42930116266147
20260526_160123_cloud_baseline_mot17_full_suite,mot17,cloud_baseline,pqc,BIKE-L5,ML-DSA-87,7,5316,7,True,0,0,True,7.49026735126982,0.7380300020467594,0.4758247419292903,0.45116033149655344,0.6910965848282794,0.7797265855410386,0.7249408551912541,0.9524993578714935,5.867120499952985,0.0061033093466462225,5.067786611359614,899.6223352162293,42.9830745430825,9.152211979633643,0.40174439436123155,3865.9196477246473,5932.644877555751,381.3811411176409,211.07787799835205,10.885551452636719,2.6741083690098355,1.8175103039032479,108.78117765889387,72.90712732049806,258.93581066546693,1.0642121945108687,205.01308211325002,0.7079641739586385,3.2151146117905696,6.825290039099747,0.34793102231000306,0.47767538714438545,0.7288329478143977,3.2462694518014765,0.7795657366489525,0.8268809602952029,0.1202622424042321,0.23958764040558184,0.20249285397559108,2.9905770705746755,4.902538734521451,6.12222778694039,6.786070722487888,7.854553837595241,8.390606398295079,30.377104568296772,32.08192107470318,33.02519003233194,13.277451456272404,16.8195732003977,69.90297534332989,4.8030083749828885,2.591831126721594,12.095008956780642,85.59657866064296
20260526_160123_cloud_baseline_mot17_full_suite,mot17,cloud_baseline,pqc,FrodoKEM-1344-AES,Falcon-1024,7,5316,7,True,0,0,True,7.476830609179543,0.7380300020467594,0.4758247419292903,0.45116033149655344,0.6910965848282794,0.7797265855410386,0.7249408551912541,0.9524993578714935,5.865402143947111,0.0016716669930548855,5.03330447401605,901.2671913035762,43.45567328631626,9.088470675370948,0.40279252751561095,3866.390304283666,6050.649812306185,377.0583714076451,211.07787799835205,6.562919616699219,2.6741065979003906,1.7894981702206356,109.39596286699334,73.1817483336069,85.55402174325926,20.568127876945905,30.41682402337236,0.6929529679801806,2.7992293467363454,6.667547096782203,0.2820929644217114,0.4733522498238261,0.46265363300642715,3.2315092854838823,0.781415729553865,0.8660242216256336,0.12078507051288503,0.6527913390851457,0.14532448137209572,2.794495800377003,3.169296565465629,3.3791926864068955,6.6571670052196295,7.677219335788062,8.266170965673934,30.303690031610422,32.4889479793283,33.732228044075136,11.771011862989686,16.75535150700359,71.47363663000672,4.639163084444415,2.5773195426075888,12.02037083464199,80.08436784413041
20260526_160123_cloud_baseline_mot17_full_suite,mot17,cloud_baseline,pqc,FrodoKEM-1344-AES,Falcon-512,7,5316,7,True,0,0,True,7.520396078449224,0.7380300020467594,0.4758247419292903,0.45116033149655344,0.6910965848282794,0.7797265855410386,0.7249408551912541,0.9524993578714935,5.873700118471461,0.0019372054567157859,5.043987141186611,904.09928606187,43.1468307910106,9.101033345031754,0.40163179806663996,3876.61751168886,5997.377921098313,376.26586151123047,211.07787799835205,5.7701535906110495,2.6741110937935963,1.784363412033217,109.23575898805117,73.11789108053048,75.96466572223497,11.396470878805433,21.297056444122322,0.6862022819588757,2.2807524359792564,6.577333371720388,0.27002473827700985,0.47499864509071615,0.3765951984832494,3.219145456849998,0.779919486080605,0.8095903568266675,0.12016121868720522,0.37841167898520434,0.1325696113076252,2.2476210558254803,2.6062826900410334,2.793840926606208,6.53228785709611,7.5352198510829895,8.12048236656535,30.293304917610122,32.050470487782995,32.8930672941813,10.143529821208645,16.734200469239017,73.12226970955234,4.616747445113942,2.578836637025624,12.01271035474034,79.07361225139667
20260526_160123_cloud_baseline_mot17_full_suite,mot17,cloud_baseline,pqc,FrodoKEM-1344-AES,Falcon-padded-1024,7,5316,7,True,0,0,True,7.476060814600609,0.7380300020467594,0.4758247419292903,0.45116033149655344,0.6910965848282794,0.7797265855410386,0.7249408551912541,0.9524993578714935,5.876280258730122,0.0,5.078291398271377,910.5062171079272,42.826415148509575,9.118255434680538,0.40068419351257356,3875.2176967755286,5934.540991459228,377.07041658673967,211.07787799835205,6.574828556605747,2.6741128649030412,1.7895768604416287,108.9708328450664,72.97042315559398,87.48639858926514,23.430080552186286,32.83824888058007,0.6795862878848445,2.7552951819068303,6.572775218484127,0.28206677266582025,0.4735875887446543,0.44412902673258764,3.212205165493734,0.7806930727220749,0.8612065225304485,0.12073810990898613,0.6540142958994652,0.14496821985040767,2.718215134726571,3.1376148798569505,3.32711141722809,6.537689860644085,7.502347096202096,8.142768182691984,30.210022998157886,31.983174291357503,32.71093370695115,11.676790840568149,16.682880680149058,71.64032847928279,4.657400255731799,2.587235168532435,12.06820634530692,80.09967925700462
20260526_160123_cloud_baseline_mot17_full_suite,mot17,cloud_baseline,pqc,FrodoKEM-1344-AES,Falcon-padded-512,7,5316,7,True,0,0,True,7.579518786969824,0.7380300020467594,0.4758247419292903,0.45116033149655344,0.6910965848282794,0.7797265855410386,0.7249408551912541,0.9524993578714935,5.870434670243408,0.003080694987593651,5.0834175988276025,914.2698423520975,43.38056733750996,9.11739102020275,0.40158215906936195,3884.4697747297027,6008.511806257709,376.2785628182547,211.07787799835205,5.782955169677734,2.6741110937935963,1.7844456248897491,108.49717216996899,72.88177706679915,73.86275788303465,9.087975003889628,18.603000856403792,0.685531788102115,2.29121445820751,6.620567571707328,0.2697536446298873,0.4741561378341879,0.3597638971049885,3.209567198436074,0.7808702815030456,0.8089510066635841,0.12032555978088845,0.3808494032784861,0.13333002736612715,2.2554225704100515,2.6318137608801146,2.8222346417273263,6.576768330497933,7.625108518238578,8.165603653428011,30.155817077851186,31.939189046117455,32.94453657979907,10.249309229991663,17.056289450878346,72.69440131913,4.655938954915663,2.600414148962668,12.1704130917659,79.08990431847484
20260526_160123_cloud_baseline_mot17_full_suite,mot17,cloud_baseline,pqc,FrodoKEM-1344-AES,ML-DSA-44,7,5316,7,True,0,0,True,7.481728164040942,0.7380300020467594,0.4758247419292903,0.45116033149655344,0.6910965848282794,0.7797265855410386,0.7249408551912541,0.9524993578714935,5.873623953714551,0.002454332622667883,5.012526429817127,922.5707779988751,43.26195653290373,9.061201071881579,0.4016765599139439,3887.695437131499,6037.219135291685,378.53821563720703,211.07787799835205,8.04263687133789,2.674118314470564,1.7990881505462208,110.36014346491719,74.2860397824928,66.51593738102487,3.180127590894699,13.051001837344042,0.680241928539761,2.502741566553265,6.623133650567838,0.30264884532978975,0.4720675271593942,0.4583191250428675,3.250593043203576,0.7982044591030322,0.8147477011556192,0.12227929692755732,0.186793530741763,0.16754188771584394,2.3802809467140054,3.5162146095119944,4.240549933165311,6.589941564016044,7.589521583369268,8.221981316372487,30.597643163749677,33.01169907323383,34.243502922810215,10.930941882162532,16.781887531436404,72.28717058640106,4.650926172964916,2.5576974197731457,11.997523459889411,81.97135596318083
20260526_160123_cloud_baseline_mot17_full_suite,mot17,cloud_baseline,pqc,FrodoKEM-1344-AES,ML-DSA-65,7,5316,7,True,0,0,True,7.439563216526479,0.7380300020467594,0.4758247419292903,0.45116033149655344,0.6910965848282794,0.7797265855410386,0.7249408551912541,0.9524993578714935,5.86485839867069,0.0012533692722371968,5.005705574542792,927.7146889618608,42.81736325593473,9.029640521835644,0.40128551410645263,3896.1163959415103,5949.243403711704,379.68154307774137,211.07787799835205,9.18596431187221,2.6741173607962474,1.8064969525076493,111.08768457926605,74.7168460958991,67.07653484772891,3.081082765545164,13.137170146884662,0.6838177720244017,2.847593393389753,6.645407828642905,0.3199838663337185,0.47158450308389005,0.5488872302427051,3.2851511690683446,0.8031237927710099,0.8346232433177934,0.12171252456336847,0.2321069704774745,0.18443732531953957,2.6378448653434003,4.324721030258972,5.345467913596492,6.592341299567904,7.6436262137057,8.174769207169968,30.829116727648568,32.70237502255237,33.729119082845266,11.957033694174527,16.554600264120648,71.48836604170482,4.661938277063059,2.5439034164516747,11.946982481480195,83.42928829015436
20260526_160123_cloud_baseline_mot17_full_suite,mot17,cloud_baseline,pqc,FrodoKEM-1344-AES,ML-DSA-87,7,5316,7,True,0,0,True,7.425360696756754,0.7380300020467594,0.4758247419292903,0.45116033149655344,0.6910965848282794,0.7797265855410386,0.7249408551912541,0.9524993578714935,5.859893283141965,0.004799411613737251,4.955443429652663,937.1205984934278,42.62703554933892,9.048413880879192,0.40367797983032655,3894.8818032731665,5902.2184892661535,381.38114493233815,211.07787799835205,10.8855836050851,2.674135753086635,1.8175103360649434,111.72231781059916,75.08629678191474,67.98596387462956,3.386138007044792,13.406741565891675,0.710255523425488,3.212281000923009,6.83601641326227,0.3496917369357254,0.4800260206390415,0.7371056783646657,3.290941223421886,0.8051854370809256,0.8531851114144385,0.12074635000068225,0.24437819066677674,0.20734339158695933,2.9897662295427705,4.880528667542551,6.149540569333891,6.8068136544232924,7.8453396197541485,8.436044011863746,31.032952572418644,32.738310339100444,33.35852796582405,13.20152228234983,16.647192216544095,70.15128550110607,4.689633738771422,2.5299106324257314,11.891057904399885,85.59656950913983
20260526_160123_cloud_baseline_mot17_full_suite,mot17,cloud_baseline,pqc,FrodoKEM-1344-SHAKE,Falcon-1024,7,5316,7,True,0,0,True,7.380850283051623,0.7380300020467594,0.4758247419292903,0.45116033149655344,0.6910965848282794,0.7797265855410386,0.7249408551912541,0.9524993578714935,5.860819484422635,0.003167112376042717,4.958667088095246,938.876712019383,42.78413496096547,9.023209358660443,0.40403570547255313,3905.3352796972767,5965.0721412286575,377.0585272652762,211.07787799835205,6.562845502580915,2.6741440636771068,1.7894996223491104,111.80051945227783,75.04135808383134,98.93212119849133,23.192560832415307,44.54683717007616,0.691465565878987,2.8003184411275894,6.641336289195002,0.284815499592016,0.4756965086034793,0.4657547413861961,3.261887753437096,0.8044521018797576,0.8904293241225594,0.12086934332188697,0.6722090788177032,0.1474515926887805,2.7768449508585036,3.1575435839061226,3.339665168231087,6.594061161324914,7.6425883503231615,8.168655353199158,30.833656658686696,32.63230955539782,33.48877727067709,11.684077887579422,16.55471664173626,71.76120547068432,4.543660485810877,2.5241851873676397,11.801643758267824,80.08438927565507
20260526_160123_cloud_baseline_mot17_full_suite,mot17,cloud_baseline,pqc,FrodoKEM-1344-SHAKE,Falcon-512,7,5316,7,True,0,0,True,7.64043384510568,0.7380300020467594,0.4758247419292903,0.45116033149655344,0.6910965848282794,0.7797265855410386,0.7249408551912541,0.9524993578714935,5.836059703531691,0.0013654382616355896,5.012895086767323,944.7687807532773,43.29141112828496,9.19922192819617,0.40462704152597656,3902.8499040061433,5959.330456498951,376.26577377319336,211.07787799835205,5.770269666399274,2.6741210392543246,1.784362805541414,108.27566067556907,72.70769472066834,89.08336897314128,9.917706517236573,34.02066357167704,0.7223819309369492,2.3895383569480777,6.8417434373616155,0.27172431803390273,0.48463450231234295,0.38421818365386506,3.1875949044650644,0.7744105516803019,0.8070799282917008,0.11802917036218322,0.3758610093125541,0.13047443897068217,2.394847505326782,2.7289938680561527,2.906283046385007,6.838693025721503,7.860132038227415,8.36221194726282,30.10822999155415,31.935007821906623,32.80412057004324,10.56860643029747,17.419422050879408,72.01197151882313,4.66841445040602,2.607599060827668,12.211579864769229,79.07367942734811
20260526_160123_cloud_baseline_mot17_full_suite,mot17,cloud_baseline,pqc,FrodoKEM-1344-SHAKE,Falcon-padded-1024,7,5316,7,True,0,0,True,7.522370672300268,0.7380300020467594,0.4758247419292903,0.45116033149655344,0.6910965848282794,0.7797265855410386,0.7249408551912541,0.9524993578714935,5.835581019151035,0.0,4.972094289368757,949.652835139931,43.408655629445136,9.160819411072024,0.4052187004558902,3911.839461317119,5993.944055311578,377.07041713169644,211.07787799835205,6.574824741908482,2.674099922180176,1.7895768343312992,109.48665293592907,73.16497557051794,105.29629413836768,29.420011277709687,51.42465513199568,0.7153977374249232,2.865112023992927,6.7998394963595725,0.2838868211878821,0.48105698421059456,0.4472015069167523,3.2215445648958476,0.7803662761959345,0.8590382923481188,0.11866318743799517,0.6545930004332929,0.14273548679105327,2.8837850051266805,3.2258516102696637,3.434185382544196,6.787593085651419,7.788318548617618,8.375031889216709,30.179515279467086,31.862669989127237,32.6403894614083,11.872766151754389,16.949388746661533,71.17784510158408,4.639437951084267,2.5772214573085006,12.034825437240787,80.09967669530909
20260526_160123_cloud_baseline_mot17_full_suite,mot17,cloud_baseline,pqc,FrodoKEM-1344-SHAKE,Falcon-padded-512,7,5316,7,True,0,0,True,7.668593617145189,0.7380300020467594,0.4758247419292903,0.45116033149655344,0.6910965848282794,0.7797265855410386,0.7249408551912541,0.9524993578714935,5.836279387876137,0.0016141907936126473,5.000062529291613,954.1691118820089,43.31888240570008,9.245997580790165,0.4053208891437433,3911.956981902656,5932.159802829922,376.27856172834123,211.07787799835205,5.7829486301967075,2.6741044180733815,1.7844456165709321,108.1961547277408,72.68954823626655,86.3767984223419,9.61909895496709,31.88953799794295,0.7177816821698276,2.37613209301706,6.82426226270281,0.270602618610913,0.48220824207847074,0.3634132510029308,3.181614414218405,0.7749284250254507,0.8025108923861018,0.11936907365420273,0.3786512596160492,0.1313148279645948,2.3844151458303844,2.6948393696719513,2.8964788456713513,6.822533564575549,7.78238960109385,8.45617462631448,30.07128178848912,31.879672061794192,32.747778736626096,10.495789253082263,17.44143755682604,72.0627731900917,4.674414573811964,2.6106901858299953,12.246866890245306,79.08990077020212
20260526_160123_cloud_baseline_mot17_full_suite,mot17,cloud_baseline,pqc,FrodoKEM-1344-SHAKE,ML-DSA-44,7,5316,7,True,0,0,True,7.655461074789485,0.7380300020467594,0.4758247419292903,0.45116033149655344,0.6910965848282794,0.7797265855410386,0.7249408551912541,0.9524993578714935,5.841044832023896,0.0009435876623376624,4.995303920142965,960.4369497357884,43.165605326373075,9.241040682845508,0.4052974331909075,3920.7506509917353,5900.83462948024,378.5382161821638,211.07787799835205,8.042637961251396,2.6741161346435547,1.7990881676969845,108.30259532527552,72.8157960052742,80.42959923789438,3.626055217214993,25.687738288460032,0.7176595544609922,2.6024974037126616,6.862528234281585,0.3052267523452038,0.48247463474061375,0.4671701160154207,3.209474293889362,0.7762232066585735,0.7951785761605684,0.11961199435958658,0.1821976614622305,0.16213857374133106,2.4751832908285514,3.63987944105507,4.3076181887382905,6.856963861667152,7.895309509642955,8.49336738448723,30.228549846815746,31.929284652931987,32.558974021834594,11.31289827639758,17.36751377146825,71.31958795213417,4.745069911680217,2.6093886455354633,12.2570981732751,81.97135624399017
20260526_160123_cloud_baseline_mot17_full_suite,mot17,cloud_baseline,pqc,FrodoKEM-1344-SHAKE,ML-DSA-65,7,5316,7,True,0,0,True,7.595987805392141,0.7380300020467594,0.4758247419292903,0.45116033149655344,0.6910965848282794,0.7797265855410386,0.7249408551912541,0.9524993578714935,5.845143977181616,0.006886156478204686,5.027438641064528,964.7992867518052,42.73379040823148,9.209371936328127,0.40347597844391186,3921.590144443638,5848.492122148805,379.68154307774137,211.07787799835205,9.18595450265067,2.6741063254220143,1.8064969221309577,108.36195947133153,72.7849062335834,81.53595273116869,3.866459908229964,26.146979004676854,0.7138031833775693,2.9385430743616547,6.81233924937484,0.3212025763139848,0.4788739361077562,0.553339890422816,3.2094311481602276,0.7753754457479022,0.8090514181363843,0.11902689211252551,0.22583652184639597,0.17822483406223627,2.7288225080285753,4.4885155337397,5.581301729959834,6.808443003267582,7.784828602702224,8.401704297035135,30.237636236219,31.896242197715278,32.58876918492193,12.355800808271368,17.071480844202853,70.57271834752578,4.775926287257262,2.6061824524523662,12.227086541956895,83.42930200440297
20260526_160123_cloud_baseline_mot17_full_suite,mot17,cloud_baseline,pqc,FrodoKEM-1344-SHAKE,ML-DSA-87,7,5316,7,True,0,0,True,7.58485492924489,0.7380300020467594,0.4758247419292903,0.45116033149655344,0.6910965848282794,0.7797265855410386,0.7249408551912541,0.9524993578714935,5.8485792302848205,0.003750281612012158,5.029864050550659,971.7978160889705,42.989766053234916,9.192471306184357,0.4028969333694238,3929.35793707323,5908.277312947045,381.38114329746793,211.07787799835205,10.885540008544922,2.674103464399065,1.817510330618983,108.15328088340338,72.52041886296,81.29249313580138,3.821928852370807,27.592981583438814,0.7150117804273233,3.2154863479646747,6.8349059078137255,0.3454882053980369,0.4780002834572249,0.7287509544753632,3.2239800173849558,0.7738965218108288,0.8205140230788314,0.11902393290379845,0.2343639736263977,0.1992237545566778,2.9816782833742246,4.84715529850551,6.379736200241106,6.811705783807805,7.903644995531066,8.464106282252553,30.240715324364068,31.974494396555592,32.66908838970483,13.432400968126474,16.954341867522825,69.6132571643507,4.84004064605989,2.6112920138327635,12.245815302281112,85.5965772605583
20260526_160123_cloud_baseline_mot17_full_suite,mot17,cloud_baseline,pqc,FrodoKEM-640-AES,Falcon-1024,7,5316,7,True,0,0,True,7.560442682413571,0.7380300020467594,0.4758247419292903,0.45116033149655344,0.6910965848282794,0.7797265855410386,0.7249408551912541,0.9524993578714935,5.844574777663142,0.0037514166428733522,5.00674500925085,975.2291258142538,42.89229667680859,9.194334054978173,0.4035327047989222,3929.3877592168656,5887.1059227715905,377.05832072666715,211.07787799835205,6.562807355608259,2.6741187231881276,1.7894982537508386,108.82394866663648,72.64595724327036,84.93256267891931,22.898902584399497,29.94411826200251,0.7176890013554305,2.8702730439497546,6.792000810629083,0.28406203865011725,0.4818724351120278,0.4726093656148121,3.192720721882321,0.7745343629793372,0.8579198268436704,0.11969199749374614,0.6416622143093138,0.1423084964897011,2.885023847089282,3.22838075974557,3.3994741436825797,6.788045641899641,7.817394485963242,8.340891682642646,30.0273775669975,31.92823398856745,32.902139902524915,11.994777998928631,16.961071339530722,71.04415066154066,4.669477939138857,2.5940516269559653,12.140236036147728,80.08428819958552
20260526_160123_cloud_baseline_mot17_full_suite,mot17,cloud_baseline,pqc,FrodoKEM-640-AES,Falcon-512,7,5316,7,True,0,0,True,7.5618517379473635,0.7380300020467594,0.4758247419292903,0.45116033149655344,0.6910965848282794,0.7797265855410386,0.7249408551912541,0.9524993578714935,5.840208532629974,0.0013668430335097002,4.9364293325120085,979.9346721850106,43.2863104072428,9.168007946766693,0.4065652249289699,3937.7131590772815,5980.894886437205,376.2656914847238,211.07787799835205,5.770104544503348,2.6740996497017995,1.7843620677735081,110.17797374353695,74.15483631762785,70.55964613599437,9.960629578147616,16.797356423921883,0.7167042666294806,2.371523197560786,6.802724638500426,0.27071087464714666,0.48133448846712384,0.3821189074911704,3.2152364164618206,0.7952816964889405,0.8256549189608039,0.12025712167366041,0.3858694782160143,0.13314724388597304,2.375971342969154,2.6911560795269907,2.8935747959518006,6.7862902651540935,7.8381587842678915,8.375894071567538,30.474440223181887,32.204375280216325,33.19383945258125,10.448303105013823,17.212303617670948,72.33939327731522,4.585351915817794,2.5612151617823855,11.988273516675369,79.07348747780057
20260526_160123_cloud_baseline_mot17_full_suite,mot17,cloud_baseline,pqc,FrodoKEM-640-AES,Falcon-padded-1024,7,5316,7,True,0,0,True,7.433531654854609,0.7380300020467594,0.4758247419292903,0.45116033149655344,0.6910965848282794,0.7797265855410386,0.7249408551912541,0.9524993578714935,5.834145380782586,0.003712919996814596,4.938773012868213,986.0728754846454,42.959030237643255,9.06595291390511,0.4056497289316466,3938.370585887535,5960.614212646389,377.07041658673967,211.07787799835205,6.574848720005581,2.6741210392543246,1.7895768359811774,111.38869934912002,74.77251457480028,85.17436323953527,24.750446900725365,31.336999298738583,0.7125284006483048,2.8848810977567005,6.799826027660903,0.2828318161364921,0.481458398429406,0.4509132349378521,3.2396560293122545,0.8037058857527162,0.8820918415745108,0.12043536134884061,0.675719941578157,0.14692465980354852,2.908755501266569,3.2637143540861353,3.4891257067543586,6.8059029124145,7.8386051896294315,8.380839668014753,30.73763758664578,32.39274948747903,33.12187222954658,11.873124259335835,16.876759939111682,71.25011580155248,4.561926119084908,2.5340840944242475,11.863232149566139,80.0996625631151
20260526_160123_cloud_baseline_mot17_full_suite,mot17,cloud_baseline,pqc,FrodoKEM-640-AES,Falcon-padded-512,7,5316,7,True,0,0,True,7.538911816591738,0.7380300020467594,0.4758247419292903,0.45116033149655344,0.6910965848282794,0.7797265855410386,0.7249408551912541,0.9524993578714935,5.834282998075689,0.0028531075650818877,4.942707265688406,990.3194400677263,42.99804144507293,9.119694307081598,0.4049994963224407,3947.0716259688634,5958.504548336333,376.2785649980818,211.07787799835205,5.783000946044922,2.6741384778703963,1.7844456289887405,110.92070886568276,74.76194439637581,68.54623158661914,8.510189396994454,15.05107500789953,0.7175332969492192,2.3780411482496993,6.829440689680648,0.27132168040308163,0.48434553609734193,0.3666193134657617,3.224668986490522,0.8006239667373313,0.8245291916816708,0.12008250761237711,0.3908276701155619,0.13446939239180594,2.3892861292032257,2.705197869467416,2.88857127506552,6.8264222936704755,7.831833550673244,8.456640269307952,30.615637496257996,32.169102973905744,32.78747729283278,10.40620710080392,17.239219316498072,72.35457358269801,4.563690638600847,2.5487987560036225,11.990447156488214,79.08990842398877
20260526_160123_cloud_baseline_mot17_full_suite,mot17,cloud_baseline,pqc,FrodoKEM-640-AES,ML-DSA-44,7,5316,7,True,0,0,True,7.491447794876268,0.7380300020467594,0.4758247419292903,0.45116033149655344,0.6910965848282794,0.7797265855410386,0.7249408551912541,0.9524993578714935,5.839377828897081,0.004225825126074236,4.94781385965502,995.3107212905098,43.40740961987841,9.09635663072088,0.40499480372578583,3947.663663794511,6010.639296458607,378.53821509225025,211.07787799835205,8.042617797851562,2.6741132736206055,1.7990881171936828,110.9384200884605,74.7909967617372,63.3282541031284,1.8409019602196557,9.534306292022977,0.7115382089721518,2.5837320224937352,6.804506213518614,0.30510304453332887,0.47980044669415917,0.46782253559565484,3.2453982513280084,0.8027999694200787,0.8185847859506171,0.12120157874153577,0.18699040602118328,0.1675572412783863,2.4621752922290137,3.5938001595370994,4.477626444006871,6.798109064610409,7.769236200588888,8.405084819200315,30.75540258338888,32.536415682689416,33.491556014782496,11.147064727464555,17.077541863531724,71.77539340900373,4.632670245957972,2.5476308106511785,11.956015635350129,81.97134510225283
20260526_160123_cloud_baseline_mot17_full_suite,mot17,cloud_baseline,pqc,FrodoKEM-640-AES,ML-DSA-65,7,5316,7,True,0,0,True,7.47957994731739,0.7380300020467594,0.4758247419292903,0.45116033149655344,0.6910965848282794,0.7797265855410386,0.7249408551912541,0.9524993578714935,5.841907932134043,0.0032175182430259986,4.9425308905608984,1001.1769436746438,43.38513233762155,9.10858404719862,0.4049627156540008,3957.2039584269432,6003.777171609815,379.6815436226981,211.07787799835205,9.18599373953683,2.6741176332746233,1.8064969564358688,110.92058133119075,74.67291473063743,62.32963701976197,1.7571116664579935,9.411202427665037,0.7077608158396256,2.922221467903135,6.780865724647547,0.320931393992817,0.478147839498238,0.5535328869680132,3.2670724006277267,0.8030373610531187,0.8357859060908636,0.12174150433281727,0.23309014183218255,0.18315862364249244,2.7226515230722725,4.397358959041801,5.455690969579986,6.770368133272443,7.7509592253980895,8.276672051288188,30.797692361466055,32.39555208490348,32.97085621892828,12.188337556870206,16.83534565360052,70.97631678952928,4.6680210425793955,2.547205326383861,11.965141075819263,83.42932025168611
20260526_160123_cloud_baseline_mot17_full_suite,mot17,cloud_baseline,pqc,FrodoKEM-640-AES,ML-DSA-87,7,5316,7,True,0,0,True,7.425384559869913,0.7380300020467594,0.4758247419292903,0.45116033149655344,0.6910965848282794,0.7797265855410386,0.7249408551912541,0.9524993578714935,5.844379189391597,0.0025846894224245054,4.949754624826056,1006.1981448567354,43.14476830391411,9.045612703963979,0.4048883569768567,3956.0357928250373,5991.802504050791,381.3811465672084,211.07787799835205,10.88555635724749,2.674126625061035,1.8175103616268549,111.49975721553783,75.0309348490335,63.031083970729796,1.764567834990365,9.807179864895131,0.707397999196355,3.191094922614354,6.791170758322147,0.34582703528370234,0.47750366449246373,0.7311557609683499,3.3041208656087337,0.8054388369876904,0.8529684520479857,0.1208889500791537,0.2437004126592665,0.2078542065151864,2.9536236958977367,4.87205105434571,6.066240506146902,6.781039917508939,7.752955735694351,8.331960382804807,30.840740090546863,32.838047660169316,33.99764894678829,13.206748324307254,16.645225882177574,70.14802579351517,4.698413043994092,2.5346624438096277,11.911618157246668,85.5965529331215
20260526_160123_cloud_baseline_mot17_full_suite,mot17,cloud_baseline,pqc,FrodoKEM-640-SHAKE,Falcon-1024,7,5316,7,True,0,0,True,7.429716944899844,0.7380300020467594,0.4758247419292903,0.45116033149655344,0.6910965848282794,0.7797265855410386,0.7249408551912541,0.9524993578714935,5.841114631192385,0.0021717017744265934,4.946466592266789,1010.720564009137,43.228605445472496,9.078967101014921,0.40501284334858617,3963.535275693327,6003.338466664689,377.05835723876953,211.07787799835205,6.562829153878348,2.6741176332746233,1.7894990530683097,111.14489067464085,74.59727809078886,88.63121520594827,24.890446769339697,34.23170771981989,0.7154411492442463,2.871607081082297,6.783428575026912,0.2840748656598958,0.4809359380653517,0.47064993343842226,3.2378290821679494,0.8007643553619271,0.8848718711945663,0.11975959090259362,0.6686846517758858,0.14604445599504476,2.8864026951071406,3.227747418817931,3.4462855523452163,6.766592859224017,7.749300431792757,8.363907408368375,30.65528958267293,32.295438112231174,32.88163434534412,11.911411402575224,16.862391037438904,71.22619755998588,4.570113561321178,2.538876128538568,11.872121880385444,80.08439832169607
20260526_160123_cloud_baseline_mot17_full_suite,mot17,cloud_baseline,pqc,FrodoKEM-640-SHAKE,Falcon-512,7,5316,7,True,0,0,True,7.672479627890572,0.7380300020467594,0.4758247419292903,0.45116033149655344,0.6910965848282794,0.7797265855410386,0.7249408551912541,0.9524993578714935,5.844980459653749,0.009101347993814473,4.9960106761592895,1019.6651092794465,43.54898423756638,9.256797419257504,0.40590738112969077,3963.7349459802476,5945.602829205179,376.2657448904855,211.07787799835205,5.7701584952218195,2.674106870378767,1.7843626356864586,108.1944394311224,72.7557820504313,71.08518211836261,7.656706230981009,17.04239214970065,0.7228072601163014,2.3850958039848806,6.8412988191141455,0.27225120626836036,0.4835677704474118,0.3845080968501139,3.180588364242978,0.7754380241165421,0.8020672159547979,0.11750330359628644,0.3758516001827123,0.129057683606026,2.392554805347962,2.7124105553541864,2.892279465449974,6.838341833957072,7.84739805136009,8.371061523378428,30.011781008608104,31.72897112042335,32.66507919969521,10.60710088939213,17.472781208553467,71.9201179020544,4.673482318471618,2.6103969945638856,12.247628541157013,79.07357079787793
20260526_160123_cloud_baseline_mot17_full_suite,mot17,cloud_baseline,pqc,FrodoKEM-640-SHAKE,Falcon-padded-1024,7,5316,7,True,0,0,True,7.5627083853340356,0.7380300020467594,0.4758247419292903,0.45116033149655344,0.6910965848282794,0.7797265855410386,0.7249408551912541,0.9524993578714935,5.840124662282387,0.0005640037124294996,5.015443738362174,1021.8837023524393,43.73309444180215,9.19523771169436,0.404777526344382,3971.5046988708386,6011.121526601514,377.07041713169644,211.07787799835205,6.574828556605747,2.674119404384068,1.7895768651500246,108.49794150707147,72.62908390906686,85.55232828283417,21.149772618498123,31.556611581306374,0.7191582985003133,2.882553518517057,6.815513454900468,0.2843229783916095,0.48258557208464475,0.44881275705985535,3.191998904575122,0.775057175203566,0.8498309967973904,0.12004045810513873,0.649699731798622,0.1419912238305733,2.8944940588969206,3.242952488030174,3.4576859464868903,6.790254073816219,7.8668212958811115,8.527078405022621,30.103619138894867,31.84579890912095,32.484647895481366,12.028858641390093,17.129293987342887,70.84184737126701,4.680096786936118,2.5997914133870217,12.14638777640916,80.09965567666877
20260526_160123_cloud_baseline_mot17_full_suite,mot17,cloud_baseline,pqc,FrodoKEM-640-SHAKE,Falcon-padded-512,7,5316,7,True,0,0,True,7.665570403296927,0.7380300020467594,0.4758247419292903,0.45116033149655344,0.6910965848282794,0.7797265855410386,0.7249408551912541,0.9524993578714935,5.833709538877371,0.0028418923337448945,5.022983845076126,1026.8228376150323,43.419069070542875,9.233772682615351,0.40419178182308296,3970.657801870923,5943.275487477028,376.2785633632115,211.07787799835205,5.78294427054269,2.6741078240530833,1.7844456251113485,108.23167555660605,72.58133305918332,70.87719761433878,7.726125685232026,17.434053305935645,0.7204645410835112,2.38284139638931,6.843553406127088,0.2717943191125856,0.4837364558105432,0.36460334689209256,3.178024207074866,0.7733153876305051,0.7958812593791587,0.11811415076266933,0.3775159720618904,0.1304043386780249,2.3906733508088758,2.719706785865128,2.87400567122469,6.835982311583523,7.858965461907376,8.414540354860947,30.051159981867563,31.788947448588697,32.558440962948595,10.492283473668113,17.413767900256367,72.09394862607552,4.6750566339779756,2.6110324904695617,12.259227959367664,79.08990248484383
20260526_160123_cloud_baseline_mot17_full_suite,mot17,cloud_baseline,pqc,FrodoKEM-640-SHAKE,ML-DSA-44,7,5316,7,True,0,0,True,7.632714994265639,0.7380300020467594,0.4758247419292903,0.45116033149655344,0.6910965848282794,0.7797265855410386,0.7249408551912541,0.9524993578714935,5.843506646148369,0.0049571516918455695,5.035035268429508,1033.6876742350275,43.38833759234918,9.217735320306796,0.40351114056892606,3980.235848882494,5955.416124417069,378.538209097726,211.07787799835205,8.042610713413783,2.6741085052490234,1.7990880865905627,107.97829905823052,72.5558163597,65.8837844052219,1.731504819222859,11.803856285821114,0.7191472217419675,2.6139354128920407,6.8455529903099555,0.3080733380447095,0.48287049698128026,0.4660203451779307,3.204544437043793,0.7732213019002477,0.7866400000158821,0.11910160361281732,0.18232073749473482,0.16174914603894894,2.4843150417187383,3.6771063326991027,4.430776679655538,6.828988444924887,7.833551318617538,8.383865883973028,30.11826433951727,32.10272255593655,33.248559972377265,11.359834503916627,17.36825729976278,71.2719081963206,4.758508998441338,2.6168115190437122,12.285181279572074,81.971341810696
20260526_160123_cloud_baseline_mot17_full_suite,mot17,cloud_baseline,pqc,FrodoKEM-640-SHAKE,ML-DSA-65,7,5316,7,True,0,0,True,7.6074985909767525,0.7380300020467594,0.4758247419292903,0.45116033149655344,0.6910965848282794,0.7797265855410386,0.7249408551912541,0.9524993578714935,5.846348063857692,0.00633473088245282,5.052461457727058,1038.9746170025662,42.87312703647791,9.229627383257528,0.40240173480295593,3981.9700653039845,5859.275554696084,379.68154416765486,211.07787799835205,9.185959952218193,2.67411014011928,1.8064969328717633,107.7131529335218,72.29999487170366,65.97085799356657,1.7324276268482208,12.347120010027927,0.7134402277579543,2.9636213272066216,6.831651794946704,0.3226617861183225,0.48043425910358606,0.5556307272421758,3.1957067528566125,0.7724898468120536,0.8016848384938139,0.11875857365006441,0.22456254874500522,0.17730582536796904,2.7435984894899383,4.497995422155197,5.789686574800205,6.816175691450813,7.845749394203137,8.415669678610616,30.09254435746745,31.816961806617787,32.58223626552147,12.434834106675083,17.155297429009632,70.40986846431528,4.802519853658845,2.620850506320358,12.271388871444517,83.42929950477495
20260526_160123_cloud_baseline_mot17_full_suite,mot17,cloud_baseline,pqc,FrodoKEM-640-SHAKE,ML-DSA-87,7,5316,7,True,0,0,True,7.597961755202078,0.7380300020467594,0.4758247419292903,0.45116033149655344,0.6910965848282794,0.7797265855410386,0.7249408551912541,0.9524993578714935,5.84721346476976,0.0009503372164316371,5.039620183803869,1046.9461284807987,42.95970960354839,9.226827981091873,0.40334907057317126,3991.6179343622075,5877.319737029534,381.3811356680734,211.07787799835205,10.885543823242188,2.674112319946289,1.8175102898566788,107.91335610674217,72.327746086685,67.24433486150312,1.987554399030549,12.524931309079486,0.7198740842260988,3.2550768308342337,6.907939829423337,0.34766488238546917,0.4809139717796286,0.7356223403725515,3.218691207689126,0.7719985560948788,0.8194239292907126,0.1182700443361324,0.23481522035886135,0.19967208333249448,3.027597866353712,4.951426386001651,6.262357558090506,6.874245782715401,7.982949448549854,8.614332508961004,30.09866792525244,31.973964910230254,32.880132297141856,13.525410022865957,17.095325669363696,69.37926430777036,4.850069709021092,2.6166419372478216,12.277915308467684,85.5965656648473
20260526_160123_cloud_baseline_mot17_full_suite,mot17,cloud_baseline,pqc,FrodoKEM-976-AES,Falcon-1024,7,5316,7,True,0,0,True,7.4924918303961485,0.7380300020467594,0.4758247419292903,0.45116033149655344,0.6910965848282794,0.7797265855410386,0.7249408551912541,0.9524993578714935,5.834962692470804,0.003295717412082295,4.937632832880747,1050.8252703159687,43.27140371523609,9.119051866022446,0.406439160556233,3991.3822826442,5984.111902254715,377.0584171840123,211.07787799835205,6.562812805175781,2.6740917478288924,1.7894993055219923,110.26537201915644,73.99704186194015,83.57051914624337,21.374388997043884,29.007683291898243,0.7213438694142665,2.900029653949803,6.877615343942989,0.2842288071597189,0.48219153561544476,0.46935435553102345,3.2092393362216547,0.7917265148839583,0.8755019135358068,0.1209180386245847,0.6623143991699207,0.14485706774334475,2.916568091937474,3.249412979598024,3.472257892301838,6.861959567426571,7.978565669119624,8.619411814059797,30.459534672146397,32.05190949119447,32.72854395960214,12.019033260852924,17.107938338853142,70.87302840029393,4.601394286832237,2.5562990327982225,11.936518762154005,80.08439041215969
20260526_160123_cloud_baseline_mot17_full_suite,mot17,cloud_baseline,pqc,FrodoKEM-976-AES,Falcon-512,7,5316,7,True,0,0,True,7.531068081186851,0.7380300020467594,0.4758247419292903,0.45116033149655344,0.6910965848282794,0.7797265855410386,0.7249408551912541,0.9524993578714935,5.8409609515987535,0.000654791241287052,4.927312561933495,1053.3331385721328,43.34747628194185,9.12294425357206,0.40609347666029405,4000.225325766657,6001.478976049016,376.26572145734514,211.07787799835205,5.770173754010882,2.6741271700177873,1.784362211108282,110.99339642772256,74.76203458679069,72.14630240507957,9.616733395627566,18.01063328249646,0.7211911507969553,2.3882659985123724,6.857703633506303,0.27229217830820274,0.4822126036078493,0.3848174983571125,3.2308129631624967,0.8022349914522515,0.830456008308621,0.12114790995023506,0.3887729597153912,0.13539235142381573,2.404381728930665,2.7025359774207964,2.895691897221176,6.853339994060142,7.863340214160936,8.512906141279798,30.709074559135622,32.291978016905055,32.86435440298896,10.449793623739646,17.254605476012895,72.29560090024746,4.5588083019259615,2.5463248046307707,11.961191363883867,79.0735137952437
20260526_160123_cloud_baseline_mot17_full_suite,mot17,cloud_baseline,pqc,FrodoKEM-976-AES,Falcon-padded-1024,7,5316,7,True,0,0,True,7.417961862562724,0.7380300020467594,0.4758247419292903,0.45116033149655344,0.6910965848282794,0.7797265855410386,0.7249408551912541,0.9524993578714935,5.938984538426207,0.003469095382231777,4.943818502592772,1056.5907400893775,43.04255633587872,9.052714625115843,0.4052529202713007,3997.558294812949,5961.1811149793575,377.0704225812639,211.07787799835205,6.574850899832589,2.6741271700177873,1.7895768896085953,111.55680164230138,74.94923082685527,83.077750567879,21.684519946575165,29.115393292158842,0.7096252548720748,2.855353958716445,6.74455192610487,0.29023532104098476,0.4830185284331255,0.45253929706629215,3.2449965428175935,0.8015924986165718,0.8788316668223567,0.11996559245412676,0.6743017625449707,0.14629889446801045,2.8627958381548524,3.2137717586010695,3.417671330306413,6.727315127916102,7.696495028877897,8.317348210839555,30.738618484391697,32.36932903430882,33.10671067117074,11.833680711090064,16.808552162743375,71.35776712616656,4.555989171255477,2.5307708180777824,11.853510573282673,80.09966004287294
20260526_160123_cloud_baseline_mot17_full_suite,mot17,cloud_baseline,pqc,FrodoKEM-976-AES,Falcon-padded-512,7,5316,7,True,0,0,True,7.507266632223984,0.7380300020467594,0.4758247419292903,0.45116033149655344,0.6910965848282794,0.7797265855410386,0.7249408551912541,0.9524993578714935,5.856726263532404,0.0,4.927007021216836,1061.437916311577,43.21867563588422,9.100302835544158,0.40622828649166604,4004.781218923493,6009.674949353607,376.2785639081682,211.07787799835205,5.782992771693638,2.6741251264299666,1.7844456094158327,111.21740521130644,74.98446659729507,70.7955422611641,8.965379159365382,17.075453269561486,0.7132720899839271,2.3572068524898517,6.763946489175063,0.2740802845075626,0.48143692567267793,0.3660559011539086,3.2480516884961737,0.8040418112934431,0.8309975674168651,0.12071289856203572,0.39280514864161437,0.13547292446990963,2.361167238892189,2.66793661617807,2.8735835451100553,6.756345292420259,7.735724329748856,8.323248510880928,30.712095668283958,32.2877151180657,32.9212097183374,10.348248591189767,17.125170793663028,72.5265806151472,4.547853913766303,2.5399985188295937,11.919576254466042,79.0899153059902
20260526_160123_cloud_baseline_mot17_full_suite,mot17,cloud_baseline,pqc,FrodoKEM-976-AES,ML-DSA-44,7,5316,7,True,0,0,True,7.442727928751187,0.7380300020467594,0.4758247419292903,0.45116033149655344,0.6910965848282794,0.7797265855410386,0.7249408551912541,0.9524993578714935,5.843746237403274,0.0028483975068808454,4.982275265248615,1069.6612763491592,42.916904538331934,9.095697158965491,0.4027017095190952,4003.685089098321,5987.899886237793,378.5382161821638,211.07787799835205,8.042645590645927,2.6741229466029575,1.799088144051405,111.58049181592537,75.14439265647749,64.84736508822867,2.2632250828402385,10.497852095535823,0.6917755081874984,2.517079391043739,6.704943577714764,0.3059380871087153,0.47681991314719524,0.46190570558327904,3.2747417991471486,0.8084514565694879,0.8223134083153764,0.12136841534604044,0.1884355080000367,0.16791819982185108,2.395956885136132,3.494936946247305,4.187976360387569,6.695309653878212,7.705466888312783,8.180802760845316,30.992322031175984,32.621433958477056,34.321962627066995,10.88714629605983,16.833958920084346,72.27889478385583,4.603959008846577,2.5317408920379125,11.902570491287829,81.97136208197455
20260526_160123_cloud_baseline_mot17_full_suite,mot17,cloud_baseline,pqc,FrodoKEM-976-AES,ML-DSA-65,7,5316,7,True,0,0,True,7.324062049678268,0.7380300020467594,0.4758247419292903,0.45116033149655344,0.6910965848282794,0.7797265855410386,0.7249408551912541,0.9524993578714935,5.8481687377622364,0.0042396631974023725,4.985024572590865,1071.4479346938765,42.582799033436125,8.99090924824624,0.40227255874151646,4014.4009069374274,5971.024185347494,379.68154198782787,211.07787799835205,9.186000279017858,2.67412839617048,1.8064969337048817,112.24676892158786,75.59002911684101,64.45860984136483,2.3030098527669907,11.491850018501282,0.6886230941543552,2.8564328123239204,6.656595890083279,0.32071101566295734,0.47477776033493785,0.5540961748476578,3.3148417837919824,0.8123495666721919,0.8416520850010188,0.12238997133063871,0.23468813507979233,0.1872380924763842,2.6592087067131485,4.344583120629458,5.602296208463875,6.6320404959177335,7.606633077375591,8.263640834151634,31.06306990608733,33.190012323674075,34.69989439201911,11.942925175977768,16.50521682877972,71.5518579952425,4.604414277044351,2.512830516294835,11.751327896413466,83.42930441495092
20260526_160123_cloud_baseline_mot17_full_suite,mot17,cloud_baseline,pqc,FrodoKEM-976-AES,ML-DSA-87,7,5316,7,True,0,0,True,7.402878298743074,0.7380300020467594,0.4758247419292903,0.45116033149655344,0.6910965848282794,0.7797265855410386,0.7249408551912541,0.9524993578714935,5.92410078066861,0.008490460929076151,5.0046025930843046,1078.5739519091776,42.283338226197415,8.99062767083076,0.4007143214054696,4016.972186610543,5878.745427821062,381.3811400277274,211.07787799835205,10.885574340820312,2.6741296223231723,1.8175103201242382,111.74104114861369,75.06794039300156,64.24369957364563,2.366801989930017,10.675873424458716,0.68703335903895,3.1172352757101156,6.640923340482053,0.3522926436141614,0.474436648702794,0.7235044947850083,3.2988956216033087,0.8056393641483558,0.8528699666122871,0.12046166327816847,0.24497643105687902,0.20867987555747036,2.900545343956245,4.696409415919332,5.95491193334705,6.6055014613084495,7.651058826429237,8.229641242484961,30.96305694142942,32.83076166841303,33.875162518857415,12.964635729944433,16.306059452581998,70.72930481747358,4.690027243988274,2.530076112993575,11.897221871030183,85.59655752682315
20260526_160123_cloud_baseline_mot17_full_suite,mot17,cloud_baseline,pqc,FrodoKEM-976-SHAKE,Falcon-1024,7,5316,7,True,0,0,True,7.477804437605675,0.7380300020467594,0.4758247419292903,0.45116033149655344,0.6910965848282794,0.7797265855410386,0.7249408551912541,0.9524993578714935,5.844833218954629,0.0010472396129766648,4.995665439157864,1086.8134999497295,42.51693587937003,9.112761891595882,0.40246382768804506,4024.583565338285,5887.294800473647,377.0583692278181,211.07787799835205,6.56281988961356,2.674137660435268,1.7894987738389347,110.0941464333015,73.57318054142844,89.92613258305937,22.532573768070765,37.065538444689345,0.7059034935118271,2.835314312390704,6.741328731545536,0.2853193925373974,0.47833546824700146,0.47173024628138266,3.214875845939428,0.7863808092513518,0.8687255749839444,0.11894010037967376,0.6556569656535397,0.14400760817122876,2.8366213498104895,3.21389375520604,3.4396303641343757,6.722284223152591,7.7531265934729685,8.282819476444274,30.309568985187045,31.948721132174132,32.83752651741461,11.828901454818652,16.76262659241301,71.40847195276832,4.61370653860763,2.5631181980004185,11.976687519490225,80.08431144967649
20260526_160123_cloud_baseline_mot17_full_suite,mot17,cloud_baseline,pqc,FrodoKEM-976-SHAKE,Falcon-512,7,5316,7,True,0,0,True,7.59002033993974,0.7380300020467594,0.4758247419292903,0.45116033149655344,0.6910965848282794,0.7797265855410386,0.7249408551912541,0.9524993578714935,5.831812208004094,0.005401603781353342,5.059129240503197,1090.720647857913,42.88342305493258,9.15317600418272,0.40183638104629543,4022.59522499847,5911.507686943032,376.2657252720424,211.07787799835205,5.770101274762835,2.674100467136928,1.784362481322315,108.42213050699272,72.83127073378229,78.14190134273043,9.473177471331187,24.481676751747727,0.6990387727539834,2.3132031813760565,6.671215316074532,0.2760244393426617,0.4805262588377683,0.3839426980706454,3.191572644183529,0.7745179077515587,0.8011757449007553,0.11889808460396423,0.3759085549511377,0.13075876090977642,2.282975333011044,2.657867756040235,2.855183139077521,6.618680939677039,7.680298771343327,8.261151564573604,30.18848286431656,31.890518480248062,32.63396665284453,10.379520479321888,17.11844213236856,72.50203738830956,4.659456174264735,2.602612747512513,12.177860229052204,79.07354477424578
20260526_160123_cloud_baseline_mot17_full_suite,mot17,cloud_baseline,pqc,FrodoKEM-976-SHAKE,Falcon-padded-1024,7,5316,7,True,0,0,True,7.527461010616332,0.7380300020467594,0.4758247419292903,0.45116033149655344,0.6910965848282794,0.7797265855410386,0.7249408551912541,0.9524993578714935,5.8084329681748015,0.0021315000873011925,5.056132155062591,1094.8261264326552,43.34210034277978,9.112545244582684,0.40127272118846896,4030.291899892562,6016.399750595527,377.07041822160994,211.07787799835205,6.574820927211216,2.6741087777273997,1.7895768373973093,108.61459778142682,72.5819313697648,92.32283840953771,23.77771373306002,39.13639740286661,0.7045897608939026,2.810062274491737,6.67525440812791,0.28485170067206805,0.47638280429000673,0.4451216341221785,3.1925847458581607,0.7733692070527203,0.8444214135043778,0.11910141950493655,0.6496460976231077,0.142696502291397,2.804428438789078,3.1758302415255457,3.369338930684275,6.661086667528642,7.7022296601041615,8.26210400189406,30.066685064612223,31.739382436095713,32.60501247977586,11.813955178838821,16.834013377799465,71.35203144336171,4.675272240290221,2.5971133191674585,12.133125289275355,80.09965987085934
20260526_160123_cloud_baseline_mot17_full_suite,mot17,cloud_baseline,pqc,FrodoKEM-976-SHAKE,Falcon-padded-512,7,5316,7,True,0,0,True,7.607323081144687,0.7380300020467594,0.4758247419292903,0.45116033149655344,0.6910965848282794,0.7797265855410386,0.7249408551912541,0.9524993578714935,5.841629354364751,0.00131956397016638,5.07290034868399,1100.6830733351633,43.43036575075128,9.169945119397918,0.4016660544236985,4030.6858926739474,5971.198506097629,376.27855954851424,211.07787799835205,5.78294917515346,2.67410455431257,1.7844455985891157,108.15576455657377,72.61420087194908,79.11542023066431,9.939744270273618,24.336264302421892,0.7057508891753351,2.338783374495918,6.7568304887794115,0.2796470310542411,0.4822581127122375,0.36590988403954333,3.1878634513608017,0.7741863706195641,0.7970892883513999,0.11944783263977388,0.3786219942027779,0.13150218070036868,2.3196575764034475,2.67917700943404,2.8399065195117146,6.708103157247284,7.816184060149161,8.33381303918681,30.132371992602412,31.811238796576383,32.581073879037874,10.387008401246648,17.326528820973614,72.28646277777973,4.671301844531577,2.609002331910261,12.205511752023199,79.0899004692053
20260526_160123_cloud_baseline_mot17_full_suite,mot17,cloud_baseline,pqc,FrodoKEM-976-SHAKE,ML-DSA-44,7,5316,7,True,0,0,True,7.593447923983801,0.7380300020467594,0.4758247419292903,0.45116033149655344,0.6910965848282794,0.7797265855410386,0.7249408551912541,0.9524993578714935,5.842434738881677,0.0015843069226514554,5.078286544649458,1104.1975522168188,43.65959607006896,9.149903725061296,0.4004971135133773,4041.1950481321264,6033.797758490595,378.53821345738004,211.07787799835205,8.04261943272182,2.6741091864449635,1.7990881219140438,108.05021362475686,72.59839391283718,73.20257886645517,2.9163693210908344,18.238575447217695,0.696524547629258,2.520708175431903,6.696449636285588,0.3093576320186231,0.4768177771664002,0.4616208081589393,3.2130590221489403,0.7732939348373987,0.7890703234449941,0.11968521366642085,0.18453988284426262,0.1622025664174058,2.4113819069628204,3.5035733316492816,4.1919453387215215,6.654519205247717,7.718437700532377,8.309803863687973,30.16154583576375,31.96892800197399,32.88402613592378,11.085042683246723,17.106246656700723,71.80871066005254,4.75161616705496,2.6131253421476286,12.245954122500665,81.97134750880166
20260526_160123_cloud_baseline_mot17_full_suite,mot17,cloud_baseline,pqc,FrodoKEM-976-SHAKE,ML-DSA-65,7,5316,7,True,0,0,True,7.549526766091176,0.7380300020467594,0.4758247419292903,0.45116033149655344,0.6910965848282794,0.7797265855410386,0.7249408551912541,0.9524993578714935,5.844116294754758,0.0020471740097908323,5.098422495376481,1107.7116487905055,43.02717837584398,9.139037699392905,0.3982415025471106,4042.207402643861,5957.588939948318,379.6815408979143,211.07787799835205,9.185953957693917,2.6741055079868863,1.8064969306382745,108.12907053386095,72.51221386769646,71.84953954336899,2.704169069017683,17.410927851285255,0.7034157184558325,2.8915469424410665,6.7473861474494194,0.33017088162637914,0.4792851779071676,0.5551454786829845,3.207549142346005,0.7733028575557942,0.8040165436269143,0.11928970890053435,0.2240893536855734,0.17697028359524403,2.696369741378086,4.417956837486209,5.573581111883479,6.721986948312925,7.80786984583496,8.404218125256843,30.21672798822926,31.922108562102324,32.64506059753387,12.19874472193057,16.96621398479716,70.83504129327227,4.7839391129309865,2.6107037432560545,12.224937452688069,83.42930420875597
20260526_160123_cloud_baseline_mot17_full_suite,mot17,cloud_baseline,pqc,FrodoKEM-976-SHAKE,ML-DSA-87,7,5316,7,True,0,0,True,7.502624293830436,0.7380300020467594,0.4758247419292903,0.45116033149655344,0.6910965848282794,0.7797265855410386,0.7249408551912541,0.9524993578714935,5.824457822823325,0.0014817200837493958,4.994863998379874,1115.815502797669,43.407836812108876,9.14300619012494,0.4046118529495728,4050.6403695849003,6000.085755583163,381.3811367579869,211.07787799835205,10.885532924107142,2.6741108213152205,1.8175102540846868,109.247027789836,73.27430817036019,72.54188700712153,2.560212676014219,18.111681415965514,0.7182033773196607,3.240721603636743,6.893878064512296,0.35430487935328936,0.48167718681758304,0.7368879469945153,3.262217824695996,0.7831069513991648,0.8296544832352328,0.12004893797088727,0.23939636018698032,0.20355177214765424,3.01536575092801,4.953039758506097,6.167738221286397,6.856879452243447,8.050912384143365,8.645026013754043,30.505238633502277,32.58178177991509,33.63348153233579,13.380360786715077,16.945776659620318,69.67386255366462,4.781978852508599,2.5804742232198956,12.043061338517804,85.59655570054133
20260526_160123_cloud_baseline_mot17_full_suite,mot17,cloud_baseline,pqc,ML-KEM-1024,Falcon-1024,7,5316,7,True,0,0,True,7.428216148612807,0.7380300020467594,0.4758247419292903,0.45116033149655344,0.6910965848282794,0.7797265855410386,0.7249408551912541,0.9524993578714935,5.802139170563249,0.004550897718965127,4.925727937052557,1121.8065936711155,43.161703424482766,9.058449485209286,0.40595409420744827,4050.2424866283723,6022.229847302942,377.0583850315639,211.07787799835205,6.562841687883649,2.6741184507097517,1.7894984125159328,111.46752870994237,74.82309492910838,79.3061182900731,20.219510421156883,25.019928995919013,0.7232098629792388,2.9108714041374113,6.905153273312919,0.2931100910163505,0.4861916960028975,0.4775089645013804,3.2387585602408007,0.7986490103272246,0.8829880868310495,0.12023429091357697,0.6680757972582871,0.14673913488853502,2.9379693026255285,3.261984546302951,3.4842771469681924,6.893518214513149,7.989329948655462,8.653297301082473,30.71262294905739,32.76530213434312,33.820145700788146,11.974261097923598,17.03480314751116,70.99093575456524,4.553747845805333,2.5298276183427175,11.813856591455778,80.08430021239924
20260526_160123_cloud_baseline_mot17_full_suite,mot17,cloud_baseline,pqc,ML-KEM-1024,Falcon-512,7,5316,7,True,0,0,True,7.453997435127066,0.7380300020467594,0.4758247419292903,0.45116033149655344,0.6910965848282794,0.7797265855410386,0.7249408551912541,0.9524993578714935,5.84671727495487,0.0014295033788763157,4.946661468982027,1123.2808964634874,43.483092215918695,9.046972270674384,0.4051391035583962,4060.816495310208,6059.433948091648,376.265811920166,211.07787799835205,5.770197187151227,2.674147605895996,1.7843629880973497,111.6851310160664,75.18680948025228,66.89750554505736,8.51979825113501,13.57718843168446,0.7096612575897367,2.345240634923449,6.741365792862672,0.2819706142768327,0.4842915460900758,0.38869242834769746,3.271740277019571,0.8049060163964569,0.8341600614846446,0.1203754272608126,0.3933082689592492,0.13604979781550577,2.3393891668612405,2.6821136516186277,2.8875174622849693,6.725286233371922,7.7730664966761,8.327757329181102,30.819368860233574,33.09539794968824,34.30469555831285,10.31824388100793,16.956423597778915,72.72533252121315,4.524748331179492,2.5273699996856513,11.824859427039607,79.07361221898007
20260526_160123_cloud_baseline_mot17_full_suite,mot17,cloud_baseline,pqc,ML-KEM-1024,Falcon-padded-1024,7,5316,7,True,0,0,True,7.376831529423832,0.7380300020467594,0.4758247419292903,0.45116033149655344,0.6910965848282794,0.7797265855410386,0.7249408551912541,0.9524993578714935,5.815205909207711,0.003269367448471926,5.008623267789,1128.6608518611179,42.55582506911442,8.9900784585023,0.40114047732629815,4058.1780097568917,5927.86978600381,377.07041876656666,211.07787799835205,6.574862343924386,2.674133164542062,1.7895768625412836,111.39684396997022,74.75588925764112,78.25059277404632,20.184042464409554,24.898944738587097,0.6972528097933361,2.8013622494734953,6.670605184259869,0.28734715185461124,0.4785589706980685,0.4491408662905911,3.2395461465534416,0.8034846338225271,0.8838214547830773,0.11963651556957662,0.675932276926515,0.14741123976420994,2.783036724265133,3.1693011123154844,3.3669111114327928,6.65161878402744,7.677671134505155,8.196151465776243,30.734241927377884,32.42511198670832,33.308429956977996,11.68341246643041,16.66795979604652,71.64862773752307,4.558790063714752,2.532397015869717,11.834676046651198,80.09966801121483
20260526_160123_cloud_baseline_mot17_full_suite,mot17,cloud_baseline,pqc,ML-KEM-1024,Falcon-padded-512,7,5316,7,True,0,0,True,7.446523710758908,0.7380300020467594,0.4758247419292903,0.45116033149655344,0.6910965848282794,0.7797265855410386,0.7249408551912541,0.9524993578714935,5.8347229588258855,0.0036118963460670304,4.915379623691669,1135.7007662767542,43.096004840524,9.034455432102627,0.40683689428609593,4068.468554813429,6016.750443227918,376.27855736868725,211.07787799835205,5.782986777169364,2.6741270337785994,1.784445585589459,112.20551466653815,75.53236215944956,66.4966675519411,8.149024631295886,13.46633698059512,0.7182132820852738,2.37772883166495,6.840795851271234,0.2829396539685903,0.485548989950895,0.3732142386407075,3.307512618142559,0.8103097604013227,0.832934794892736,0.12069951867510345,0.39760505705463284,0.13749773786785438,2.377952299346881,2.7065261408487067,2.892111172799819,6.8229564266013245,7.819743991629886,8.43225258435788,30.873846473976975,33.65025662113502,35.26328217083961,10.318316859447169,17.124228047773553,72.55745509277928,4.504356807374928,2.5157450424934242,11.779629701251311,79.08989080017817
20260526_160123_cloud_baseline_mot17_full_suite,mot17,cloud_baseline,pqc,ML-KEM-1024,ML-DSA-44,7,5316,7,True,0,0,True,7.403100240825386,0.7380300020467594,0.4758247419292903,0.45116033149655344,0.6910965848282794,0.7797265855410386,0.7249408551912541,0.9524993578714935,5.813906215525054,0.003302225412778176,4.999973202756868,1141.1416221661768,43.10871791976864,9.022735200735067,0.40149827879829963,4069.1995774140364,5990.112198558303,378.53821073259627,211.07787799835205,8.042634691510882,2.674120766775949,1.7990881116210282,111.51792624305142,75.1157617153458,53.84189999728863,0.7200054824352264,5.66875101399741,0.690324798297742,2.516441722237301,6.678973074512405,0.30811610197477746,0.4774691944575368,0.4686744067930656,3.27045227526582,0.8075135084532382,0.8214500689072183,0.12038905390973595,0.18809421485490058,0.1682964533422721,2.3956981021910906,3.49083127054785,4.224966206654374,6.664104152670396,7.662458831743736,8.130942670894521,30.972958269698285,32.91349405796134,33.92611318450074,10.911066687676698,16.783936131636345,72.30499718068697,4.603879230791233,2.531884686451254,11.863885482776471,81.97134670844478
20260526_160123_cloud_baseline_mot17_full_suite,mot17,cloud_baseline,pqc,ML-KEM-1024,ML-DSA-65,7,5316,7,True,0,0,True,7.396759082403667,0.7380300020467594,0.4758247419292903,0.45116033149655344,0.6910965848282794,0.7797265855410386,0.7249408551912541,0.9524993578714935,5.852929689814951,0.003379917506552573,5.044411546851552,1141.9569488707614,42.4864125468215,8.987387091688502,0.40021411884874886,4080.2937617108787,5898.372067729593,379.68154416765486,211.07787799835205,9.18599373953683,2.6741248539515903,1.8064969548494998,111.12764523763154,74.7665854303807,59.46189007123134,0.7569023541041783,5.888628740129726,0.6812595918850011,2.833841145124726,6.583286491576044,0.32784482677837595,0.4745234393853193,0.550519134769721,3.2745219461978605,0.8014435512861552,0.8323273818677317,0.12038546068811924,0.23234545477905083,0.18416141991049156,2.6220404875597785,4.387368106316509,5.5671328371058095,6.535796298911529,7.56247319430778,8.032353874794874,30.84412236064885,32.847474750285855,33.93034554667857,11.94986833401747,16.473547152122663,71.57658451385988,4.659457170312529,2.542759015144324,11.908665575917496,83.42931480265158
20260526_160123_cloud_baseline_mot17_full_suite,mot17,cloud_baseline,pqc,ML-KEM-1024,ML-DSA-87,7,5316,7,True,0,0,True,7.450113450633678,0.7380300020467594,0.4758247419292903,0.45116033149655344,0.6910965848282794,0.7797265855410386,0.7249408551912541,0.9524993578714935,5.817553078433427,0.004422419263855591,5.093529461450666,1148.5456656257152,42.75163754015215,9.093515904395067,0.4000445706374646,4078.8946961418665,5919.904036618781,381.38114384242465,211.07787799835205,10.885560171944755,2.674126216343471,1.817510339046524,109.05191753966608,73.17749963094512,61.189816765753285,0.8661770927054542,6.017400034969406,0.6889768082335552,3.1408985947639825,6.6530231749264805,0.3456023928057078,0.4734634232696505,0.7233989821519275,3.280918123419359,0.7782744631811752,0.8218998254813812,0.11870600242057956,0.2389118072660783,0.2025059610783513,2.9069097113928626,4.798884157623562,6.079497786371834,6.606561131775379,7.60697032175293,8.351760675931084,30.28496197951053,32.94894721331058,34.279226318967474,13.180257706781287,16.56254987731545,70.25719241590328,4.790394404306729,2.5850518971364354,12.060236003927159,85.59656090677022
20260526_160123_cloud_baseline_mot17_full_suite,mot17,cloud_baseline,pqc,ML-KEM-512,Falcon-1024,7,5316,7,True,0,0,True,7.503993999923206,0.7380300020467594,0.4758247419292903,0.45116033149655344,0.6910965848282794,0.7797265855410386,0.7249408551912541,0.9524993578714935,5.843485847465132,0.001452249408050513,5.0759635539691885,1151.4574401339555,43.48009556399936,9.104885490029668,0.4015041151831559,4086.2771311199117,6034.391912956672,377.05840955461775,211.07787799835205,6.562867300851004,2.67411014011928,1.7894987298075928,108.9694047624879,72.96741888322704,77.13203025715691,18.31854826637677,23.876187557886755,0.6894912126193864,2.776705014441077,6.6022237436076905,0.2888482758336108,0.47558397949682846,0.46545776454900034,3.210318409527791,0.7769045849841303,0.8608463084148525,0.11839221736339137,0.648281283460581,0.1427267969451172,2.762506649430309,3.147212024279205,3.3542679815686176,6.565285297775907,7.538528609023031,8.177492586796038,30.13491578900228,32.338320001007396,33.65094089218565,11.804205106837012,16.72609022770629,71.4697046654567,4.660786154039572,2.5892389406345275,12.111235714938871,80.08437387629567
20260526_160123_cloud_baseline_mot17_full_suite,mot17,cloud_baseline,pqc,ML-KEM-512,Falcon-512,7,5316,7,True,0,0,True,7.616235280895959,0.7380300020467594,0.4758247419292903,0.45116033149655344,0.6910965848282794,0.7797265855410386,0.7249408551912541,0.9524993578714935,5.814883760669139,0.0018184796854521623,5.041297638251358,1159.7597990796796,43.16227643534292,9.20871920014859,0.40259706896380604,4085.4011159474467,5912.180881108825,376.2658168247768,211.07787799835205,5.770198277064732,2.6741089139665877,1.7843626976528852,108.21378575255801,72.66644202055362,67.49730999581516,7.545184077961104,12.418646398665649,0.7188853120616328,2.3711730883989426,6.830878474558391,0.2759910540955513,0.4865888941706767,0.3863111627222359,3.1874425344127855,0.7753898602269096,0.8066204267760703,0.11844591676637771,0.3766657736202238,0.1308498536769612,2.3550715912798688,2.7014288934879005,2.8972893166688403,6.7911794425786605,7.878875347419775,8.500842721301265,30.136446309815028,31.84481056255294,32.63188500458433,10.536297944153146,17.415382701800134,72.04831935404673,4.66728843736927,2.6070084621809353,12.183641814987277,79.07362333646829
20260526_160123_cloud_baseline_mot17_full_suite,mot17,cloud_baseline,pqc,ML-KEM-512,Falcon-padded-1024,7,5316,7,True,0,0,True,7.490884615295684,0.7380300020467594,0.4758247419292903,0.45116033149655344,0.6910965848282794,0.7797265855410386,0.7249408551912541,0.9524993578714935,5.847719325097219,0.0011313932980599648,5.073348725975863,1164.934758135927,43.12698009361566,9.103844948140315,0.40009640731377216,4094.659150051691,6006.624263477554,377.0704198564802,211.07787799835205,6.574848175048828,2.674107142857143,1.7895768743516278,108.84587252411202,72.67694840950455,78.98840875298318,20.665051681654795,25.987125583924353,0.6920056056301193,2.7774379919673926,6.600754759406445,0.2913271103152671,0.47652785051998514,0.4451900146920712,3.1965208748720757,0.7743546192080067,0.8500068863448309,0.11907073891272334,0.6509227205130975,0.14314246287247925,2.739359632999237,3.1855272054339627,3.424134280066937,6.571599348847355,7.507158591345485,8.198316808224522,30.12079251523316,31.81302852159775,32.575559915082565,11.680976307616183,16.643257258255087,71.67576643412873,4.654776476020534,2.58589538359925,12.017706341360613,80.09968774676194
20260526_160123_cloud_baseline_mot17_full_suite,mot17,cloud_baseline,pqc,ML-KEM-512,Falcon-padded-512,7,5316,7,True,0,0,True,7.663714737802138,0.7380300020467594,0.4758247419292903,0.45116033149655344,0.6910965848282794,0.7797265855410386,0.7249408551912541,0.9524993578714935,5.797804612882596,0.0033579448570939846,4.970624609185014,1174.6610479219253,43.6079970172335,9.247437880170635,0.40607304478878203,4094.3094424284873,5955.456061409021,376.27856172834123,211.07787799835205,5.782959529331753,2.6741023744855608,1.7844455850033036,108.17312970058616,72.61313766609916,66.5688651414322,7.752486637660435,12.63210124203137,0.7298934939106214,2.4123395577494025,6.957391159486105,0.2777065587842605,0.48625527810522945,0.36755045249136126,3.193189088990356,0.7741940826641006,0.7973110976582275,0.11785188175487879,0.3794706057629523,0.13115660352110328,2.430107444524765,2.74707075940179,2.933441451085465,6.937553648770388,8.017735998977773,8.642048081216801,30.12178964771703,31.786156279834838,32.58004101274127,10.554203057904557,17.646042616084287,71.79975432601114,4.668410405130204,2.6074166512895975,12.178706179206198,79.08990762341617
20260526_160123_cloud_baseline_mot17_full_suite,mot17,cloud_baseline,pqc,ML-KEM-512,ML-DSA-44,7,5316,7,True,0,0,True,7.631405407485589,0.7380300020467594,0.4758247419292903,0.45116033149655344,0.6910965848282794,0.7797265855410386,0.7249408551912541,0.9524993578714935,5.844878660835976,0.0013255529140551831,5.015587228079463,1178.6431605005969,43.52814642888302,9.221412388955725,0.4047891948925032,4102.555289859467,5962.57476320743,378.53821236746654,211.07787799835205,8.042580740792411,2.674098423549107,1.7990881380205348,108.3437188967052,72.7684392129627,60.219996026717126,0.7504493530307498,5.928959880423333,0.7304985614809892,2.6436205961797157,6.955274476606661,0.31709801136750354,0.4871425102721929,0.47265934641186075,3.220151156915787,0.7757960475646903,0.7912723834711617,0.1187386271831017,0.18362330468253857,0.16217677140052036,2.5217864230009064,3.699641586613974,4.434536613158083,6.951990204730204,8.038508928647,8.595532853256113,30.271027267724804,32.03722747561462,32.75085004663575,11.382070969962742,17.490116167298194,71.12781286273906,4.736156165470122,2.604729417096657,12.184346066431596,81.97133426476671
20260526_160123_cloud_baseline_mot17_full_suite,mot17,cloud_baseline,pqc,ML-KEM-512,ML-DSA-65,7,5316,7,True,0,0,True,7.455769936065759,0.7380300020467594,0.4758247419292903,0.45116033149655344,0.6910965848282794,0.7797265855410386,0.7249408551912541,0.9524993578714935,5.825375688488796,0.003129022521293313,4.932443525271585,1183.2671833241802,43.340508647007255,9.087160126891058,0.4053925670796551,4103.721944452615,6027.241980177804,379.68154416765486,211.07787799835205,9.185966491699219,2.674121175493513,1.8064969213414466,111.39574021570186,74.86989899455935,58.90690322433199,0.7559353751795632,5.635190123159971,0.7169337446868302,2.982662838204933,6.900211011783796,0.32852210979178437,0.48464435902675035,0.5630286358328939,3.2748143090959974,0.8042096570002306,0.8387013479205631,0.1203739377630767,0.23402889029479804,0.18479098653279996,2.762493719014206,4.5393217130497625,5.89779982409839,6.894299569207111,7.979563591236781,8.526125233620405,30.96140993048144,32.71767572827414,33.77519949460036,12.271148571617298,16.951869815431202,70.7769816129515,4.647354839411697,2.5359956252892117,11.90200272998177,83.42928247375923
20260526_160123_cloud_baseline_mot17_full_suite,mot17,cloud_baseline,pqc,ML-KEM-512,ML-DSA-87,7,5316,7,True,0,0,True,7.31146613054801,0.7380300020467594,0.4758247419292903,0.45116033149655344,0.6910965848282794,0.7797265855410386,0.7249408551912541,0.9524993578714935,5.860647999949556,0.0027002122240433898,4.968665211426241,1185.0847531508282,43.30018876928603,8.942502646001191,0.4031684292644138,4113.896151271813,6099.838237324974,381.38114493233815,211.07787799835205,10.885580335344587,2.6741275787353516,1.8175103466807545,112.62584899796873,75.73985742649798,60.0403478768255,0.7889153701918465,5.828623876108655,0.6939634374826199,3.1405793363973205,6.69796062984647,0.3523761394670045,0.47750413608821635,0.7311639368144107,3.360531665014696,0.8094903446376479,0.8568004028302058,0.12180448093343418,0.24549877758294134,0.21114813330747445,2.91444271403764,4.723508268528218,6.068636673569147,6.655616926894124,7.651247278720673,8.184301135562626,31.164652442592065,33.739506681203736,34.9076448649385,12.974027792563424,16.35340728243866,70.67256492499791,4.644070335587385,2.505698420086818,11.735014330117561,85.59657969487492
20260526_160123_cloud_baseline_mot17_full_suite,mot17,cloud_baseline,pqc,ML-KEM-768,Falcon-1024,7,5316,7,True,0,0,True,7.3508064285765835,0.7380300020467594,0.4758247419292903,0.45116033149655344,0.6910965848282794,0.7797265855410386,0.7249408551912541,0.9524993578714935,5.81487735882735,0.006282673459523094,4.884024871286455,1194.2067517615233,43.24706326542485,8.999878918949618,0.40796918081542294,4115.845933926008,6024.729686988233,377.0582684108189,211.07787799835205,6.5628525870186945,2.674142701285226,1.7894982549113687,112.94404057600812,75.79134088150168,78.44425260554999,20.9567200924669,25.761447697212652,0.724263358076638,2.9145672380807865,6.90664332634015,0.29177428221275176,0.48679960728830574,0.4803091625424195,3.314434901948073,0.8098052761035491,0.8992341707167364,0.12178574985957687,0.6809393589403406,0.14966072941584643,2.9423611953721514,3.244794426219804,3.4777104789723774,6.8973801930301954,7.95134393598086,8.589414164224374,31.00533263937544,33.916970766825024,35.03114515436149,11.878459664505202,16.886071159398163,71.23546917609663,4.4960128336663026,2.4977647634261086,11.659836604013988,80.08429199997813
20260526_160123_cloud_baseline_mot17_full_suite,mot17,cloud_baseline,pqc,ML-KEM-768,Falcon-512,7,5316,7,True,0,0,True,7.51324891262634,0.7380300020467594,0.4758247419292903,0.45116033149655344,0.6910965848282794,0.7797265855410386,0.7249408551912541,0.9524993578714935,5.834940698597959,0.0011974380395433028,4.918139353303852,1198.32653514646,43.37965231464431,9.108157051794743,0.40585911360172217,4125.5931689351055,6011.787251720668,376.2656669616699,211.07787799835205,5.7700941903250555,2.674133437020438,1.7843618242829786,111.32577774613738,74.93643476975816,66.06000527140817,7.718554298792567,12.666271134678807,0.7180086624014221,2.3812755541076904,6.850076883091037,0.28089623164804267,0.4868294894099063,0.3906887180167815,3.2463561344518865,0.8036714610404354,0.834481071848331,0.120656096444023,0.3907046514678608,0.13558216474503385,2.388940076343715,2.6878120718590384,2.863740305017148,6.831435253843665,7.82786217917289,8.433804792252236,30.816943553167793,32.46671977640056,33.28865885710455,10.411630360326685,17.1864807431714,72.4018888965019,4.5426875823288,2.537351472788069,11.899069462458455,79.07343237847083
20260526_160123_cloud_baseline_mot17_full_suite,mot17,cloud_baseline,pqc,ML-KEM-768,Falcon-padded-1024,7,5316,7,True,0,0,True,7.440269985407146,0.7380300020467594,0.4758247419292903,0.45116033149655344,0.6910965848282794,0.7797265855410386,0.7249408551912541,0.9524993578714935,5.821147461667174,0.002215789568007435,4.933049946586256,1207.2574768355296,43.41470437123855,9.057530715793993,0.4058242102466922,4124.902031629138,6021.274352540314,377.07042149135043,211.07787799835205,6.574889591761997,2.6741368430001393,1.7895768834743702,111.6001286562065,74.89313231255629,83.76809771704886,24.542339146137238,29.417865427343973,0.7219617242406638,2.9193236102310927,6.904465682627932,0.2885636307291603,0.48397731990124937,0.4555003408428536,3.2390508416152235,0.8020514277357124,0.8803337578845551,0.1201217374063762,0.6761311943968539,0.14753455298062798,2.9462959999883815,3.275195917480492,3.5237300833354572,6.9041573525672515,7.958366732678508,8.587921984560257,30.851078715495767,32.39336731610047,32.967819892518506,11.94316514352116,17.03504547709202,71.02178937938682,4.555551707059691,2.5304944529878926,11.864644290212762,80.09967855943346
20260526_160123_cloud_baseline_mot17_full_suite,mot17,cloud_baseline,pqc,ML-KEM-768,Falcon-padded-512,7,5316,7,True,0,0,True,7.543634780694761,0.7380300020467594,0.4758247419292903,0.45116033149655344,0.6910965848282794,0.7797265855410386,0.7249408551912541,0.9524993578714935,5.85028588582012,0.002563889638282069,4.890068166816717,1214.559873348154,43.47843030313911,9.11582095106388,0.4075371365546899,4137.26727657837,6014.155878493338,376.278564453125,211.07787799835205,5.782992771693638,2.674125535147531,1.7844456222600515,111.40479532442706,75.02193122846371,66.19910717875298,8.190471146787916,13.266260719059833,0.7240746206305323,2.3921789692298496,6.895506871801986,0.28346997356306264,0.48711847365865113,0.3743210049928856,3.250553802762471,0.8049539941860011,0.8266433067091951,0.12035964043108283,0.39435194410521435,0.1364380686088121,2.420466293447784,2.724934834155387,2.886934125895745,6.9009434581468145,7.901260417254109,8.555648243886285,30.83288015538668,32.45355446007235,33.178668302222995,10.375840982916866,17.23632304038463,72.38783597669851,4.533449448675844,2.53203016676548,11.831518446679548,79.08992190543968
20260526_160123_cloud_baseline_mot17_full_suite,mot17,cloud_baseline,pqc,ML-KEM-768,ML-DSA-44,7,5316,7,True,0,0,True,7.62866137791469,0.7380300020467594,0.4758247419292903,0.45116033149655344,0.6910965848282794,0.7797265855410386,0.7249408551912541,0.9524993578714935,5.836350149951101,0.005006922976467856,4.978943560285878,1214.3443446356673,43.52049574062316,9.220855738384072,0.4057231434549455,4135.976035244398,5974.396850797807,378.5382167271205,211.07787799835205,8.04262706211635,2.6741113662719727,1.7990881489721258,108.98122154105035,73.28656120882393,59.765452801782104,0.7477227066244397,5.585535146695163,0.7285181707446055,2.6393094419025998,6.965378135714657,0.3106119064972533,0.48549885362827866,0.4720430008401885,3.2308600319793435,0.7820612946928664,0.8012515947709129,0.11870306901593297,0.1851023197730771,0.16339671628821203,2.5118659998822426,3.6564604528913534,4.601611979139436,6.956838212707745,8.000736342676516,8.621308738199462,30.392084153840052,32.13850992444212,32.967432982385105,11.356306624981316,17.479682549090192,71.16401082592849,4.715859943095056,2.5933188388521984,12.183041575395833,81.97135617721376
20260526_160123_cloud_baseline_mot17_full_suite,mot17,cloud_baseline,pqc,ML-KEM-768,ML-DSA-65,7,5316,7,True,0,0,True,7.62768436135504,0.7380300020467594,0.4758247419292903,0.45116033149655344,0.6910965848282794,0.7797265855410386,0.7249408551912541,0.9524993578714935,5.856022916367094,0.0,4.969944198277803,1219.5198313616856,43.3007161973292,9.21305498701046,0.4043826852276965,4144.122753159636,5949.06987616712,379.6815414428711,211.07787799835205,9.185960497174944,2.674105099269322,1.8064969391301589,108.79375112063074,72.82799736181481,59.926377459695296,0.8209962397813797,5.84990785656763,0.7235243819766536,2.9735494385733494,6.928300682265052,0.33370625456697817,0.4832814531361546,0.5580987933000768,3.2462537150467172,0.776188544112104,0.8158334909121453,0.11844205792949516,0.22666829441213204,0.17836212351308614,2.765641622577927,4.507894463105393,5.590792785930846,6.92272450708385,8.054663903645373,8.583369314105116,30.37173914136418,32.068664301265194,32.746695447511556,12.29445072919786,17.12737386233081,70.57817540847132,4.755959940020261,2.595411924952182,12.156947826748098,83.42929795218345
20260526_160123_cloud_baseline_mot17_full_suite,mot17,cloud_baseline,pqc,ML-KEM-768,ML-DSA-87,7,5316,7,True,0,0,True,7.551697066213154,0.7380300020467594,0.4758247419292903,0.45116033149655344,0.6910965848282794,0.7797265855410386,0.7249408551912541,0.9524993578714935,5.835388325494324,0.0032403180894279263,4.999578246377238,1224.0137416595683,43.01230541992766,9.183343082249403,0.4044008335746298,4143.520034112854,5916.672159904998,381.38114275251115,211.07787799835205,10.885555267333984,2.674114636012486,1.8175103356276783,108.9319365659416,73.06653354845578,60.051345149986446,0.8637567183801106,6.096375440912587,0.7223177656840439,3.251629250861233,6.927934159016108,0.3515728252924902,0.48197968090808446,0.7375523576016506,3.260632981257006,0.7804215098533314,0.834330474716117,0.11891173744731195,0.23822693255931157,0.20137641508655682,3.026845582228686,4.859977608845967,6.163505002623424,6.910414152246501,8.011801421941657,8.603020703220475,30.375763293035863,32.2655544464593,33.09748652789738,13.437206407875989,17.029322885112133,69.53347070701189,4.801913627812807,2.5909093482310217,12.128711953232624,85.59656851869053
20260526_160123_cloud_baseline_mot17_full_suite,mot17,cloud_baseline,classical,CLASSICAL,CLASSICAL,7,5316,7,True,0,0,True,7.7146948806774605,0.7380300020467594,0.4758247419292903,0.45116033149655344,0.6910965848282794,0.7797265855410386,0.7249408551912541,0.9524993578714935,5.798852329700167,0.0013447079236552921,5.146898376305033,771.5000808439366,42.19838064880258,9.218922447456626,0.39719898276859983,3759.8971629575826,5771.066222055168,375.42105538504467,211.07787799835205,4.925445556640625,2.6741136823381697,1.7788889549000475,108.11250126131462,73.17735899523,61.314126958937514,0.39602762886456083,5.698794133162925,0.7760010799678366,0.0,7.477523170043455,0.28895194808623864,0.5238018215820478,0.0,3.209156909269091,0.7857553082600572,0.0,0.12031421597918046,0.0,0.11377231938094366,0.0,0.0,0.0,7.313806197739074,9.314566376685564,10.021220813172736,30.595686827224814,32.559889970296936,34.6800661477294,3.6856906589563043,19.761677121795497,76.5526322192482,4.65335808319208,2.6143972295229303,12.269627476462082,77.99643240422161
20260526_055253_cloud_ag_mot17_full_suite_merged,mot17,cloud_ag,pqc,BIKE-L1,Falcon-1024,7,5316,7,True,0,0,True,11.402850868330843,0.6639733477363562,0.32339832493853315,0.3477955096065029,0.6923496839453956,0.7186513747392869,0.6982472265003761,0.9334837951481472,6.4621661024210715,0.0021075274707716427,8.471510331493123,2261.323742916899,41.804550241583115,5.122452205888465,0.22477255169372906,3775.8534056900285,3850.7990183914258,143.35786478860038,80.02077538626534,3.0319910049438477,1.087487084524972,1.7948975784832755,73.16976175285922,48.32231572872163,104.55042655424526,19.141815868871554,49.933405983860474,0.557370639060515,2.022747615634474,4.104070889839645,0.25014872582903896,0.45218561866129114,0.41907403674632565,2.2099512745011847,0.5725403172094198,0.6369057927849611,0.11192733745935726,0.6359056640544326,0.12306472762592058,1.987774407358042,2.4795498233288527,2.6559905212239494,3.8922918860667517,5.707019366257425,6.531477569535907,19.35736658415624,28.054473780900764,30.773512737707243,13.105514636209408,15.006896472527513,71.88758889126306,4.536787682952185,2.5073871126400014,16.628115939029318,81.1405419717776
20260526_055253_cloud_ag_mot17_full_suite_merged,mot17,cloud_ag,pqc,BIKE-L1,Falcon-512,7,5316,7,True,0,0,True,11.536729872769952,0.6639733477363562,0.32339832493853315,0.3477955096065029,0.6923496839453956,0.7186513747392869,0.6982472265003761,0.9334837951481472,6.466843980472922,0.0027336860670194,8.487765024577223,2264.5775549532914,42.31732505842624,5.182601758578343,0.2232938131035449,3775.9692431860854,3876.0139289360554,142.87642874036516,80.02077538626534,2.550578934805734,1.0874802725655692,1.7873955530646153,72.85299464629773,48.23638412760501,92.17606818613906,7.168754890915894,38.16809312030229,0.5586626786449175,1.6018730360143045,4.09571768984684,0.24019498877608317,0.4509821435797739,0.3429632374370383,2.219881052312474,0.5727316148149285,0.5835571055590295,0.11182209979148562,0.3677681724710455,0.11167544677665184,1.5422482642212085,2.0024919782632162,2.224376296424972,3.8743526009576663,5.700236992977027,6.500923773273826,19.30924700699214,28.100304290963702,31.06613798440058,11.352978711917574,15.190467068018974,73.45655422006345,4.535477599291199,2.52570204581221,16.941367883990882,79.66704709042486
20260526_055253_cloud_ag_mot17_full_suite_merged,mot17,cloud_ag,pqc,BIKE-L1,Falcon-padded-1024,7,5316,7,True,0,0,True,11.427096381990225,0.6639733477363562,0.32339832493853315,0.3477955096065029,0.6923496839453956,0.7186513747392869,0.6982472265003761,0.9334837951481472,6.611340449286778,0.0071351761284318,8.474465531889212,2266.3289757805273,41.606926234403254,5.112639226355346,0.223082923021398,3776.3564189002727,3841.5623496323738,143.3651247024536,80.02077538626534,3.039292335510254,1.0874756404331751,1.7950101474715674,73.4542800369754,48.37572452549673,105.30784920722779,19.401792170745985,50.1908566414689,0.5623096355172953,2.017756738679555,4.112770674319952,0.26087260697063963,0.4540642490959902,0.4012750119709727,2.2190142723401527,0.5730217721270762,0.630359131401531,0.1111916496639574,0.6493370360642297,0.12363086451548715,1.9523909847651209,2.456582896411419,2.6894650355513607,3.889269727681364,5.724376583072756,6.498941381328871,19.49870740838349,28.29492301233655,31.257894308642815,12.948020327640402,14.956829877854299,72.0951497945053,4.526054031014139,2.500663129634856,16.773023893405004,81.16284454264583
20260526_055253_cloud_ag_mot17_full_suite_merged,mot17,cloud_ag,pqc,BIKE-L1,Falcon-padded-512,7,5316,7,True,0,0,True,11.511918303749676,0.6639733477363562,0.32339832493853315,0.3477955096065029,0.6923496839453956,0.7186513747392869,0.6982472265003761,0.9334837951481472,6.484655357383325,0.0071809104395147575,8.48272542012213,2568.0165774969323,41.95974946131027,5.161091805700349,0.22476898090579386,3777.9806701963266,3863.7378918207805,142.88418892451696,80.02077538626534,2.558293342590332,1.0874741418021066,1.7875165365169536,73.3449661662628,48.55993333430605,95.85364068403752,8.57019561919428,40.57891371693196,0.5570285120885685,1.603372010942596,4.103971538954212,0.24264054015765293,0.4554174515287753,0.32844894823685344,2.2200117781311284,0.5773146041992689,0.583274966698797,0.11254181537184767,0.3732883321678323,0.11208619285087469,1.544730837589928,2.061233762651682,2.2698012187278693,3.875939591255571,5.75591588026977,6.54932375298813,19.490091584165185,28.154451709758916,31.2463183906296,11.246232364080868,15.151664020763418,73.60210361515571,4.504936452964715,2.508429871056227,16.79230170835945,79.69075816486695
20260526_055253_cloud_ag_mot17_full_suite_merged,mot17,cloud_ag,pqc,BIKE-L1,ML-DSA-44,7,5316,7,True,0,0,True,11.604369633917477,0.6639733477363562,0.32339832493853315,0.3477955096065029,0.6923496839453956,0.7186513747392869,0.6982472265003761,0.9334837951481472,6.456986459644734,0.0,8.503884716390901,2521.9624855552684,40.85975672780564,5.219817628255117,0.22253123949732706,3778.919011858042,3770.945374471576,144.2567262649536,80.02077538626534,3.9308421271187917,1.087484632219587,1.8089024110719518,72.75018096799685,48.28686824753597,86.05150900326579,0.7583941554739361,32.090977765619755,0.5577082671608408,1.796119163998289,4.136306649854881,0.26663828355319624,0.44980830681401196,0.4100520910562195,2.2335752132741,0.5722424478495715,0.5649037208067581,0.11000576803742425,0.17511537692720017,0.1417756953880709,1.6975305708391326,2.7336978020944764,3.259177833928593,3.929376302819167,5.7525245688988695,6.519334933920098,19.391379164231672,28.104066567249482,31.102953738339885,12.220698364955606,15.264904197794214,72.51439743725018,4.6666672511983345,2.541010389050602,17.24037842970674,83.89161864621214
20260526_055253_cloud_ag_mot17_full_suite_merged,mot17,cloud_ag,pqc,BIKE-L1,ML-DSA-65,7,5316,7,True,0,0,True,11.553386468591908,0.6639733477363562,0.32339832493853315,0.3477955096065029,0.6923496839453956,0.7186513747392869,0.6982472265003761,0.9334837951481472,6.461714208878718,0.004645354645354643,8.537067708922528,2525.314088725444,40.6801368165104,5.156836241440807,0.22258349923599677,3782.1228669172247,3772.952821161263,144.95119735172815,80.02077538626534,4.625323023114886,1.0874859946114677,1.8197227759038506,73.01988638933514,48.32481021851913,86.14220313306542,0.8135576333318438,31.946754770442134,0.5539163328453184,2.067206599262878,4.147175614400666,0.2816493878934106,0.4504490616915823,0.48499413820756393,2.2462227225297817,0.5734600297251473,0.5867842419408366,0.11119090205048916,0.21490152353858388,0.1563528234663276,1.9010018690356187,3.343563407127346,4.319681831236396,3.916808986105025,5.747274705208838,6.549209137447178,19.51314858253513,28.6072252234361,31.189236195032596,13.343092996837173,15.08116505178981,71.57574195137302,4.696189445214406,2.529092654712214,17.137465541741786,86.01713066085391
20260526_055253_cloud_ag_mot17_full_suite_merged,mot17,cloud_ag,pqc,BIKE-L1,ML-DSA-87,7,5316,7,True,0,0,True,11.415996285133954,0.6639733477363562,0.32339832493853315,0.3477955096065029,0.6923496839453956,0.7186513747392869,0.6982472265003761,0.9334837951481472,6.460246716454682,0.001618235601183214,8.491345959164448,2527.0927834163126,41.689089506034925,5.1425818253913045,0.22338354068919816,3783.467929817483,3846.1029345979982,145.98350729261125,80.02077538626534,5.657681465148926,1.0874899455479212,1.835807803606966,73.28348789218944,48.46926645352121,84.94486614030653,0.8061063875045095,31.710499160302184,0.5582680612299762,2.309740257164614,4.170213705911098,0.30324541398389443,0.45321038769421335,0.6380609944720127,2.2407959469651764,0.5747860868804063,0.6022496035656772,0.11327446896351687,0.2285911482223105,0.18087851767677457,2.159953300308968,3.665481053758412,4.483453241908657,3.9510958761508976,5.7733257400936315,6.605886611754873,19.52964811563492,28.203497012643194,31.220073308103377,14.545257704988222,14.954723221485537,70.50001907352623,4.726029924060456,2.506861921048008,16.682606381055603,89.17682121057192
20260526_055253_cloud_ag_mot17_full_suite_merged,mot17,cloud_ag,pqc,BIKE-L3,Falcon-1024,7,5316,7,True,0,0,True,11.421152085145554,0.6639733477363562,0.32339832493853315,0.3477955096065029,0.6923496839453956,0.7186513747392869,0.6982472265003761,0.9334837951481472,6.462800925437018,0.0047392747114595,8.487451926652774,2525.2502659472116,38.168716192952495,5.151901038487867,0.22356892533787526,3785.354464943063,3609.8918133869397,143.357830456325,80.02077538626534,3.0319288798740933,1.0874824523925781,1.7948967572342482,73.25076948247712,48.354036816551854,163.13548197892183,22.149760453473956,108.87919328386143,0.5569111659619953,2.0187390221021886,4.103512260412275,0.2525348883708238,0.45232998506212885,0.4197112525283083,2.193786790990674,0.5730692842827396,0.633212867126424,0.11303122249665996,0.6518331147628889,0.12545467347928205,1.957007999798017,2.4655562941916287,2.6863362646794746,3.882650419005326,5.700025120417455,6.5136171654532,19.320790422460863,27.62136200389042,30.911359242309988,13.069482880369687,14.99246487544653,71.9380522441838,4.544011123363588,2.510977603557579,16.804410963302242,81.14060362224541
20260526_055253_cloud_ag_mot17_full_suite_merged,mot17,cloud_ag,pqc,BIKE-L3,Falcon-512,7,5316,7,True,0,0,True,11.52665541465077,0.6639733477363562,0.32339832493853315,0.3477955096065029,0.6923496839453956,0.7186513747392869,0.6982472265003761,0.9334837951481472,6.462439430994331,0.0023596029601466,8.499033275046356,2527.1438304957446,37.642535243457374,5.195459568555854,0.22257446185301458,3787.1518338020155,3578.7010915392243,142.87632247379847,80.02077538626534,2.55049010685512,1.0874835423060827,1.7873938162435097,72.63629084816343,48.174343637846604,146.9161824982924,7.70870316773653,92.62429494577061,0.5585600894311618,1.601778348066682,4.100881102292736,0.23880932205731836,0.45126235476773385,0.342793629421932,2.173864653407072,0.5696596595687983,0.5758580571584767,0.111749327279462,0.37242848264234457,0.11315997452108088,1.5444382692554168,2.056019686694656,2.2326400051159516,3.878106163548572,5.746623225110982,6.5304577723145485,19.26675515277045,27.498695333183452,31.250154361032394,11.355367762150776,15.245638726197322,73.39899351165192,4.552286509632515,2.535069533171349,17.003167153007038,79.66664529552916
20260526_055253_cloud_ag_mot17_full_suite_merged,mot17,cloud_ag,pqc,BIKE-L3,Falcon-padded-1024,7,5316,7,True,0,0,True,11.420893510151627,0.6639733477363562,0.32339832493853315,0.3477955096065029,0.6923496839453956,0.7186513747392869,0.6982472265003761,0.9334837951481472,6.459845097492063,0.003613206095120814,8.483368589791564,2527.476969595567,37.453041145053206,5.126899279795839,0.2224270539746638,3787.640382959712,3577.819290785907,143.3651225226266,80.02077538626534,3.0392939703805104,1.0874840872628349,1.7950101223153314,73.24477546138812,48.17695253241683,161.87274207394304,23.70330913081056,107.82357387887758,0.5570960554323031,2.0141053323258835,4.107636758513342,0.2521553920066303,0.4504272542098969,0.3992004747917015,2.1858123279327346,0.5726816397471073,0.6274634706513017,0.11216618891623233,0.6532602829963791,0.12525510141663193,1.9556282786652446,2.4420955767189816,2.601883693465165,3.89293345090534,5.725349870044738,6.520611426260855,19.246666585028173,27.621734501352375,31.016860622342374,12.873961644095749,14.906752965741942,72.21928539016231,4.542025981413519,2.5096332697611254,16.77826483774221,81.16284401951046
20260526_055253_cloud_ag_mot17_full_suite_merged,mot17,cloud_ag,pqc,BIKE-L3,Falcon-padded-512,7,5316,7,True,0,0,True,11.489143566685396,0.6639733477363562,0.32339832493853315,0.3477955096065029,0.6923496839453956,0.7186513747392869,0.6982472265003761,0.9334837951481472,6.461011325245816,0.0,8.483591347352272,2532.4876687371593,37.71137199613394,5.169802133700259,0.22315302425488898,3790.5169540684315,3591.1901705443556,142.8841883795602,80.02077538626534,2.5583086013793945,1.087479863848005,1.7875164953398672,72.9763639520838,48.368471872172044,148.86561599338341,8.312525227665901,94.49788057965979,0.5561797691288687,1.59800522325286,4.1027359612242025,0.24053804852580313,0.4555470361291166,0.33013030953693123,2.1919202370748074,0.5738272328709819,0.5746224603727531,0.11184894410463755,0.3777672576544827,0.11366861970030141,1.5421478476907526,2.0053123190466846,2.204739131099944,3.87185369618237,5.734043387097439,6.535310701999281,19.3471878456154,27.886570552775368,31.458067137653916,11.251304547780478,15.202793760066083,73.54590169215342,4.52763578828113,2.521105186719249,16.853396409116737,79.69074875808231
20260526_055253_cloud_ag_mot17_full_suite_merged,mot17,cloud_ag,pqc,BIKE-L3,ML-DSA-44,7,5316,7,True,0,0,True,11.511193073757486,0.6639733477363562,0.32339832493853315,0.3477955096065029,0.6923496839453956,0.7186513747392869,0.6982472265003761,0.9334837951481472,6.469254797147939,0.0016341591987348429,8.522974398148051,2535.537626997791,37.66908786960996,5.186866593485891,0.22190301544973323,3793.4224475849337,3584.804417566896,144.25672789982386,80.02077538626534,3.930858475821359,1.0874828611101424,1.8089023971649305,72.65997284028039,48.26448847899122,140.1866816643936,0.9211766577902295,86.57310766422945,0.5596273496272185,1.7890196589845548,4.137754865185937,0.2701206577797876,0.45250949977365196,0.41216096935504387,2.202824533785958,0.5692850935327088,0.5619893819523252,0.1124626907517344,0.17567834698754073,0.14493169229090577,1.6945079966847385,2.650972515610712,3.3002687924142395,3.920366438770933,5.755407679160791,6.5501318007175415,19.36477972611572,27.69499121657386,31.193340171062626,12.222002222118217,15.293505255277664,72.48449252260413,4.656809564604556,2.5362911499015715,17.070787909396838,83.89165780879964
20260526_055253_cloud_ag_mot17_full_suite_merged,mot17,cloud_ag,pqc,BIKE-L3,ML-DSA-65,7,5316,7,True,0,0,True,11.491882492191964,0.6639733477363562,0.32339832493853315,0.3477955096065029,0.6923496839453956,0.7186513747392869,0.6982472265003761,0.9334837951481472,6.4664981967270165,0.0021133634819192858,8.519859598953884,2536.369602409396,37.3596698606704,5.201932858098256,0.2214006586586683,3793.080480635747,3558.826138252679,144.9511968067714,80.02077538626534,4.6253388268607,1.0874813624790736,1.8197228162334744,72.79114068319852,48.182442721418525,140.0199187309703,0.8038850057692754,85.30765943162676,0.5561009466266815,2.083195930392439,4.14797166310616,0.2835484848840764,0.45165352912321505,0.4868150300328194,2.208826971946244,0.5709116060311749,0.5792889977842945,0.11197690444698173,0.21935660947477517,0.16130849456302737,1.930055141981159,3.3823110645503864,4.269448557669031,3.9243599666016444,5.75805371460904,6.560971184766719,19.43578727637018,27.72243056714535,31.72489450270857,13.412324847095748,15.091869254585102,71.49580589831915,4.703184544309179,2.533484472150642,17.067786332106216,86.01716028715717
20260526_055253_cloud_ag_mot17_full_suite_merged,mot17,cloud_ag,pqc,BIKE-L3,ML-DSA-87,7,5316,7,True,0,0,True,11.43615946421242,0.6639733477363562,0.32339832493853315,0.3477955096065029,0.6923496839453956,0.7186513747392869,0.6982472265003761,0.9334837951481472,6.471499105322322,0.002487961476725514,8.568439766897063,2535.454377463793,37.389812487433275,5.145947351014001,0.2203549878924878,3793.442478775322,3560.624573066931,145.9835067476545,80.02077538626534,5.657681465148926,1.0874855858939034,1.8358078569797551,72.4755763197257,47.84591257713318,140.85085681151776,0.9072752048571905,86.47169349327062,0.5577886044672569,2.33488069788581,4.182315630379621,0.30506082653289723,0.4560058687090381,0.6409877443135343,2.2067388696938854,0.5686550439369575,0.5925637898635439,0.11253662280116068,0.22884091803978168,0.1812290902917006,2.1523421497217248,3.7744637645248846,4.677741303374724,3.962323535233736,5.780263321607241,6.61111268381189,19.514139431149832,27.744328815644337,31.39158953131897,14.715544859358747,15.03670671363071,70.24774842701054,4.787478373903665,2.5384716316577154,17.00792421179153,89.17683505718504
20260526_055253_cloud_ag_mot17_full_suite_merged,mot17,cloud_ag,pqc,BIKE-L5,Falcon-1024,7,5316,7,True,0,0,True,11.374454523289765,0.6639733477363562,0.32339832493853315,0.3477955096065029,0.6923496839453956,0.7186513747392869,0.6982472265003761,0.9334837951481472,6.45043549773989,0.0022922492491905997,8.534461878910482,2534.937185104484,37.30457525089499,5.137656615246741,0.22088061197548642,3794.9695721406893,3576.4977133141037,143.35790947505407,80.02077538626534,3.032078198024205,1.0874793188912528,1.7948979092885118,72.62834685488647,47.871166237606936,278.1772575219206,21.589662968402816,223.87184316868937,0.5576609165832942,2.0162747586241636,4.108465839946846,0.2500800900469523,0.450704916833082,0.4177258831898199,2.167962622901504,0.5697755901523796,0.6305669398136572,0.11251650963989158,0.6409498114636257,0.12333927412506593,1.9627302618963378,2.4614079988428523,2.6650373863854577,3.8854824379086494,5.709371755697897,6.499703684821725,19.19577673306316,27.685364484622433,31.261378769775416,13.119558274549375,15.05657905405619,71.82386267139442,4.587076175370376,2.5345932226561545,17.03029489548421,81.1407946955478
20260526_055253_cloud_ag_mot17_full_suite_merged,mot17,cloud_ag,pqc,BIKE-L5,Falcon-512,7,5316,7,True,0,0,True,11.42625048756276,0.6639733477363562,0.32339832493853315,0.3477955096065029,0.6923496839453956,0.7186513747392869,0.6982472265003761,0.9334837951481472,6.442132374212745,0.003078134247523743,8.523449221716222,2538.7061010813195,37.20961177921323,5.1220392956516525,0.22145251036413918,3795.952967444994,3556.680329824036,142.8764352798462,80.02077538626534,2.550498826163156,1.087477547781808,1.7873959328127385,72.8281260775414,48.234646963868315,266.63239071023696,8.645471185445786,212.8622431025308,0.5557694510561532,1.6029379612326644,4.102346015754113,0.239520397986788,0.45299225676383104,0.34474335278028884,2.1909984034121446,0.5748649528713746,0.5799242880870902,0.11425753835136719,0.3754199078580337,0.11443345655973834,1.5489844206188406,2.052441819770528,2.253670570374067,3.895849721240146,5.691333811929716,6.490742538922599,19.301961409663512,28.08122611493723,31.6939810404759,11.323237280637168,15.193440531385834,73.483322187977,4.539260409371654,2.5277382451752684,17.00266924736682,79.66700920248142
20260526_055253_cloud_ag_mot17_full_suite_merged,mot17,cloud_ag,pqc,BIKE-L5,Falcon-padded-1024,7,5316,7,True,0,0,True,11.30676656858582,0.6639733477363562,0.32339832493853315,0.3477955096065029,0.6923496839453956,0.7186513747392869,0.6982472265003761,0.9334837951481472,6.435850852530897,0.0,8.495708270033864,2539.798357791038,37.177525405708245,5.076412809073246,0.22262314926781893,3798.8294387213386,3581.838557695205,143.36512306758337,80.02077538626534,3.039287975856236,1.0874790464128767,1.7950101437461203,73.58633585001292,48.565195572826106,282.4272178362922,26.26450590434528,227.79521277628925,0.5590545449469337,2.0245590269583293,4.111092625159741,0.25153709120352297,0.4529272158889133,0.40077737133624064,2.213379139988082,0.5746394447952898,0.6288248789190611,0.11311853776578111,0.65928892797867,0.1271216167836909,2.005666743830911,2.471119591167995,2.710119383077004,3.902996557631663,5.711508685323809,6.516921420448592,19.33872268878562,27.957902109541845,32.08365406224812,12.986894016199654,14.957080012368397,72.05602597143194,4.524154415291019,2.4995883678832884,16.775415963708703,81.16282901817797
20260526_055253_cloud_ag_mot17_full_suite_merged,mot17,cloud_ag,pqc,BIKE-L5,Falcon-padded-512,7,5316,7,True,0,0,True,11.403115546266418,0.6639733477363562,0.32339832493853315,0.3477955096065029,0.6923496839453956,0.7186513747392869,0.6982472265003761,0.9334837951481472,6.433474956924694,0.0046732184759019,8.50580922525924,2560.4085761978763,37.20621078265253,5.11343113442769,0.22201146839804434,3802.564326496661,3578.8548395645676,142.8841872896467,80.02077538626534,2.5583276748657227,1.0874887193952287,1.7875164391184022,73.09935141752767,48.523626562346394,266.4872419582458,8.689758766974721,212.38109206370564,0.560525505570704,1.6066056164969755,4.107403092031606,0.24046897769764994,0.45352908551484916,0.3289261507432367,2.201461578886654,0.5749822753121142,0.5739988285060855,0.11285092334651693,0.37965115721214654,0.1154097061306403,1.5709578625059553,2.019140560046902,2.255473463862602,3.9220251409070834,5.709005363418588,6.508181463328323,19.23989371533798,28.258474491883174,32.116456767863745,11.316844755609283,15.236014587680765,73.44714065670996,4.521206167428195,2.5173700048056142,16.931057238587442,79.69076393187412
20260526_055253_cloud_ag_mot17_full_suite_merged,mot17,cloud_ag,pqc,BIKE-L5,ML-DSA-44,7,5316,7,True,0,0,True,11.437023934986213,0.6639733477363562,0.32339832493853315,0.3477955096065029,0.6923496839453956,0.7186513747392869,0.6982472265003761,0.9334837951481472,6.4344865297046505,0.0009628466771323857,8.528183029329407,2560.600269942141,37.08440596583653,5.14334886548476,0.22082162946408188,3805.2362552281093,3552.1277906329074,144.2567262649536,80.02077538626534,3.93084648677281,1.0874744142804826,1.8089023754374653,72.64389178612512,48.219749396693594,259.23595031157936,0.9991747016708057,205.10914564199214,0.558450737931212,1.7886643707366368,4.137441722765913,0.27076360556408685,0.4535406825928283,0.41260245723940886,2.1899137639118247,0.5716985753307419,0.5646059085044556,0.1121115767385519,0.17664561812094237,0.14561075494392353,1.69107158269201,2.695425744501075,3.275600087030657,3.949981864674815,5.731508411866214,6.562673740554601,19.384811551181336,27.8902272309977,31.34474224006538,12.23810984885033,15.273827114515708,72.48806303663397,4.658308333558701,2.536939615819126,17.110671067395142,83.89167708925355
20260526_055253_cloud_ag_mot17_full_suite_merged,mot17,cloud_ag,pqc,BIKE-L5,ML-DSA-65,7,5316,7,True,0,0,True,11.305214576661086,0.6639733477363562,0.32339832493853315,0.3477955096065029,0.6923496839453956,0.7186513747392869,0.6982472265003761,0.9334837951481472,6.429466023823551,0.004409429678246872,8.526595159188854,2565.497828805425,37.11834455902794,5.085673663060405,0.22095292046306195,3805.6477239409137,3571.751801977586,144.95119626181466,80.02077538626534,4.625344821384975,1.0874764578683036,1.819722760899582,73.26632674744113,48.59550702494561,260.26489543506784,0.9864390872064092,206.51863344357395,0.561138912588288,2.120296741919767,4.154446478900627,0.28676048090065975,0.4552406309859978,0.49176674781989405,2.2141341538347263,0.5747225780259043,0.5833545589878225,0.11348074577112488,0.22379921194099126,0.16302397862410348,1.9616947143471666,3.4124031513264135,4.2572627150054485,3.9480084254007255,5.74322520156524,6.557888541636722,19.460192854368263,28.270214165474474,31.64358208144394,13.53566375885926,15.063153865454694,71.40118237568603,4.653268970660633,2.507202215381359,16.794303742488605,86.01717771155563
20260526_055253_cloud_ag_mot17_full_suite_merged,mot17,cloud_ag,pqc,BIKE-L5,ML-DSA-87,7,5316,7,True,0,0,True,11.304755868552428,0.6639733477363562,0.32339832493853315,0.3477955096065029,0.6923496839453956,0.7186513747392869,0.6982472265003761,0.9334837951481472,6.42520463026102,0.0064814684215224,8.5306900932025,2564.9778875385737,37.05426867287389,5.090653932259706,0.2202189084096673,3807.518373455692,3575.647514912053,145.98350620269775,80.02077538626534,5.657674925667899,1.0874782289777483,1.8358078350101192,74.04072802467512,48.4698601992154,257.99739779627305,1.049917989543506,204.10300161789306,0.5578794899611834,2.308393296738705,4.187300116497009,0.3049023845660412,0.45421249424208726,0.638744792211263,2.223292778812357,0.5759988411026912,0.6004796647279893,0.11407135422180925,0.23344318008061765,0.1862388688120899,2.1568235409046923,3.637866055526371,4.598641108854541,3.9767958722742542,5.802966188639402,6.612270854613079,19.494180720987064,28.530482939380086,31.60924187809388,14.344329904006006,14.706827702365358,70.94884239362865,4.699831948614286,2.4906982791051706,16.839696579794044,89.17685919586805
20260526_055253_cloud_ag_mot17_full_suite_merged,mot17,cloud_ag,pqc,FrodoKEM-1344-AES,Falcon-1024,7,5316,7,True,0,0,True,11.470657641335018,0.6639733477363562,0.32339832493853315,0.3477955096065029,0.6923496839453956,0.7186513747392869,0.6982472265003761,0.9334837951481472,6.427838543457118,0.0030800292262927287,8.457342876141308,2571.9850958386064,37.428011991018806,5.1111706060643005,0.22401891148717765,3808.830128208004,3582.971527928108,143.3578201021467,80.02077538626534,3.0319861003330777,1.0874697821480888,1.7948958609563255,73.58710265840433,48.563951892074066,85.86984000534618,22.31877430209092,31.597448684762984,0.5599320910152662,2.0295491070209226,4.1173236507303415,0.2560068899580468,0.4584174941003962,0.42394637870452956,2.1926923207120868,0.5766857310306271,0.6373487304874035,0.11396328209099608,0.6529528504189726,0.12584364958968447,2.043101703748107,2.4782803558212305,2.684131304267794,3.9280194489817535,5.720732452547444,6.517495601105371,19.38687855859527,28.36865677014195,32.01081390018105,13.116388765511541,14.968343189486177,71.91526804500228,4.524333464292362,2.499926187814148,16.798452272915306,81.14046825731803
20260526_055253_cloud_ag_mot17_full_suite_merged,mot17,cloud_ag,pqc,FrodoKEM-1344-AES,Falcon-512,7,5316,7,True,0,0,True,11.592280882022806,0.6639733477363562,0.32339832493853315,0.3477955096065029,0.6923496839453956,0.7186513747392869,0.6982472265003761,0.9334837951481472,6.424084454058581,0.0,8.473640100109568,2573.001196103832,37.09512396445991,5.172708447837747,0.22314651074270103,3810.233754709795,3527.120285071634,142.87635844094413,80.02077538626534,2.550520624433245,1.0874829973493303,1.7873941408500347,72.71893374376853,48.17726830103845,74.99275740701705,11.109586583361738,20.36774915731734,0.5588710259508872,1.6090119901527342,4.108443141112324,0.2412354627581376,0.4570073758545573,0.34758581569177915,2.1749895502163166,0.5728607532677813,0.5795691254843357,0.11275326737885008,0.3745379873874136,0.11368633774879822,1.5768824211720909,2.0176650207888867,2.2018370358273387,3.923645708709955,5.733111234647887,6.519045242041882,19.33827641099372,28.230434661179885,31.256053841842085,11.390644624568507,15.220919556762823,73.38843581866867,4.542528820269383,2.5295975210359445,16.9908076942136,79.66677948777682
20260526_055253_cloud_ag_mot17_full_suite_merged,mot17,cloud_ag,pqc,FrodoKEM-1344-AES,Falcon-padded-1024,7,5316,7,True,0,0,True,11.53399956355882,0.6639733477363562,0.32339832493853315,0.3477955096065029,0.6923496839453956,0.7186513747392869,0.6982472265003761,0.9334837951481472,6.432585958640454,0.0,8.514043201067636,2573.965056779655,37.625067198500844,5.198816810911274,0.22301816716579456,3811.955578278525,3585.9227819440603,143.36512088775635,80.02077538626534,3.0392868859427318,1.0874790464128767,1.795010079011462,72.60775402222431,47.94131406634809,86.8800035761004,22.890620643184295,32.57565240519831,0.5589816977710929,2.0228195512649236,4.117984824189281,0.253950264605609,0.45480535167818725,0.40180640502507287,2.1682610921794105,0.5691903504896708,0.6232100433885984,0.11133576364172167,0.6496456797235269,0.12418588467454438,1.9688252692243882,2.4877857167406807,2.7496046423246816,3.896547414894615,5.712885905190238,6.501768095019672,19.176009007877543,27.6640849098294,30.884795355482375,13.114488380545827,15.14095304109462,71.74455857835956,4.585282186723654,2.5333974547901335,16.988649021872924,81.16284016194246
20260526_055253_cloud_ag_mot17_full_suite_merged,mot17,cloud_ag,pqc,FrodoKEM-1344-AES,Falcon-padded-512,7,5316,7,True,0,0,True,11.64810512942103,0.6639733477363562,0.32339832493853315,0.3477955096065029,0.6923496839453956,0.7186513747392869,0.6982472265003761,0.9334837951481472,6.427315646890794,0.0,8.489073342839385,2576.813936789121,37.26959573360248,5.220036172808828,0.2230434269734158,3811.723053924692,3526.7590830880695,142.8841894694737,80.02077538626534,2.558340208871024,1.0874861308506556,1.7875165548705583,72.52078009243786,48.10709403452602,74.84531018971688,11.226568149314042,20.231456936536624,0.5545181943253527,1.5962614860434314,4.098681041427152,0.23902964662043277,0.4528105881335106,0.3279157842323431,2.150688643060279,0.5701617682029322,0.5719294702422163,0.11198542635523341,0.3762076382915364,0.11318548544007141,1.5429822960868478,2.009514938773853,2.1940757264383137,3.8759435660072734,5.707787136946406,6.522601146051394,19.252634983588543,27.830280854422593,30.972009727989644,11.309024071843366,15.271810156206982,73.41916577194965,4.565325254277852,2.5418680654207555,17.140148336271544,79.69077801418749
20260526_055253_cloud_ag_mot17_full_suite_merged,mot17,cloud_ag,pqc,FrodoKEM-1344-AES,ML-DSA-44,7,5316,7,True,0,0,True,11.60606058295429,0.6639733477363562,0.32339832493853315,0.3477955096065029,0.6923496839453956,0.7186513747392869,0.6982472265003761,0.9334837951481472,6.431529807574267,0.002605286840267757,8.510945153534653,2569.4195718434153,37.067555198480534,5.171128547264998,0.22280568765218806,3813.8904887724116,3524.224650212582,144.25672354016984,80.02077538626534,3.930837767464774,1.0874783652169364,1.8089023744554311,72.66828718044694,48.21241032540849,66.86063353083141,2.8611223346420696,12.733157596639577,0.5568318563708983,1.7797663687872163,4.148842444759768,0.27183362098410707,0.4548116047458247,0.41523344793853284,2.189050173874522,0.5738661916835353,0.5652239357395026,0.11256516466251303,0.17880026769529836,0.14453714969190706,1.6922035387584142,2.682188259703772,3.250063051070485,3.9728264091536403,5.753692861513367,6.590317736512849,19.43773642435564,28.129621836177897,31.603172004184938,12.206928821307299,15.301123834305178,72.49194734438753,4.657353993706733,2.5362755150659497,17.136899470218932,83.89164485854734
20260526_055253_cloud_ag_mot17_full_suite_merged,mot17,cloud_ag,pqc,FrodoKEM-1344-AES,ML-DSA-65,7,5316,7,True,0,0,True,11.533980982237894,0.6639733477363562,0.32339832493853315,0.3477955096065029,0.6923496839453956,0.7186513747392869,0.6982472265003761,0.9334837951481472,6.443855379161124,0.011575685488919487,8.500776816809369,2690.0806949868497,37.453289860176724,5.170220983565145,0.22194187773647261,3816.2732610754565,3557.8777201413823,144.9511968067714,80.02077538626534,4.625332287379673,1.0874806812831335,1.8197228093670401,72.55924212775918,47.95775073952949,66.5209684465524,2.892640419304371,12.763751551531076,0.5573971484232912,2.093042578381273,4.161892502437615,0.2863738901287434,0.4550429134553792,0.4892850153383667,2.181331853607581,0.5695036731988955,0.579994837711639,0.11165953776349309,0.21722018921468833,0.1591615480013677,1.9366545935294457,3.3837807115300427,4.450722850326981,3.9634147293067405,5.755979798933757,6.546737341808954,19.43624458718406,27.665405344062616,31.06502252346064,13.281657373628878,15.049011631100337,71.66933099527078,4.6948687199032975,2.53003820950574,16.880235368359525,86.0171622682483
20260526_055253_cloud_ag_mot17_full_suite_merged,mot17,cloud_ag,pqc,FrodoKEM-1344-AES,ML-DSA-87,7,5316,7,True,0,0,True,11.458418054104511,0.6639733477363562,0.32339832493853315,0.3477955096065029,0.6923496839453956,0.7186513747392869,0.6982472265003761,0.9334837951481472,6.498131781140754,0.007594200412389501,8.484737346808776,2580.464537252229,37.248998319198506,5.123880436689177,0.22118246541431993,3816.9833212796725,3567.513742838576,145.98350838252478,80.02077538626534,5.657655307224819,1.0874745505196708,1.8358078516083352,73.87846768681246,48.221879251815096,68.04852833461372,3.060574776359967,13.151683223744234,0.5629468894888309,2.335722104547797,4.189484460829595,0.31688175276286035,0.45893356154274667,0.6447024465776601,2.2118497939794803,0.5733077807683021,0.5981383404468626,0.11317153035235251,0.23082340599440346,0.18419226650992743,2.1555504063144326,3.767414876659001,4.717566255546573,3.9877451324303235,5.807257797901651,6.663501305572156,19.56781685771686,28.242827730408738,31.379720430408806,14.435862963117389,14.67964396648941,70.88449307039319,4.709463921594726,2.495853736350127,16.868632158833826,89.17683617210307
20260526_055253_cloud_ag_mot17_full_suite_merged,mot17,cloud_ag,pqc,FrodoKEM-1344-SHAKE,Falcon-1024,7,5316,7,True,0,0,True,11.376361405217178,0.6639733477363562,0.32339832493853315,0.3477955096065029,0.6923496839453956,0.7186513747392869,0.6982472265003761,0.9334837951481472,6.414907852594905,0.004682888939689914,8.417123728255811,2640.444350575018,36.93518828152685,5.115161764886478,0.22475464659833974,3819.3619483880434,3550.2618021909207,143.3578827721732,80.02077538626534,3.0319626671927318,1.087477684020996,1.794897394958665,74.08966820837233,48.978493202961275,102.25932705049802,26.59251558638754,48.626456659154165,0.5585527219917056,2.0243836976062144,4.115026588940462,0.25214649223873625,0.45256939041812594,0.41755906434670215,2.211387905366764,0.5808619912859384,0.6408093072662601,0.11457027842841835,0.6608487713464225,0.12734686815437538,2.023608556815556,2.4767319655178914,2.6398413864496564,3.9325568691960404,5.727526392521603,6.515440837080989,19.43923299172627,28.289459697033568,31.728366320215375,13.025039719397478,14.930399609742327,72.0445606708602,4.4916493258378205,2.4818937847247713,16.666473155167715,81.14057171358174
20260526_055253_cloud_ag_mot17_full_suite_merged,mot17,cloud_ag,pqc,FrodoKEM-1344-SHAKE,Falcon-512,7,5316,7,True,0,0,True,11.46648731446777,0.6639733477363562,0.32339832493853315,0.3477955096065029,0.6923496839453956,0.7186513747392869,0.6982472265003761,0.9334837951481472,6.63097589818828,0.19615626593773577,8.456637424115119,2561.8614245998237,37.16682526953141,5.143547999697595,0.22469725944121577,3820.6073771346137,3545.659858312295,142.87636498042517,80.02077538626534,2.550511905125209,1.0874716894967216,1.7873947263985825,73.8896197661991,48.99862844563033,87.0268448876838,10.100041294381734,32.40035098722382,0.5632970419677233,1.608353079626062,4.1086782995863755,0.2506425873271007,0.4613644569661196,0.34970946166517375,2.2086317231759525,0.5852359614385564,0.5900836740394035,0.11534314704567986,0.383053953860847,0.1165068463448415,1.5718018569584404,2.01713737499501,2.2499512019567196,3.9039174360888347,5.719570759018617,6.5130806082327455,19.558272302281644,28.210933361345308,32.98744429174427,11.341194361968023,15.117987649293537,73.54081798873844,4.470190465406122,2.489291616370187,16.734486917813502,79.66690016404759
20260526_055253_cloud_ag_mot17_full_suite_merged,mot17,cloud_ag,pqc,FrodoKEM-1344-SHAKE,Falcon-padded-1024,7,5316,7,True,0,0,True,11.448352438180576,0.6639733477363562,0.32339832493853315,0.3477955096065029,0.6923496839453956,0.7186513747392869,0.6982472265003761,0.9334837951481472,6.499436329611518,0.1912337662337662,8.450529648453934,2586.865502793357,37.2983743215489,5.124611100723795,0.22487290064037152,3820.789709360368,3559.8383057446313,143.3651257923671,80.02077538626534,3.039304869515555,1.087481907435826,1.7950101643029635,73.6438185072251,48.58768979682643,100.29600116069473,27.649743038983576,49.15541054825077,0.5593409080257634,2.025718873602401,4.11568835791766,0.25578363142529137,0.4563150982333492,0.40383390600493996,2.1893549933938443,0.5794415540846202,0.6318635849075961,0.11450273261712522,0.6609172465821429,0.12670894320424805,2.0434226940519045,2.463125094904431,2.6335437037050724,3.93178260752133,5.71224867599085,6.55676221341959,19.448071274958547,28.331391646287482,31.632006781061616,12.966441725242069,14.94604771330015,72.08751056145779,4.516475337397952,2.4954405765908967,16.711584156869783,81.16286521673757
20260526_055253_cloud_ag_mot17_full_suite_merged,mot17,cloud_ag,pqc,FrodoKEM-1344-SHAKE,Falcon-padded-512,7,5316,7,True,0,0,True,11.54611156892005,0.6639733477363562,0.32339832493853315,0.3477955096065029,0.6923496839453956,0.7186513747392869,0.6982472265003761,0.9334837951481472,6.4443709153356545,0.010061101176981,8.456680776437434,2587.020086023559,37.25985635914072,5.14844292592383,0.22404858705696534,3822.105323542372,3549.1350269698314,142.8841861997332,80.02077538626534,2.5583151408604214,1.087479727608817,1.7875164850829697,73.34911372879903,48.64035589556105,88.9528917919268,9.725880143897873,32.996233771666,0.5620866249746553,1.6088463108978637,4.10815610087812,0.2444742396427931,0.45444999911807127,0.33024466227448496,2.1820629509050113,0.5797674801422387,0.5801376484263115,0.11387505963653269,0.38158947359631284,0.1154016895817542,1.5713318384119443,2.0369284087792034,2.2540213287408863,3.9300553034991026,5.7112514008102675,6.54146775836125,19.414568999309626,28.196118607640376,31.739256748880678,11.261398356786838,15.168467911710085,73.57013373150309,4.505961591166546,2.50887680184995,16.87730353038152,79.69076665008447
20260526_055253_cloud_ag_mot17_full_suite_merged,mot17,cloud_ag,pqc,FrodoKEM-1344-SHAKE,ML-DSA-44,7,5316,7,True,0,0,True,11.529141673461112,0.6639733477363562,0.32339832493853315,0.3477955096065029,0.6923496839453956,0.7186513747392869,0.6982472265003761,0.9334837951481472,6.430024860055932,0.004143628812815943,8.459319324096413,2588.737438527777,37.005828877361374,5.125773912996735,0.22350927073946822,3823.747956012174,3537.4382242117676,144.25672844478063,80.02077538626534,3.9308437619890486,1.0874772753034319,1.8089024208543232,73.36651112624585,48.74397554378538,81.30510563551937,3.9064382602061545,27.185049528876938,0.5611282156204099,1.8076269173360304,4.145387391461943,0.27387089817147364,0.45924494619221573,0.41960207418240486,2.1997781799767178,0.5789902509469994,0.5691992576701038,0.11527779359663894,0.1812468246508363,0.14832244471015124,1.7126572784036398,2.791543818810688,3.3918453234114816,3.965435266893889,5.739506051343467,6.54101500221129,19.549343028010004,28.391853292123546,31.46440301284552,12.251498171404924,15.189878515952502,72.55862331264258,4.606187677638384,2.5086405890787744,16.901568290828067,83.89165995125283
20260526_055253_cloud_ag_mot17_full_suite_merged,mot17,cloud_ag,pqc,FrodoKEM-1344-SHAKE,ML-DSA-65,7,5316,7,True,0,0,True,11.418546783129555,0.6639733477363562,0.32339832493853315,0.3477955096065029,0.6923496839453956,0.7186513747392869,0.6982472265003761,0.9334837951481472,6.478624399769751,0.0034151971068169143,8.467092564992546,2577.482135854192,36.84353659965563,5.077044481972167,0.22223583516143502,3824.5417681523063,3530.4586855727343,144.95119735172815,80.02077538626534,4.625308309282575,1.0874714170183455,1.8197227991902494,73.54690066735391,48.762939348000565,80.89527882735378,3.779287937851179,26.186292034773423,0.5616012614584963,2.0943286510156334,4.15914782819496,0.29493109850490357,0.46035684996479725,0.49533718780971225,2.2047494221132555,0.5791942197173625,0.5861286694592487,0.11473496108810814,0.22273534271302203,0.16389384294134063,1.9425888645595737,3.3906010245638236,4.268516091230724,3.936570121108421,5.77383372832888,6.567620577157608,19.61382313259691,28.432258121967102,31.54373116192479,13.40023842993725,15.040681079317364,71.55908049074539,4.635940586819902,2.497776441866723,16.74543618363218,86.01713540989053
20260526_055253_cloud_ag_mot17_full_suite_merged,mot17,cloud_ag,pqc,FrodoKEM-1344-SHAKE,ML-DSA-87,7,5316,7,True,0,0,True,11.45995876759523,0.6639733477363562,0.32339832493853315,0.3477955096065029,0.6923496839453956,0.7186513747392869,0.6982472265003761,0.9334837951481472,6.442637954853121,0.0009614379768000714,8.499093342756405,2570.901080377159,36.95828047023993,5.144219831013937,0.2213053438863842,3826.264846043069,3534.1946909097087,145.98350838252478,80.02077538626534,5.657673290797642,1.0874802725655692,1.8358078744587025,72.8957133868004,48.22477816574892,82.14009431512318,3.9018244881715094,28.09842596096652,0.5584882720575288,2.3209083016098915,4.1786143302481715,0.30805294821907625,0.45785819258173843,0.6438237324679753,2.19599188299842,0.572796666798224,0.594655446159897,0.11328446146024128,0.23113282718512349,0.18402251239680598,2.1666307002305984,3.669755210700844,4.5778960308858325,3.97078539910061,5.780988436059228,6.568914052830743,19.532094900288758,27.964010257652717,31.224886861979364,14.672383191710706,15.009639378847348,70.31797742944195,4.755626351085519,2.5213935930095976,16.915557913004026,89.17686180934062
20260526_055253_cloud_ag_mot17_full_suite_merged,mot17,cloud_ag,pqc,FrodoKEM-640-AES,Falcon-1024,7,5316,7,True,0,0,True,11.521265501308788,0.6639733477363562,0.32339832493853315,0.3477955096065029,0.6923496839453956,0.7186513747392869,0.6982472265003761,0.9334837951481472,6.438992341325842,0.007520950476302886,8.49276247007782,2572.1295116637534,37.031558396675784,5.150053286473585,0.22299405654345003,3827.7607862176255,3526.0339140408446,143.35794380732946,80.02077538626534,3.0320253372192383,1.087479863848005,1.7948978344795645,72.95863451441026,48.17836484531869,82.87289088392365,22.038783124160197,28.472070468567487,0.5588599767037754,2.0253539360877273,4.117211310432043,0.25490361606072953,0.4535404121470636,0.4213327911227328,2.162500907726854,0.5714962321921507,0.629620116681809,0.11212207260428451,0.6476421724377092,0.1245407419737341,2.023019295717989,2.480898257012346,2.670828650505947,3.9225883249725615,5.724197215334113,6.537327275478414,19.299408535669958,28.18072344080412,31.061856065992497,13.154887943512673,15.068947447376553,71.77616460911077,4.566984937189406,2.5233547494680937,17.007649057815218,81.14063414491132
20260526_055253_cloud_ag_mot17_full_suite_merged,mot17,cloud_ag,pqc,FrodoKEM-640-AES,Falcon-512,7,5316,7,True,0,0,True,11.583427622791165,0.6639733477363562,0.32339832493853315,0.3477955096065029,0.6923496839453956,0.7186513747392869,0.6982472265003761,0.9334837951481472,6.453735994493441,0.0009852216748768429,8.491757905883963,2575.049102535064,37.3272618519233,5.188544152204292,0.2229534010063649,3829.16193492733,3548.7105657928887,142.87642329079765,80.02077538626534,2.550542422703334,1.0874840872628349,1.7873948020610428,72.68023011384149,48.237671516925175,68.90445720082859,8.725971205248719,14.97180043398181,0.5581586528466231,1.60659279241065,4.103352841010119,0.24294388210951362,0.45378730361083547,0.34645507138265275,2.1798875247531915,0.5688844489530874,0.5738134265493454,0.11209809620005966,0.373453690979872,0.1133420127923872,1.5495892980002932,2.0553546076241345,2.3285165229546174,3.8885265655283416,5.715464797270085,6.550084122988794,19.175217142236026,27.76990148557712,31.76887604076025,11.408584313990088,15.278228170272602,73.31318751573731,4.5515698984152975,2.5345583429365917,17.07215134814955,79.66695466077825
20260526_055253_cloud_ag_mot17_full_suite_merged,mot17,cloud_ag,pqc,FrodoKEM-640-AES,Falcon-padded-1024,7,5316,7,True,0,0,True,11.507372989462366,0.6639733477363562,0.32339832493853315,0.3477955096065029,0.6923496839453956,0.7186513747392869,0.6982472265003761,0.9334837951481472,6.449718330636171,0.0029346405228758,8.475003585179406,2575.0287915363365,37.22118955953359,5.137672583450718,0.2228833701440221,3831.383182892557,3551.17321675461,143.36512361254012,80.02077538626534,3.039280346461705,1.087479727608817,1.795010133806199,73.09754695042264,48.221553159886135,79.78723605074697,19.874352651337784,26.009576048679826,0.5564450420342729,2.019936772567615,4.112788846675565,0.2553557037492143,0.4559356903750307,0.4045516269521817,2.182568293936526,0.5691399505089855,0.6198122626015298,0.1115896679287356,0.6535813153787513,0.1253328732997173,1.9683168336216892,2.4716391394447,2.7386983660315822,3.8886411680973003,5.741082971716033,6.570655094526176,19.285092861476755,27.690184062513595,31.341627384426143,13.042887561708316,15.03081266683284,71.92629977145886,4.561509856468034,2.5201276404415025,16.950842807648073,81.16282618375303
20260526_055253_cloud_ag_mot17_full_suite_merged,mot17,cloud_ag,pqc,FrodoKEM-640-AES,Falcon-padded-512,7,5316,7,True,0,0,True,11.627375097614948,0.6639733477363562,0.32339832493853315,0.3477955096065029,0.6923496839453956,0.7186513747392869,0.6982472265003761,0.9334837951481472,6.43696239184483,0.007792099779687014,8.500527863387811,2579.4119111813184,37.37774504286798,5.194110586598526,0.22247760351979903,3832.908018432207,3551.4073979700033,142.8841872896467,80.02077538626534,2.5582971572875977,1.0874686922345842,1.7875165070248937,72.56058232958381,48.13742335726051,68.31377362167197,8.388626256159373,14.622051900784884,0.5536865994925145,1.5975304889200956,4.106256620996272,0.23766147193503612,0.4507418108836152,0.32827588956836407,2.1747770367808386,0.5698649126968388,0.5684748065519096,0.1112451724145652,0.3750102099942873,0.11323933341122712,1.5489358754296387,1.997727416788361,2.214658286289445,3.904839013037937,5.703289903301213,6.569832935264068,19.23503185553742,27.950851201350027,31.02937289133921,11.279019989953824,15.2773954250994,73.44358458494678,4.560064502073627,2.5389606775961426,17.10620536836105,79.69077678779752
20260526_055253_cloud_ag_mot17_full_suite_merged,mot17,cloud_ag,pqc,FrodoKEM-640-AES,ML-DSA-44,7,5316,7,True,0,0,True,11.59553035100065,0.6639733477363562,0.32339832493853315,0.3477955096065029,0.6923496839453956,0.7186513747392869,0.6982472265003761,0.9334837951481472,6.440092184684721,0.0,8.5043171327665,2578.8748063264534,37.45249587501389,5.1991622984066606,0.2218686845452289,3833.6454601876067,3565.753364947662,144.25672571999687,80.02077538626534,3.9308606556483676,1.0874829973493303,1.8089023700718507,72.33257058492917,48.04200506589013,61.56097267965032,1.434215965370337,7.967728761113471,0.5560451012792574,1.8008313096601436,4.136074705877641,0.27166112366925155,0.4534941267230374,0.4137116513631793,2.172353758851262,0.5670069297461433,0.5576967476312928,0.11081341059035807,0.17478053774991095,0.14379862204928662,1.7027914124940122,2.7363938944680344,3.3658811822533607,3.9274407317861915,5.758711150182144,6.54561406533633,19.334052977526827,27.80198820794277,31.001186410198617,12.2684435969869,15.313645581273837,72.41791082173926,4.677426981488199,2.5474602355214406,17.15864599304576,83.8916711358765
20260526_055253_cloud_ag_mot17_full_suite_merged,mot17,cloud_ag,pqc,FrodoKEM-640-AES,ML-DSA-65,7,5316,7,True,0,0,True,11.551869965777836,0.6639733477363562,0.32339832493853315,0.3477955096065029,0.6923496839453956,0.7186513747392869,0.6982472265003761,0.9334837951481472,6.482145690947102,0.0019799872258888574,8.503166463603666,2580.3627070752473,37.17055325571317,5.15689942829813,0.2214117364529278,3835.5265711678885,3544.6645921425234,144.95119789668493,80.02077538626534,4.625324657985142,1.0874853134155273,1.819722768828011,72.50195446863964,48.0458084510509,62.53989982152624,1.4887723096069838,8.46601086336055,0.5569701616597879,2.0911125555270855,4.156724211414724,0.2898371705251339,0.45574133608428513,0.4888815400312135,2.1924528564707537,0.5666214567978096,0.5731399343013411,0.11046536555089248,0.21955973537353168,0.15969575344795978,1.9422778693426932,3.326729370746761,4.221723870307739,3.937403006213052,5.756668290788574,6.620980964507908,19.411268578882726,27.856861699326124,31.272912923431907,13.49581256857506,15.17582671452531,71.32836071689964,4.715647080731174,2.5401912632693175,17.11406686869486,86.01712544401371
20260526_055253_cloud_ag_mot17_full_suite_merged,mot17,cloud_ag,pqc,FrodoKEM-640-AES,ML-DSA-87,7,5316,7,True,0,0,True,11.265248934296826,0.6639733477363562,0.32339832493853315,0.3477955096065029,0.6923496839453956,0.7186513747392869,0.6982472265003761,0.9334837951481472,6.429414384052827,0.0032164192610979856,8.418846948632602,2601.4736165322042,37.38611964834056,5.07700463815739,0.21995223879207493,3837.3141090532336,3589.946240182885,145.983507837568,80.02077538626534,5.657667296273368,1.0874836785452706,1.835807871284238,73.7400130919874,48.480050416714676,62.562027657848034,1.7172927480368385,8.565437572542578,0.5583540330678386,2.3283052529965187,4.181871783321882,0.30702215940765726,0.4557986563632103,0.6427005304964377,2.2268831171418157,0.5748833505056786,0.5965530695796949,0.1120611857435395,0.23204728312011472,0.18420611150707367,2.1411144074850847,3.6928059849222854,4.820427361410111,3.9850768599925295,5.79270147385874,6.587337242173296,19.54803527552847,28.56351813838482,31.334513616907063,13.906640180264102,14.602505731507025,71.49085408822887,4.654928908952667,2.471917757800285,16.126619433666196,89.17682111544768
20260526_055253_cloud_ag_mot17_full_suite_merged,mot17,cloud_ag,pqc,FrodoKEM-640-SHAKE,Falcon-1024,7,5316,7,True,0,0,True,11.499893708503661,0.6639733477363562,0.32339832493853315,0.3477955096065029,0.6923496839453956,0.7186513747392869,0.6982472265003761,0.9334837951481472,6.448067851872476,0.0,8.474853689067585,2586.1316548484433,36.94835552724162,5.1284058563057355,0.2231208753538508,3838.795744383836,3529.9617985562427,143.35788331712996,80.02077538626534,3.0320275170462474,1.0874817711966378,1.7948958636636476,73.01327056467672,48.183540271305915,85.21937787632591,21.154187708383517,30.80141942094391,0.5560919967693452,2.019674068850755,4.116124911119393,0.2563918440175596,0.4529758478774468,0.4221955662417035,2.1751978249529644,0.5725859030718163,0.6339907945963853,0.1117551197851844,0.6492905081904334,0.12478764278218317,1.9648664331595813,2.4736390432475934,2.6499220239929855,3.8884560178433145,5.721925115878029,6.5274928437013715,19.29383757590077,27.910264870492153,31.003187459639566,13.091677120860831,15.052129059929486,71.85619381920968,4.556794749539994,2.517908249612302,16.90227118336748,81.14040328030923
20260526_055253_cloud_ag_mot17_full_suite_merged,mot17,cloud_ag,pqc,FrodoKEM-640-SHAKE,Falcon-512,7,5316,7,True,0,0,True,11.606722719785713,0.6639733477363562,0.32339832493853315,0.3477955096065029,0.6923496839453956,0.7186513747392869,0.6982472265003761,0.9334837951481472,6.462081609737398,0.01669212450868577,8.508656636779957,2585.857544699405,37.70878624466549,5.15841574142589,0.2214351233710062,3841.533064843733,3575.1390680120485,142.87642601558142,80.02077538626534,2.5505015509469167,1.0874734606061662,1.7873949560160658,72.24741085311884,47.96093426039726,72.87030587238925,9.18968598402682,18.77399119881115,0.5578917619552815,1.6108685247440413,4.114599993611902,0.24169366372339615,0.4570867483255424,0.3483785039366539,2.152458613627009,0.5660547502688694,0.5703521074618957,0.1112918146456217,0.37176694331185967,0.11262324160146722,1.5848505510283368,2.0153804698825946,2.296369658184371,3.9370374122102345,5.718232672994158,6.538042622352285,19.14905672213967,28.022553394601598,30.667284823808995,11.508297920978304,15.368875800431985,73.12282627858971,4.579254091252191,2.5498902965179404,17.23204787269096,79.66693797118407
20260526_055253_cloud_ag_mot17_full_suite_merged,mot17,cloud_ag,pqc,FrodoKEM-640-SHAKE,Falcon-padded-1024,7,5316,7,True,0,0,True,11.504423929756793,0.6639733477363562,0.32339832493853315,0.3477955096065029,0.6923496839453956,0.7186513747392869,0.6982472265003761,0.9334837951481472,6.501225495692916,0.022008728016863856,8.518593480056754,2586.8830132869907,37.24695525660825,5.1777752361832095,0.22195774359119885,3843.0736907178366,3561.5224518394084,143.36512524741036,80.02077538626534,3.0392607280186246,1.0874697821480888,1.7950101699017569,72.62742754818048,47.96518092122403,85.44548005530876,22.04069251283294,31.57967874237026,0.5569801437155916,2.0257254076877764,4.116904367263078,0.2540762053810735,0.45197160971017325,0.4016490417295392,2.1581918101325654,0.5680907771391612,0.6209534081019905,0.11215593524848567,0.6481399851929749,0.12431305014851568,2.0246115745976567,2.4902694110226418,2.7476619629721557,3.921023170862879,5.709850561938116,6.504136453981379,19.202373732118733,27.78136626092887,30.72921230898393,13.125013686763959,15.129987923313964,71.74499838992207,4.586703634070497,2.5340119212469654,17.05731183581789,81.16283508014202
20260526_055253_cloud_ag_mot17_full_suite_merged,mot17,cloud_ag,pqc,FrodoKEM-640-SHAKE,Falcon-padded-512,7,5316,7,True,0,0,True,11.627287338266475,0.6639733477363562,0.32339832493853315,0.3477955096065029,0.6923496839453956,0.7186513747392869,0.6982472265003761,0.9334837951481472,6.430319749867299,0.013712633883277257,8.499571997452922,2589.5463192701086,37.362083606144445,5.208198909871159,0.2219448142419503,3845.0833916001025,3559.632122538867,142.8841851098197,80.02077538626534,2.5583156858171736,1.087484495980399,1.787516449283066,72.25443911444998,47.95004526760288,72.86448778107851,8.996202743479184,18.597236773487005,0.5558110934136397,1.599681064824949,4.1022064404631156,0.23927459535217194,0.45293529142552363,0.32946699696814685,2.1559515646528715,0.5682958446408615,0.5630211823550149,0.11170662453560035,0.37403144920040504,0.11285183665833991,1.543829999198871,2.005692079131092,2.251729695126414,3.8738948392814825,5.732063365368439,6.548816598619202,19.19513086697246,27.992633181282876,30.846749679999864,11.375947964568832,15.33115940342669,73.2928926320045,4.57927379771611,2.5496103624907382,17.208319978617094,79.6907638140085
20260526_055253_cloud_ag_mot17_full_suite_merged,mot17,cloud_ag,pqc,FrodoKEM-640-SHAKE,ML-DSA-44,7,5316,7,True,0,0,True,11.585167910941362,0.6639733477363562,0.32339832493853315,0.3477955096065029,0.6923496839453956,0.7186513747392869,0.6982472265003761,0.9334837951481472,6.43448556790742,0.0017991004497751,8.51108333482021,2592.830939800761,37.243699736507615,5.175746605029978,0.221271130942632,3846.1930449414026,3551.6906676102385,144.2567229952131,80.02077538626534,3.9308475766863142,1.087479591369629,1.8089023618876183,72.38336458749022,48.06587202575839,64.93409939520504,1.6796133880104338,11.34178185990701,0.5552630100794337,1.8036511105768338,4.142912706227593,0.2771764685139719,0.45768630584348624,0.4172340426860476,2.1592183491420167,0.5675381468325904,0.5558247917066109,0.11204085193016168,0.175420997137947,0.14406327275417968,1.7058379682047027,2.7426944097637067,3.367615083698183,3.9384753077424,5.739636986982077,6.5788023093981405,19.34950127719981,28.057704427835557,31.111265993921013,12.311994969005923,15.314676132925351,72.37332889806872,4.672836305712225,2.5448251913879925,17.169507587401917,83.89166353845397
20260526_055253_cloud_ag_mot17_full_suite_merged,mot17,cloud_ag,pqc,FrodoKEM-640-SHAKE,ML-DSA-65,7,5316,7,True,0,0,True,11.53010173025159,0.6639733477363562,0.32339832493853315,0.3477955096065029,0.6923496839453956,0.7186513747392869,0.6982472265003761,0.9334837951481472,6.416751903356222,0.0,8.517024609402931,2594.0662883614937,37.30914059569127,5.1509059430764585,0.22101898979155582,3848.2984566914097,3556.7326732443676,144.95119626181466,80.02077538626534,4.62533392224993,1.0874800000871931,1.8197227389811612,72.62794112917436,48.16461205681234,65.53005152714572,1.6305271890901383,11.558215294609822,0.5560912230842748,2.095024658183281,4.15732098063892,0.2856893225036049,0.4520971757694273,0.48751167788171745,2.182192904892972,0.5694835772667545,0.5754754271989869,0.11267729789417977,0.21979787730700626,0.16050208653575873,1.9265867470364486,3.347225404078407,4.300579290304865,3.931991706070091,5.774932135162609,6.569519493329738,19.404726045510596,28.0888692556675,31.303101768430256,13.487940906467559,15.171589312667269,71.34046978086516,4.709995492016846,2.5369528173054343,17.123033571001884,86.01716881822475
20260526_055253_cloud_ag_mot17_full_suite_merged,mot17,cloud_ag,pqc,FrodoKEM-640-SHAKE,ML-DSA-87,7,5316,7,True,0,0,True,11.472541295448424,0.6639733477363562,0.32339832493853315,0.3477955096065029,0.6923496839453956,0.7186513747392869,0.6982472265003761,0.9334837951481472,6.453969466797427,0.0043463305419176,8.548907199630095,2595.198618339352,36.978535942606634,5.154378527344453,0.22050319694544565,3850.367346886579,3541.277603072864,145.98350511278426,80.02077538626534,5.657685279846191,1.0874791826520647,1.8358077465135163,72.64181135219698,48.09039142472881,65.48137991367618,1.642428028086821,12.092346805036955,0.5571333194168138,2.3262918990875603,4.184944461943422,0.3096062544518296,0.456418516977988,0.6420591167377557,2.196685884820024,0.5692322677571403,0.588216338262294,0.11255298998434574,0.23015042584781037,0.18305139346621896,2.146719988169415,3.7800200083958244,4.850799056169178,3.9608454265232598,5.803621663445873,6.605359248351306,19.403538317535606,28.141569689905115,30.970573894511,14.69867571688234,15.0962695848813,70.20505469823635,4.779295853450528,2.533453356787564,17.0536416617466,89.17685826423403
20260526_055253_cloud_ag_mot17_full_suite_merged,mot17,cloud_ag,pqc,FrodoKEM-976-AES,Falcon-1024,7,5316,7,True,0,0,True,11.505287063343491,0.6639733477363562,0.32339832493853315,0.3477955096065029,0.6923496839453956,0.7186513747392869,0.6982472265003761,0.9334837951481472,6.398338917611561,0.0025759202326121147,8.517495762163609,2597.5391259514945,37.457199180252054,5.122374895943892,0.22291008125738623,3852.1863106285955,3574.2090968840434,143.3578577041626,80.02077538626534,3.0319321496146068,1.0874752317156111,1.7948974667563498,72.77745661781974,48.121614529872396,83.9382297680935,22.669101089593912,29.815674595911762,0.5559103411966372,2.014765212979224,4.114054811621503,0.24898155257143287,0.44937653657095256,0.41732206759691975,2.176709801346069,0.5700829283274179,0.6290918624839951,0.11292520180513657,0.6466470391351732,0.12417316316050482,1.9851922822583998,2.46217838222427,2.6388144962090467,3.887748994332339,5.715047627953546,6.527086678626282,19.12662027450438,28.083440734165688,30.914691193234667,13.154014782614144,15.120944258382696,71.72504095900317,4.575510665143617,2.528149827674066,17.00832711070507,81.14056815705476
20260526_055253_cloud_ag_mot17_full_suite_merged,mot17,cloud_ag,pqc,FrodoKEM-976-AES,Falcon-512,7,5316,7,True,0,0,True,11.602230669033629,0.6639733477363562,0.32339832493853315,0.3477955096065029,0.6923496839453956,0.7186513747392869,0.6982472265003761,0.9334837951481472,6.434249179335327,0.005781297354331057,8.475905760370482,2599.671954106529,37.35642300906585,5.191386366245715,0.2228486054865537,3853.518318307593,3566.4447350677524,142.8763965879168,80.02077538626534,2.5504650388445174,1.087475367954799,1.7873948844328587,72.82108114771758,48.33851294293178,70.7029369604286,8.868785486334847,15.968973016632455,0.5565862859152038,1.6061435583718773,4.103321727841894,0.24437271518412734,0.4553138428853231,0.3475303690167593,2.173754159253537,0.5732018075205515,0.5721649456639245,0.11289175433870824,0.37435779631083194,0.11324814919822036,1.563502159634871,2.0383450834612757,2.2430108351233815,3.9169838751799295,5.713402439973184,6.496511453296989,19.287431248016652,27.96437844188671,31.10956658510781,11.421180408705286,15.26639361187127,73.31242597942344,4.545318710879386,2.531034087219001,17.079284820872253,79.66677401070017
20260526_055253_cloud_ag_mot17_full_suite_merged,mot17,cloud_ag,pqc,FrodoKEM-976-AES,Falcon-padded-1024,7,5316,7,True,0,0,True,11.494711143887542,0.6639733477363562,0.32339832493853315,0.3477955096065029,0.6923496839453956,0.7186513747392869,0.6982472265003761,0.9334837951481472,6.422844004180079,0.001962439333192643,8.473610318753789,2601.724688489435,37.384464385668444,5.168448971612968,0.2236369335582752,3855.573598629218,3582.9272251027132,143.3651225226266,80.02077538626534,3.03930595942906,1.087472370692662,1.7950100948157457,73.19446993348096,48.38132870858616,84.47492646796273,22.403379237013205,30.042205352358344,0.5559261965792842,2.026216104129633,4.115598922964653,0.25543818537749197,0.4552150348944209,0.40433078375486126,2.1770647102429495,0.5734481487657892,0.6265239267487728,0.11366199576727187,0.6569751577243874,0.1258579126235984,2.029467440609421,2.4708947516046464,2.659834845856364,3.919785991976304,5.718692629930696,6.510075606139643,19.28024059197306,28.209909204468342,31.440313100056066,13.090934912895525,15.076711088302755,71.83235399880171,4.55311675342461,2.515445337173891,16.936249892968526,81.16286716122461
20260526_055253_cloud_ag_mot17_full_suite_merged,mot17,cloud_ag,pqc,FrodoKEM-976-AES,Falcon-padded-512,7,5316,7,True,0,0,True,11.52740304423641,0.6639733477363562,0.32339832493853315,0.3477955096065029,0.6923496839453956,0.7186513747392869,0.6982472265003761,0.9334837951481472,6.438886768955958,0.0,8.501027646188206,2603.4051686500075,37.224414040712496,5.153224542388456,0.22321337726695747,3857.4771868543057,3564.0407181389637,142.8841894694737,80.02077538626534,2.5582900728498186,1.0874745505196708,1.7875165566509865,73.0391602528367,48.51124382076932,70.77846641463803,9.375589855370068,16.6780098252708,0.5572405194261949,1.6024372479268065,4.105201629223357,0.24234111631036312,0.4552381816933047,0.3323259602056733,2.186070933056494,0.5750183402308958,0.5737956714084491,0.11317528252825748,0.3794469141742563,0.11463751104051852,1.5577234194747038,2.0304239654381355,2.2539260115341415,3.900301725869732,5.723932997456619,6.522259832293328,19.27971517292942,28.211597546858332,31.446485548470417,11.349181565694881,15.258315356931492,73.39250307737362,4.52800875297298,2.5210738753336264,17.011620328038116,79.69074780277643
20260526_055253_cloud_ag_mot17_full_suite_merged,mot17,cloud_ag,pqc,FrodoKEM-976-AES,ML-DSA-44,7,5316,7,True,0,0,True,11.438144489372004,0.6639733477363562,0.32339832493853315,0.3477955096065029,0.6923496839453956,0.7186513747392869,0.6982472265003761,0.9334837951481472,6.3948110280300785,0.003854281586897729,8.49231033192327,2606.8412128925784,37.1844382665574,5.134869793940956,0.22311161172779753,3858.3663387604474,3570.9293219179012,144.25672354016984,80.02077538626534,3.9308481216430664,1.0874741418021066,1.8089023201798113,73.46133752534374,48.892401513964714,63.933083155591575,2.043414107036023,9.806888153044772,0.5580306087581517,1.8061694086613025,4.156891380555636,0.27245115572282497,0.46031235247317837,0.42155648141661023,2.1843420294461238,0.578696888201933,0.569313546253194,0.11448462067725156,0.1798502268917441,0.14711936108986992,1.7152450080694897,2.747084125543811,3.3274753874034753,3.943606130113559,5.775348574388772,6.6126774361224046,19.457858715472476,28.514996310266422,31.747309188464296,12.217251554580601,15.209485813269552,72.57326263214985,4.590731308754953,2.50087895000351,16.710158962290887,83.89166138482038
20260526_055253_cloud_ag_mot17_full_suite_merged,mot17,cloud_ag,pqc,FrodoKEM-976-AES,ML-DSA-65,7,5316,7,True,0,0,True,11.462721240920628,0.6639733477363562,0.32339832493853315,0.3477955096065029,0.6923496839453956,0.7186513747392869,0.6982472265003761,0.9334837951481472,6.426993145475545,0.0011166403689768143,8.462021978650645,2676.811917570555,37.11846972093514,5.1451707266310205,0.22409814823640323,3858.9391501170107,3559.948946539205,144.95119789668493,80.02077538626534,4.625314848763602,1.0874733243669783,1.8197228223540114,73.43502789140396,48.74574123944728,64.15741414474766,2.025832067288104,9.79994959475118,0.5590123101470045,2.098608116696785,4.161721639860452,0.29027536280625127,0.4547807191428496,0.4908351099925053,2.208074818700312,0.5791400023665583,0.5879341790906156,0.11617062343355204,0.22322422912159515,0.16317792935114875,1.9287004168810589,3.3733774292548846,4.424291119045977,3.980842152876513,5.769891617819667,6.564097491625164,19.523601034976544,28.512761978612414,31.532376429497795,13.4520198105716,15.09167808648716,71.45630210294125,4.640289189009487,2.5003869589893872,16.72034004952529,86.01716481907958
20260526_055253_cloud_ag_mot17_full_suite_merged,mot17,cloud_ag,pqc,FrodoKEM-976-AES,ML-DSA-87,7,5316,7,True,0,0,True,11.439531898437476,0.6639733477363562,0.32339832493853315,0.3477955096065029,0.6923496839453956,0.7186513747392869,0.6982472265003761,0.9334837951481472,6.424454532488099,0.004329761280277086,8.4730291317493,2641.175891837062,37.2163315562452,5.107405952869143,0.2229136890322084,3861.8931730439463,3573.3962087908294,145.983505657741,80.02077538626534,5.657661301749093,1.0874786376953125,1.8358078312424506,73.57985540399989,48.71828879849767,64.82141910930208,2.1075486604656493,10.014838120523128,0.5561998774519045,2.323008911037184,4.1856556099763464,0.3083622395070437,0.4557437308451516,0.6423506387448619,2.2055033244318705,0.577647999773462,0.6032425948084328,0.11626879207646744,0.2379024365415617,0.1891283846349246,2.1350977144071033,3.7238490651361644,4.720035144460519,3.967539157851466,5.7849684613756835,6.646851221698204,19.61902753492232,28.6948357381149,31.809571100754738,14.571602875715005,14.969361014043871,70.45903611024112,4.714000335553083,2.4993648676529125,16.7630207095447,89.17682848306583
20260526_055253_cloud_ag_mot17_full_suite_merged,mot17,cloud_ag,pqc,FrodoKEM-976-SHAKE,Falcon-1024,7,5316,7,True,0,0,True,11.407596141742127,0.6639733477363562,0.32339832493853315,0.3477955096065029,0.6923496839453956,0.7186513747392869,0.6982472265003761,0.9334837951481472,6.45694854564042,0.0009680048909720714,8.452365700613381,2612.2096688674706,37.21267490310097,5.094632232781885,0.22383267824575775,3863.933695750774,3586.142548588207,143.35786042894637,80.02077538626534,3.031962122235979,1.0874765941074915,1.794896405149719,74.15230320739443,48.867323839843756,92.30617352295667,22.966003400229276,37.704805749291104,0.5586637704101297,2.026870775228115,4.11434784018922,0.25975373825840214,0.45699845563260366,0.42483754751156855,2.1866729863838996,0.5792434120814808,0.6389956980225706,0.11449071741333887,0.6566131517934909,0.12652989072127743,2.006833241986377,2.48235314419227,2.6732337930505827,3.8837474172136615,5.704751782052751,6.547037226347519,19.444810010576884,28.60969946085618,31.266728025040546,13.002699308281905,14.848921500999365,72.14837919071873,4.48974449085576,2.4807442791133387,16.695902329874382,81.14048628259708
20260526_055253_cloud_ag_mot17_full_suite_merged,mot17,cloud_ag,pqc,FrodoKEM-976-SHAKE,Falcon-512,7,5316,7,True,0,0,True,11.550580198599215,0.6639733477363562,0.32339832493853315,0.3477955096065029,0.6923496839453956,0.7186513747392869,0.6982472265003761,0.9334837951481472,6.405154425601393,0.0017710797964781426,8.436371147499033,2614.733806828077,37.327439123130496,5.146646731707517,0.2246324278595023,3864.6785588181365,3563.586451684191,142.87640966687883,80.02077538626534,2.55048520224435,1.0874805450439453,1.7873954590752827,73.97528901345812,49.15249260867979,79.3152528072131,10.734042729295435,25.129221892538705,0.5580100819399096,1.6114863123564611,4.1049479908543285,0.2399256861941266,0.45139778928124136,0.3438210284178916,2.2184510247754603,0.582797268165983,0.5866149807195652,0.11488282070274915,0.38204852155213354,0.11611292199798243,1.5721232962927647,2.03357972703608,2.2655888021524464,3.9190217087577497,5.728795118297318,6.513177318764584,19.45853584324888,28.418548052954993,32.101997115444085,11.334004241583528,15.130907911498754,73.53508784691772,4.47954219142306,2.494320990959184,16.888278754904185,79.66684554885265
20260526_055253_cloud_ag_mot17_full_suite_merged,mot17,cloud_ag,pqc,FrodoKEM-976-SHAKE,Falcon-padded-1024,7,5316,7,True,0,0,True,11.461798917587526,0.6639733477363562,0.32339832493853315,0.3477955096065029,0.6923496839453956,0.7186513747392869,0.6982472265003761,0.9334837951481472,6.432496555874057,0.009063078835301172,8.45483137398739,2615.146913818884,37.17043121961389,5.133231141186499,0.2248458991226337,3867.3994549388467,3575.932412504429,143.36512361254012,80.02077538626534,3.039299419948033,1.087484359741211,1.7950100966558267,73.7835237333101,48.741638918725236,91.14031176847804,22.39948848173732,36.86773239280142,0.5571309178135165,2.0250319858612333,4.114668908063958,0.25840724292767725,0.45553161761379385,0.4035918368813646,2.1888830667885033,0.5792143536899713,0.6326485419427171,0.11446347586620877,0.6619738820672254,0.12705879077045504,2.0245895721018314,2.4838975464392985,2.6855918848221854,3.924059681594372,5.701060920754181,6.517411110523556,19.430009429360073,28.55817865299965,31.53972471863623,12.988921362377722,14.97421674996693,72.03686188765535,4.514071704783066,2.4939241798552,16.772647315624035,81.16283910782954
20260526_055253_cloud_ag_mot17_full_suite_merged,mot17,cloud_ag,pqc,FrodoKEM-976-SHAKE,Falcon-padded-512,7,5316,7,True,0,0,True,11.541502934541752,0.6639733477363562,0.32339832493853315,0.3477955096065029,0.6923496839453956,0.7186513747392869,0.6982472265003761,0.9334837951481472,6.406194838789583,0.0025872307826983712,8.45020265246575,2614.4072371919456,36.94346108551116,5.130793931422469,0.22452547132540954,3870.4187101874995,3550.4457451675626,142.8841872896467,80.02077538626534,2.5583080564226424,1.0874718257359095,1.7875164693870826,73.60035041190328,48.883538075293174,79.0293388417922,10.464350870322614,25.182613931108445,0.5573559950721699,1.6055324768457022,4.103229519104789,0.24142801353424456,0.4531089489452782,0.3292749511801477,2.1960982933345927,0.5829383523455354,0.5818917523928688,0.11592913186746004,0.38651347729631486,0.11673969558640603,1.559844589792192,2.0096727596995017,2.2672956170780316,3.9050509055544222,5.711994691020144,6.52479926756184,19.444920823893373,29.229181727258645,31.60375335663289,11.269223059578843,15.169305532049236,73.56147140837193,4.492534325537655,2.501290897632033,16.89893207441755,79.69077520669524
20260526_055253_cloud_ag_mot17_full_suite_merged,mot17,cloud_ag,pqc,FrodoKEM-976-SHAKE,ML-DSA-44,7,5316,7,True,0,0,True,11.582036451632693,0.6639733477363562,0.32339832493853315,0.3477955096065029,0.6923496839453956,0.7186513747392869,0.6982472265003761,0.9334837951481472,6.441462535831095,0.0029265879538744144,8.495907524379897,2651.6980756000153,37.309520649434994,5.148767912734103,0.2229699898195673,3869.209077436363,3555.0137433985906,144.25672517504012,80.02077538626534,3.9308492115565707,1.0874744142804826,1.8089023574357093,72.73034009088313,48.31532377944392,72.24779795034833,2.6929903598058793,18.25850943957145,0.5573678155351043,1.8003900766604666,4.145883010597685,0.2748960580242026,0.455979158123119,0.41601305632113755,2.194636578541775,0.5736107538151278,0.5647225097553432,0.11411392160792501,0.17835888762353086,0.14581496010389758,1.7022761582796062,2.672139195991414,3.4507949271106293,3.965779839615737,5.759976200559842,6.5359555171536545,19.40007111891785,28.173548232141027,31.465228091214726,12.271674492519777,15.312364480077566,72.41596102740266,4.651375679018952,2.533083553536488,17.10178476217068,83.89165883472894
20260526_055253_cloud_ag_mot17_full_suite_merged,mot17,cloud_ag,pqc,FrodoKEM-976-SHAKE,ML-DSA-65,7,5316,7,True,0,0,True,11.542637845582927,0.6639733477363562,0.32339832493853315,0.3477955096065029,0.6923496839453956,0.7186513747392869,0.6982472265003761,0.9334837951481472,6.405910621689929,0.0012668463611859716,8.49082339705448,2654.1598406034404,37.045534942852036,5.163545701788139,0.22290941102776238,3870.9778633638625,3533.390398593041,144.95119626181466,80.02077538626534,4.625317573547363,1.087477139064244,1.8197227815746921,72.87043864913859,48.32139829021347,71.86043144680471,2.553102294249194,17.937175067518616,0.5542248343370427,2.102681788547406,4.162851463710219,0.2875754677868346,0.45546709086393344,0.492381542545389,2.1889444479069513,0.5728002886752581,0.580884483862149,0.11298854561742142,0.22049472081411947,0.16208131331356515,1.9266572780907154,3.453299597770507,4.50082794197702,3.9753115935517207,5.760483405486282,6.588010887748429,19.471278867243655,28.184830237432568,30.946674260081863,13.505697577897594,15.150249104647823,71.34405331745458,4.694287146287671,2.5285199784560377,17.06171490892249,86.01712300651074
20260526_055253_cloud_ag_mot17_full_suite_merged,mot17,cloud_ag,pqc,FrodoKEM-976-SHAKE,ML-DSA-87,7,5316,7,True,0,0,True,11.467724469532822,0.6639733477363562,0.32339832493853315,0.3477955096065029,0.6923496839453956,0.7186513747392869,0.6982472265003761,0.9334837951481472,6.433468297237015,0.0029218821711263572,8.498666031891943,2655.7406901261224,37.063896931899954,5.140494641285635,0.22147901280947635,3872.743847853115,3548.0604790962348,145.98350838252478,80.02077538626534,5.657673290797642,1.087481907435826,1.8358078538118825,73.03419591430475,48.331560399093014,72.75730569658445,2.501030896036398,18.069052486680448,0.5603990178511082,2.327402712337904,4.188973112775163,0.31627066736979403,0.46265616946050525,0.6518950023172186,2.195079199362829,0.5729525332399145,0.5966285153554499,0.11357283790998308,0.2318372272733917,0.185266822649843,2.16266858790602,3.6993223242461677,4.702502941114029,4.009959154895374,5.792844057681838,6.629112224826323,19.55785386592682,28.40982879677096,31.248550527350478,14.709689840647485,15.058510186451475,70.23179997290103,4.7568172137493265,2.5212632538527093,17.00371274275359,89.17681473882497
20260526_055253_cloud_ag_mot17_full_suite_merged,mot17,cloud_ag,pqc,ML-KEM-1024,Falcon-1024,7,5316,7,True,0,0,True,11.414072853109557,0.6639733477363562,0.32339832493853315,0.3477955096065029,0.6923496839453956,0.7186513747392869,0.6982472265003761,0.9334837951481472,6.4038289954114855,0.0027098674521354857,8.415379934236388,2658.3908467851847,37.275958149546604,5.079067215131571,0.2263895016644676,3875.2262846007357,3572.6856880978044,143.35784789494105,80.02077538626534,3.0320520401000977,1.0874812262398856,1.794896722541188,74.72280763559559,49.46063942377133,85.17147440995488,26.61587972016562,31.64043562996778,0.559685070563097,2.0314025807473772,4.117277814322562,0.25522448182110086,0.45366199887896524,0.4225671523539764,2.211341377683781,0.5876613874014683,0.6474097606639172,0.11580020275367875,0.6669130012202136,0.12897603181131495,2.0188564334862997,2.490752122165369,2.760893652614738,3.9182671711647084,5.703863529821059,6.5109062214781135,19.630678854650682,28.547170741518155,31.912238034143023,13.013319955622547,14.874652666417191,72.11202737796027,4.456693645979146,2.4625350930137877,16.552599319552037,81.14065686863378
20260526_055253_cloud_ag_mot17_full_suite_merged,mot17,cloud_ag,pqc,ML-KEM-1024,Falcon-512,7,5316,7,True,0,0,True,11.49620866816365,0.6639733477363562,0.32339832493853315,0.3477955096065029,0.6923496839453956,0.7186513747392869,0.6982472265003761,0.9334837951481472,6.445473503954495,0.0017378937318170715,8.422454174536481,2661.979512464827,37.41038426334894,5.170309777105123,0.22632009807053466,3878.806308179196,3568.518961394383,142.87641402653284,80.02077538626534,2.5505320685250417,1.0874793188912528,1.7873956214210458,74.24937040281328,49.36638549153393,66.57582434681466,8.070554806008225,12.60696383680971,0.5572501311649725,1.6078768206949074,4.106008075546378,0.24552405030584318,0.45516359951656565,0.34725884839354865,2.1991090321790465,0.5925756895168235,0.5971376647285911,0.1165500904764382,0.38395124836110867,0.11647689751988625,1.5667842734338981,2.0166486401909163,2.2398332825728824,3.9109031536749432,5.687390005082956,6.539585452992469,19.53925713049833,28.356516067191738,31.790354896869484,11.292889716738273,15.10681700297378,73.60029328028796,4.4499594234245965,2.4780800384709254,16.622062398502916,79.66696706406012
20260526_055253_cloud_ag_mot17_full_suite_merged,mot17,cloud_ag,pqc,ML-KEM-1024,Falcon-padded-1024,7,5316,7,True,0,0,True,11.44986415937901,0.6639733477363562,0.32339832493853315,0.3477955096065029,0.6923496839453956,0.7186513747392869,0.6982472265003761,0.9334837951481472,6.400495925760311,0.0,8.441214575431706,2643.582982922796,37.037124001620796,5.109199125212592,0.22513602043310016,3880.128314344821,3538.1590406092214,143.36512306758337,80.02077538626534,3.039297785077776,1.0874805450439453,1.7950100484626723,74.23215138617759,49.0833540362978,84.776675802589,25.696812330612115,30.64148815437442,0.5587235469348519,2.0243839578951315,4.1157184339777055,0.255488254425105,0.4542957868890147,0.40284979113186703,2.192173060018317,0.5841131627441148,0.636994003477474,0.1151056274619657,0.6636330263171503,0.1275882119589331,2.0246398468901003,2.4722188411812698,2.6542647488947426,3.9301495666482618,5.69664961325803,6.481380138014044,19.520505851314535,28.08551773595682,31.56758803422459,12.967516922156307,14.932433035109705,72.100050042734,4.492172200772375,2.4817432146445944,16.72180631551639,81.1628103505857
20260526_055253_cloud_ag_mot17_full_suite_merged,mot17,cloud_ag,pqc,ML-KEM-1024,Falcon-padded-512,7,5316,7,True,0,0,True,11.570648307908888,0.6639733477363562,0.32339832493853315,0.3477955096065029,0.6923496839453956,0.7186513747392869,0.6982472265003761,0.9334837951481472,6.431987151465113,0.0020927905303165283,8.475726644776879,2630.04092785688,37.13580044122692,5.1394298540612215,0.22345294338480723,3881.2139501119646,3545.987008574976,142.8841872896467,80.02077538626534,2.558311871119908,1.087477547781808,1.78751652360203,73.13968058819805,48.548651687007855,65.75421223949108,7.059015067560332,11.718095341209501,0.5582033335020087,1.6043511672560204,4.103295793373278,0.24507575898245465,0.45413950282199333,0.3309832747897162,2.1839250456503856,0.5776621593278105,0.5752396838256493,0.1140705719887298,0.3793852855682137,0.11495593829337418,1.5446531220472284,2.015041510042335,2.218892236373254,3.8753911420436844,5.697928776498884,6.546172418165952,19.34889726487867,28.21313355566188,31.476925964810544,11.331116221316714,15.24207004209303,73.42681373659025,4.530280756758592,2.52230871208179,17.039814305257327,79.69075931219679
20260526_055253_cloud_ag_mot17_full_suite_merged,mot17,cloud_ag,pqc,ML-KEM-1024,ML-DSA-44,7,5316,7,True,0,0,True,11.48727075823245,0.6639733477363562,0.32339832493853315,0.3477955096065029,0.6923496839453956,0.7186513747392869,0.6982472265003761,0.9334837951481472,6.415492672876165,0.0006297073712803999,8.43864082217311,2631.9935890176266,37.13749662775574,5.1366970629503355,0.22331188525294457,3882.786954092525,3543.590371393582,144.25672953469413,80.02077538626534,3.930821963718959,1.0874810900006975,1.8089024472983142,74.376770168011,49.53729755971908,58.35872127707781,0.6801830604672432,4.874140423323427,0.5555362894302477,1.7856732576386565,4.138638497278521,0.2712919589965909,0.45193260605957025,0.41254994715905946,2.2124687529897833,0.5912842100124589,0.5801372295988844,0.1152470624210955,0.1811887375488966,0.1488254473586814,1.6944495561931814,2.6981628998847946,3.317063770789121,3.9238265848585536,5.742875328620097,6.564161908214113,19.68211585619833,28.38204823497959,31.78109220788703,12.076654034960681,15.109401224202411,72.8139447408369,4.555216783565743,2.480787706742229,16.7337311153827,83.89162107763502
20260526_055253_cloud_ag_mot17_full_suite_merged,mot17,cloud_ag,pqc,ML-KEM-1024,ML-DSA-65,7,5316,7,True,0,0,True,11.454540504610696,0.6639733477363562,0.32339832493853315,0.3477955096065029,0.6923496839453956,0.7186513747392869,0.6982472265003761,0.9334837951481472,6.43026751171191,0.0037120699561723433,8.459776940174246,2648.6560069030093,37.372891695582304,5.12232096128386,0.22274146846521106,3881.406607448333,3574.4999809788965,144.95119626181466,80.02077538626534,4.625312668936593,1.0874772753034319,1.8197227929677158,74.31725401666402,49.41970536848903,58.67432608335678,0.7036979354563213,4.961638642098046,0.5595433456758208,2.102864954580679,4.163187737147022,0.28865084441157346,0.454134356919137,0.49049883430474006,2.2289256376085786,0.5877039998087329,0.5916574674772034,0.11323071709281363,0.22584803037251902,0.16443159379509978,1.9498672668955155,3.38059769211603,4.282776996094201,3.9482845791748593,5.741086633809443,6.609260898216495,19.71132069515437,28.181394035724118,31.75340342108216,13.354744980958511,15.02723892886047,71.61801609018103,4.607275858652117,2.4816663893672914,16.743294841457907,86.01714998278524
20260526_055253_cloud_ag_mot17_full_suite_merged,mot17,cloud_ag,pqc,ML-KEM-1024,ML-DSA-87,7,5316,7,True,0,0,True,11.400797438220621,0.6639733477363562,0.32339832493853315,0.3477955096065029,0.6923496839453956,0.7186513747392869,0.6982472265003761,0.9334837951481472,6.39699227027648,0.009164627438321712,8.487060339183108,2633.659066129297,37.26091092707791,5.088816674282809,0.22200932743729823,3883.029690966338,3572.6668088664633,145.98350838252478,80.02077538626534,5.6576874596732,1.0874831335885184,1.8358078686016894,73.92133780858265,48.99472131502448,59.22717647626996,0.7392091321803276,5.332300899594666,0.5572256864838934,2.353847192024922,4.187719880591827,0.30756306269780687,0.45694443622284103,0.6426314477562051,2.222488927525345,0.5806623834470505,0.6039731471351751,0.11453230872682253,0.2354753740143213,0.18705136508455486,2.1805027167179754,3.7461287857565493,4.698785176899817,3.977139879550253,5.777287484878408,6.584298423424896,19.654293706193563,28.53490074069904,31.427856376048055,14.648869989550418,14.921212029143991,70.42991798130559,4.694858115516368,2.4889440663157836,16.724832954230994,89.17683183596273
20260526_055253_cloud_ag_mot17_full_suite_merged,mot17,cloud_ag,pqc,ML-KEM-512,Falcon-1024,7,5316,7,True,0,0,True,11.461913428921433,0.6639733477363562,0.32339832493853315,0.3477955096065029,0.6923496839453956,0.7186513747392869,0.6982472265003761,0.9334837951481472,6.419557771441698,0.0011185410334346429,8.452770265136477,2688.7491634123767,37.30793132949361,5.138688016692998,0.224430240097993,3882.698514257382,3561.2110637817523,143.3578233718872,80.02077538626534,3.0319130761282787,1.087479863848005,1.7948963524398258,73.75023240853054,48.75161777832471,81.4024280047133,22.986854382214094,27.44230686498451,0.5586300591470709,2.0279542169939697,4.115858236779016,0.2565307642223857,0.45419438028865994,0.4225637134126718,2.1951572841804117,0.5775434244476185,0.6358728813000728,0.11398511461309226,0.6544567464854845,0.12603023964906213,2.0251831405663063,2.481090069548892,2.6788802052448903,3.928096017001995,5.713408804565136,6.512139591255358,19.38886413804655,28.424787966140997,31.36581888268841,13.076959890265224,14.977195560185436,71.94584454954934,4.514318497726508,2.4943323104397748,16.784331642384547,81.1403414025305
20260526_055253_cloud_ag_mot17_full_suite_merged,mot17,cloud_ag,pqc,ML-KEM-512,Falcon-512,7,5316,7,True,0,0,True,11.603451175889628,0.6639733477363562,0.32339832493853315,0.3477955096065029,0.6923496839453956,0.7186513747392869,0.6982472265003761,0.9334837951481472,6.427742082688902,0.0012855977485268428,8.488584682637336,2661.462862116557,37.5271391897024,5.161042441369533,0.22259514101089856,3884.032142118888,3558.2217601089656,142.87634590693884,80.02077538626534,2.550558771405901,1.0874813624790736,1.7873945309302173,72.56678328311177,48.16832517320879,65.6308095037405,7.6858857203097575,12.054673512466252,0.558362525413594,1.6066399905239865,4.102656856535917,0.24208966552841524,0.4547026016493517,0.3465730853452714,2.158342867214375,0.5715705144420319,0.5765933929809781,0.11343172239397317,0.3742761444688739,0.11335343776242589,1.5680357381435377,2.03948662716097,2.2549711473818337,3.9184848345550045,5.694889827697937,6.544234654533544,19.2644308568186,27.865545750357636,30.798969538621115,11.45087526455889,15.29270500775961,73.2564197276815,4.559181785861975,2.5387393342545934,17.138956632810597,79.6669779630507
20260526_055253_cloud_ag_mot17_full_suite_merged,mot17,cloud_ag,pqc,ML-KEM-512,Falcon-padded-1024,7,5316,7,True,0,0,True,11.465658736166999,0.6639733477363562,0.32339832493853315,0.3477955096065029,0.6923496839453956,0.7186513747392869,0.6982472265003761,0.9334837951481472,6.437962270264877,0.0027409403055665424,8.494046945162797,2639.352419157353,37.213951531055784,5.152510982707254,0.22217272504292856,3886.073934569783,3548.1866989579357,143.36512524741036,80.02077538626534,3.0392868859427318,1.08747741154262,1.7950101637856977,72.96793451142808,48.175360273356034,78.82495112218228,21.024000254415334,25.842544966421663,0.5606857488281956,2.024683737597567,4.118153601881903,0.2616023228944405,0.4585453002467808,0.40780102715632344,2.1627638445746658,0.573541928024219,0.6255844878376913,0.11308048945693915,0.6524266549731488,0.12485077940855858,2.005941267790539,2.468015215293105,2.7224790554360614,3.910380132895495,5.715950906077134,6.54716103204659,19.323605274012042,27.78282127026905,30.798250205251232,13.10901261772543,15.09023663228403,71.80075074999051,4.558902961641816,2.5187555301738014,16.915697785497507,81.16286955328351
20260526_055253_cloud_ag_mot17_full_suite_merged,mot17,cloud_ag,pqc,ML-KEM-512,Falcon-padded-512,7,5316,7,True,0,0,True,11.617360018305694,0.6639733477363562,0.32339832493853315,0.3477955096065029,0.6923496839453956,0.7186513747392869,0.6982472265003761,0.9334837951481472,6.401627420843622,0.0,8.49216352756993,2640.904290082741,37.699638400294724,5.199112894590364,0.2221039885820383,3888.995284838801,3578.1569947580033,142.88419001443046,80.02077538626534,2.5583271299089705,1.0874761853899275,1.7875165314085402,72.40717203895046,48.08080468170383,65.88167868765248,7.253952900923433,11.81695425406187,0.5546018611697183,1.5974613407566236,4.09926737331236,0.2404494121286858,0.44996716010095905,0.32630553623076736,2.158571226499609,0.5709632155366801,0.570340076172414,0.11303886010363055,0.3752092486764743,0.11333232941925783,1.538115121158106,2.006525983701327,2.2152625090841735,3.862223987068449,5.718958457665784,6.520110433588603,19.179749828802688,27.640236129709333,30.76556275753677,11.3274413408221,15.330301636032686,73.34225702314522,4.567900479957959,2.5433109786252572,17.14373007219141,79.69079071008858
20260526_055253_cloud_ag_mot17_full_suite_merged,mot17,cloud_ag,pqc,ML-KEM-512,ML-DSA-44,7,5316,7,True,0,0,True,11.582612643754185,0.6639733477363562,0.32339832493853315,0.3477955096065029,0.6923496839453956,0.7186513747392869,0.6982472265003761,0.9334837951481472,6.440081200155661,0.0057123976588112,8.511682618144173,2643.8934522907507,37.61552148051563,5.166008053808645,0.2212921469626187,3890.4881829422934,3576.3735667959504,144.25672680991036,80.02077538626534,3.930854116167341,1.087484904697963,1.8089024164161775,72.62743333163694,48.27075676475374,58.9073790553292,0.7020004004949616,4.825815156523494,0.5550926631093028,1.7766613656313837,4.145587089095561,0.2759227973246325,0.4570484464053498,0.41665380711719113,2.1734767923150193,0.5727296023725302,0.5631766123059659,0.11288787475254544,0.1757193304555407,0.14372429775331383,1.685031589918903,2.6696853239887526,3.274317616596818,3.9263814355113675,5.760297009588352,6.575119309792561,19.37341100473596,27.765714947026442,31.09952333232078,12.219584347691484,15.345416156871465,72.43499949543705,4.6629698860139035,2.539294634349133,17.165571292316347,83.89165220755399
20260526_055253_cloud_ag_mot17_full_suite_merged,mot17,cloud_ag,pqc,ML-KEM-512,ML-DSA-65,7,5316,7,True,0,0,True,11.479851103677413,0.6639733477363562,0.32339832493853315,0.3477955096065029,0.6923496839453956,0.7186513747392869,0.6982472265003761,0.9334837951481472,6.419900858306831,0.00023143277929728572,8.474112874726552,2645.837046400251,37.39686632864923,5.1189784549753865,0.22160207809170648,3891.5255699342983,3558.636372962265,144.9511957168579,80.02077538626534,4.62533392224993,1.0874794551304408,1.8197227967577916,73.61956227573307,48.90664425213913,58.3745624587339,0.7112040849668639,4.881179123739934,0.5554583457606673,2.0975531069100426,4.162932060252605,0.29004205610536704,0.4575224573048751,0.49427369819052974,2.1901935930794343,0.5847687848569361,0.5881408657520498,0.11419968607912125,0.2229163291595276,0.16317208291381227,1.944207420040454,3.398912868994686,4.303132303923901,3.933389571362308,5.782696985573109,6.586512990761548,19.568397420762903,28.13985441322624,31.25028561169439,13.430104873186773,15.085544259442699,71.48435086737052,4.645788440541712,2.5025891109209044,16.856081994148656,86.01715494172774
20260526_055253_cloud_ag_mot17_full_suite_merged,mot17,cloud_ag,pqc,ML-KEM-512,ML-DSA-87,7,5316,7,True,0,0,True,11.421172379951969,0.6639733477363562,0.32339832493853315,0.3477955096065029,0.6923496839453956,0.7186513747392869,0.6982472265003761,0.9334837951481472,6.422962570378558,0.0,8.485805337968179,2652.0165976624553,37.744758866121735,5.139996801591509,0.2222113115889706,3892.5816427331415,3596.3636125071403,145.983507837568,80.02077538626534,5.657666206359863,1.0874785014561243,1.8358078529052848,74.12110759114876,49.13701573149725,55.613841196256026,0.7155382384856542,4.813325200562498,0.5564843107056884,2.3218145189272286,4.19331600966092,0.3116049328095385,0.45914623276855776,0.6478458796183786,2.2273961685361656,0.5878777928718932,0.607517571404111,0.11472326842972212,0.23567245389675115,0.18676994658976773,2.1480167051777244,3.6568872564073116,4.812275692820549,3.9814187413347617,5.7880461432172785,6.639174092228392,19.73947456093878,28.26136486309011,31.783571779745735,14.568406045687965,14.958394811671225,70.47319914264081,4.692180405324415,2.4871463430196434,16.75692498899378,89.1768398269604
20260526_055253_cloud_ag_mot17_full_suite_merged,mot17,cloud_ag,pqc,ML-KEM-768,Falcon-1024,7,5316,7,True,0,0,True,11.425279992317812,0.6639733477363562,0.32339832493853315,0.3477955096065029,0.6923496839453956,0.7186513747392869,0.6982472265003761,0.9334837951481472,6.38982437954901,0.004124773998607243,8.452072350576675,2654.5523243925018,37.516910971294905,5.095609864856305,0.22322261718776026,3894.8671968728163,3596.3148890192674,143.35781410762243,80.02077538626534,3.0319888251168385,1.087475095476423,1.7948965443019926,74.30634887660317,49.153506477581104,80.54769872909502,22.477291879199804,26.89721030072265,0.5562712244833229,2.0277345779414726,4.121685897815402,0.25304084305863855,0.45327644009353335,0.421064378328514,2.183518892454607,0.5865714864291895,0.6470743474169822,0.1141844213680756,0.662016260173125,0.1270976490687925,2.0209518926484242,2.494705142453313,2.736403856958661,3.9170035826308385,5.729889856385333,6.5323863873657375,19.5625760227346,28.407576419914303,31.21143954583136,13.0056391705936,14.909757652746716,72.08460317665968,4.481143481243949,2.4760476075485167,16.64300538138207,81.14053411042403
20260526_055253_cloud_ag_mot17_full_suite_merged,mot17,cloud_ag,pqc,ML-KEM-768,Falcon-512,7,5316,7,True,0,0,True,11.487421458722903,0.6639733477363562,0.32339832493853315,0.3477955096065029,0.6923496839453956,0.7186513747392869,0.6982472265003761,0.9334837951481472,6.423392772880658,0.005224118092205,8.439155541291214,2655.5731213562435,37.71975262614414,5.126433073991117,0.22426901176828887,3897.480238590103,3592.209598784784,142.87639168330603,80.02077538626534,2.5505026408604214,1.0874825886317663,1.7873948213192794,73.90345233463302,49.1196989403947,66.65333235148518,8.35512059607676,12.920217810287363,0.5552176287813922,1.6052742305860233,4.1052439430646945,0.2437139584877823,0.45291950987323787,0.3457540912161304,2.173979746487889,0.5856260236880196,0.5887684134015332,0.11543395034926214,0.38200489733486404,0.11588734856563658,1.5692304254376463,2.063679455646447,2.301573085798217,3.905811413590397,5.721570350163217,6.551770333732877,19.536808145879633,28.499835049469343,31.67754754498288,11.271417410581506,15.116733497737226,73.61184909168128,4.463891057784328,2.4859094989048964,16.627581180782226,79.66685816691441
20260526_055253_cloud_ag_mot17_full_suite_merged,mot17,cloud_ag,pqc,ML-KEM-768,Falcon-padded-1024,7,5316,7,True,0,0,True,11.568480708196903,0.6639733477363562,0.32339832493853315,0.3477955096065029,0.6923496839453956,0.7186513747392869,0.6982472265003761,0.9334837951481472,6.431277716700678,0.0019741031628104427,8.506134298617356,2658.966899865223,37.51400291469968,5.178389969709558,0.22177258025312735,3899.6290709521822,3563.989126314092,143.36512361254012,80.02077538626534,3.0393026896885464,1.0874879019601005,1.795010065492754,72.23223052971333,47.69501158822282,77.7103754752759,19.400620744341897,23.887913202911257,0.5565953023772608,2.023851244579123,4.1119534206328465,0.25460544938576185,0.45204443151636287,0.4013504195242264,2.1569162704398925,0.5611868545225739,0.6128545294245876,0.10905577436151825,0.6430079929922522,0.123001789693611,2.014047699049115,2.4758745250957355,2.6928925520873497,3.9154839968042716,5.715692271145859,6.487492059823126,19.078868727739366,27.892740712753795,30.541607645513473,13.151966784877573,15.168436733651907,71.67959648147053,4.613032222419473,2.548574996405716,17.148740382776044,81.16283861932867
20260526_055253_cloud_ag_mot17_full_suite_merged,mot17,cloud_ag,pqc,ML-KEM-768,Falcon-padded-512,7,5316,7,True,0,0,True,11.551346308149123,0.6639733477363562,0.32339832493853315,0.3477955096065029,0.6923496839453956,0.7186513747392869,0.6982472265003761,0.9334837951481472,6.4379694182745775,0.004453097028284986,8.509178651734935,2659.342630500486,37.40739710714977,5.195973051507876,0.2217398827886852,3901.674043868347,3551.9248235173677,142.88418565477645,80.02077538626534,2.5583156858171736,1.0874809537615096,1.7875165325005198,73.00200295909795,48.53556897165599,66.03403032169722,8.040027737262703,12.495671828565676,0.5569862769272342,1.6021361291687206,4.105362414241385,0.2433037606013873,0.4543808165872059,0.33063967834458946,2.148363441095032,0.5777003060832705,0.5743998585414506,0.11081098098598141,0.37754655755998395,0.11333390045143137,1.5410965508116143,2.0499005531226944,2.275263355778796,3.8769544501389777,5.716509631435786,6.542156177373337,19.332997276553083,27.912291235013203,30.875783870866403,11.335669663815617,15.27163061538074,73.39269972080365,4.5306938886701476,2.5226549835489727,16.964989633125462,79.69077526207927
20260526_055253_cloud_ag_mot17_full_suite_merged,mot17,cloud_ag,pqc,ML-KEM-768,ML-DSA-44,7,5316,7,True,0,0,True,11.54138748401652,0.6639733477363562,0.32339832493853315,0.3477955096065029,0.6923496839453956,0.7186513747392869,0.6982472265003761,0.9334837951481472,6.3872675138280295,0.0,8.467374909865727,2661.998979643296,37.80447957099318,5.162312668140217,0.22170437894013517,3902.9536193811696,3596.491035086866,144.25672354016984,80.02077538626534,3.930851936340332,1.0874791826520647,1.8089023316709418,73.57037499286093,48.943055766325024,59.46954150429173,0.6723245162339436,5.139213302061849,0.5560209372173416,1.7969375207233698,4.142380941215604,0.2725945859875818,0.45575462265353384,0.4171977062267512,2.192536696734887,0.5821011653167164,0.5712319494257885,0.11140728275761845,0.17656146174229218,0.14633851677903814,1.6972932831517287,2.7016118933845843,3.3495742119183496,3.9155613132087246,5.759577315101134,6.557880448110933,19.615182306712228,28.112756000518687,31.737715441917178,12.191338239551538,15.199668270183798,72.60899349026467,4.606352978583671,2.5085039345132643,16.948732933317068,83.8916571436232
20260526_055253_cloud_ag_mot17_full_suite_merged,mot17,cloud_ag,pqc,ML-KEM-768,ML-DSA-65,7,5316,7,True,0,0,True,11.457471058242273,0.6639733477363562,0.32339832493853315,0.3477955096065029,0.6923496839453956,0.7186513747392869,0.6982472265003761,0.9334837951481472,6.439454426287347,0.0016106442577030716,8.502583754180494,2745.3959029699786,37.72587340863745,5.139988211103926,0.22126484096943191,3904.624136685324,3591.359373871663,144.95119789668493,80.02077538626534,4.625327382768903,1.0874840872628349,1.8197228294794916,73.59846595946367,48.86609091621608,59.42279643135233,0.7541896331877936,5.030733098032043,0.5593177047182184,2.1176792730235716,4.169307404468225,0.3014755374379741,0.4622611155915175,0.49823860525608155,2.188477323425496,0.5805064921532879,0.5860349284344436,0.11223579108943212,0.22027309094356504,0.163359366656557,1.9484271428414754,3.484211286662944,4.475924621801823,3.943127563356289,5.7703325391880105,6.598681789889399,19.64593513646403,28.145466453174713,31.196517245977052,13.521643833631197,15.110875656121777,71.36748051024702,4.649105726182934,2.504549573938261,16.84168146674487,86.01716356191018
20260526_055253_cloud_ag_mot17_full_suite_merged,mot17,cloud_ag,pqc,ML-KEM-768,ML-DSA-87,7,5316,7,True,0,0,True,11.446301519398455,0.6639733477363562,0.32339832493853315,0.3477955096065029,0.6923496839453956,0.7186513747392869,0.6982472265003761,0.9334837951481472,6.415779221023818,0.0027289740138365286,8.493025852998459,2711.7473828463,37.63698094658683,5.159349224759266,0.22115077892602134,3905.980174038352,3589.3581983630243,145.98350402287073,80.02077538626534,5.6576738357543945,1.0874813624790736,1.835807797195512,73.73125771343362,48.830105072649836,60.46756592279832,0.7296220975972358,5.1101028719650845,0.5526783879579432,2.3349996715984953,4.186711114500137,0.3061373349755582,0.45450058627271395,0.6422305643158144,2.1984176142473957,0.581062906706338,0.6022516244842606,0.11181105800885065,0.23393041086145733,0.18601865298106063,2.176456286438874,3.7081804043347275,4.609672844276895,3.9566866055663144,5.80358733090439,6.702456585397677,19.761376451584912,28.194979885298434,31.554219653152565,14.58828531711048,14.934688189949222,70.47702649294028,4.716807023192254,2.500378705959606,16.825178479788715,89.17685326199482
20260526_055253_cloud_ag_mot17_full_suite_merged,mot17,cloud_ag,classical,CLASSICAL,CLASSICAL,7,5316,7,True,0,0,True,11.37235775276736,0.6639733477363562,0.32339832493853315,0.3477955096065029,0.6923496839453956,0.7186513747392869,0.6982472265003761,0.9334837951481472,6.442759540281862,0.0011734693877551,8.450432509113142,2248.270981853265,41.44242714715474,5.097924971191147,0.21914452361207298,3774.0792617841857,3830.0484045476574,142.3633279800415,80.02077538626534,2.037461280822754,1.0874779564993722,1.7794008702180937,72.14300010911329,48.473969368540224,62.71979119905847,0.37383097445680985,7.021759980402533,0.5671276918849131,0.0,4.07520117662602,0.2265188295294053,0.44569963561675696,0.0,2.215302517490745,0.5770108422386881,0.0,0.11218365512073365,0.0,0.09353842240249359,0.0,0.0,0.0,3.839229715854994,5.7801045128144315,6.57582873811147,19.368850280876675,28.06378368361624,31.200067020382622,4.3229862967849275,16.23888729009035,79.4381264131247,4.538874611102022,2.548795078221032,17.011019177100952,78.09662203483342
